state,year,month,HIL,HIR,JOL,JOR,LDL,LDR,OSL,OSR,QUL,QUR,TSL,TSR,UOR
0,2012,1,4457,3.3,3909,2.8,1797,1.3,332,0.2,2030,1.5,4158,3.1,3.3
0,2012,2,4560,3.4,3616,2.6,1903,1.4,315,0.2,2130,1.6,4349,3.3,3.5
0,2012,3,4575,3.4,3979,2.9,1784,1.3,326,0.2,2167,1.6,4277,3.2,3.2
0,2012,4,4389,3.3,3793,2.8,1880,1.4,319,0.2,2134,1.6,4333,3.2,3.3
0,2012,5,4533,3.4,3835,2.8,1969,1.5,331,0.2,2138,1.6,4437,3.3,3.3
0,2012,6,4440,3.3,3911,2.8,1892,1.4,339,0.3,2152,1.6,4382,3.3,3.2
0,2012,7,4327,3.2,3735,2.7,1722,1.3,357,0.3,2072,1.5,4151,3.1,3.4
0,2012,8,4450,3.3,3809,2.8,1894,1.4,356,0.3,2069,1.5,4318,3.2,3.3
0,2012,9,4302,3.2,3882,2.8,1805,1.3,337,0.3,1950,1.4,4092,3,3.1
0,2012,10,4389,3.3,3775,2.7,1891,1.4,336,0.2,2035,1.5,4261,3.2,3.2
0,2012,11,4489,3.3,3878,2.8,1921,1.4,347,0.3,2078,1.5,4347,3.2,3.1
0,2012,12,4452,3.3,3970,2.9,1700,1.3,367,0.3,2051,1.5,4118,3,3.1
0,2013,1,4487,3.3,3923,2.8,1678,1.2,388,0.3,2280,1.7,4347,3.2,3.2
0,2013,2,4571,3.4,4004,2.9,1664,1.2,331,0.2,2298,1.7,4293,3.2,3
0,2013,3,4369,3.2,4076,2.9,1787,1.3,331,0.2,2124,1.6,4241,3.1,2.9
0,2013,4,4572,3.4,3988,2.9,1793,1.3,334,0.2,2296,1.7,4422,3.3,2.9
0,2013,5,4663,3.4,4145,3,1836,1.3,371,0.3,2234,1.6,4442,3.3,2.8
0,2013,6,4440,3.3,4150,3,1761,1.3,342,0.3,2203,1.6,4307,3.2,2.8
0,2013,7,4561,3.3,3885,2.8,1713,1.3,345,0.3,2363,1.7,4421,3.2,2.9
0,2013,8,4730,3.5,4085,2.9,1816,1.3,362,0.3,2316,1.7,4493,3.3,2.8
0,2013,9,4726,3.5,4128,2.9,1892,1.4,325,0.2,2302,1.7,4519,3.3,2.7
0,2013,10,4518,3.3,4222,3,1675,1.2,303,0.2,2372,1.7,4350,3.2,2.6
0,2013,11,4622,3.4,4119,2.9,1630,1.2,346,0.3,2391,1.7,4367,3.2,2.6
0,2013,12,4614,3.4,4121,2.9,1770,1.3,334,0.2,2287,1.7,4392,3.2,2.5
0,2014,1,4626,3.4,4127,2.9,1806,1.3,319,0.2,2311,1.7,4435,3.2,2.5
0,2014,2,4696,3.4,4373,3.1,1767,1.3,371,0.3,2411,1.8,4549,3.3,2.4
0,2014,3,4763,3.5,4388,3.1,1703,1.2,367,0.3,2449,1.8,4518,3.3,2.4
0,2014,4,4880,3.5,4566,3.2,1764,1.3,358,0.3,2474,1.8,4597,3.3,2.1
0,2014,5,4808,3.5,4747,3.3,1710,1.2,379,0.3,2483,1.8,4572,3.3,2.1
0,2014,6,4925,3.5,4982,3.5,1761,1.3,345,0.2,2507,1.8,4612,3.3,1.9
0,2014,7,5008,3.6,4846,3.4,1781,1.3,334,0.2,2633,1.9,4748,3.4,2
0,2014,8,4810,3.5,5349,3.7,1699,1.2,375,0.3,2549,1.8,4623,3.3,1.8
0,2014,9,5149,3.7,4914,3.4,1718,1.2,405,0.3,2732,2,4855,3.5,1.9
0,2014,10,5111,3.7,5012,3.5,1835,1.3,384,0.3,2718,1.9,4937,3.5,1.8
0,2014,11,4978,3.6,4843,3.3,1726,1.2,356,0.3,2600,1.9,4682,3.3,1.9
0,2014,12,5192,3.7,5130,3.5,1857,1.3,419,0.3,2552,1.8,4827,3.4,1.7
0,2015,1,5061,3.6,5344,3.7,1789,1.3,333,0.2,2764,2,4886,3.5,1.7
0,2015,2,5127,3.6,5466,3.7,1757,1.2,371,0.3,2741,1.9,4869,3.5,1.6
0,2015,3,5126,3.6,5210,3.6,1973,1.4,375,0.3,2754,2,5102,3.6,1.6
0,2015,4,5196,3.7,5598,3.8,1856,1.3,383,0.3,2705,1.9,4944,3.5,1.5
0,2015,5,5142,3.6,5563,3.8,1711,1.2,371,0.3,2743,1.9,4825,3.4,1.6
0,2015,6,5125,3.6,5248,3.6,1821,1.3,400,0.3,2756,1.9,4978,3.5,1.6
0,2015,7,5150,3.6,6056,4.1,1703,1.2,381,0.3,2764,1.9,4848,3.4,1.3
0,2015,8,5163,3.6,5467,3.7,1773,1.2,380,0.3,2879,2,5032,3.5,1.5
0,2015,9,5287,3.7,5488,3.7,1964,1.4,367,0.3,2778,2,5110,3.6,1.4
0,2015,10,5338,3.7,5773,3.9,1845,1.3,378,0.3,2810,2,5032,3.5,1.4
0,2015,11,5358,3.8,5708,3.8,1779,1.2,414,0.3,2897,2,5089,3.6,1.4
0,2015,12,5540,3.9,5845,3.9,1803,1.3,366,0.3,3056,2.1,5225,3.7,1.4
0,2016,1,5220,3.6,6012,4,1805,1.3,419,0.3,2875,2,5099,3.6,1.3
0,2016,2,5470,3.8,5770,3.9,1894,1.3,376,0.3,2994,2.1,5265,3.7,1.3
0,2016,3,5359,3.7,6129,4.1,1850,1.3,366,0.3,2917,2,5133,3.6,1.3
0,2016,4,5294,3.7,5803,3.9,1771,1.2,384,0.3,2955,2.1,5110,3.6,1.4
0,2016,5,5197,3.6,5777,3.9,1825,1.3,342,0.2,3009,2.1,5176,3.6,1.3
0,2016,6,5281,3.7,5742,3.8,1750,1.2,350,0.2,3018,2.1,5118,3.6,1.3
0,2016,7,5426,3.8,5962,4,1759,1.2,339,0.2,2967,2.1,5065,3.5,1.3
0,2016,8,5327,3.7,5677,3.8,1860,1.3,345,0.2,2998,2.1,5204,3.6,1.4
0,2016,9,5306,3.7,5868,3.9,1588,1.1,350,0.2,3047,2.1,4985,3.4,1.4
0,2016,10,5210,3.6,5591,3.7,1664,1.1,387,0.3,3074,2.1,5125,3.5,1.4
0,2016,11,5308,3.7,5971,4,1751,1.2,362,0.2,3026,2.1,5139,3.5,1.3
0,2016,12,5343,3.7,5964,3.9,1708,1.2,374,0.3,2989,2.1,5071,3.5,1.3
0,2017,1,5499,3.8,5617,3.7,1745,1.2,387,0.3,3188,2.2,5320,3.7,1.3
0,2017,2,5350,3.7,5923,3.9,1711,1.2,376,0.3,3089,2.1,5176,3.5,1.2
0,2017,3,5395,3.7,5811,3.8,1762,1.2,369,0.3,3150,2.2,5280,3.6,1.2
0,2017,4,5272,3.6,6091,4,1710,1.2,353,0.2,3028,2.1,5091,3.5,1.2
0,2017,5,5477,3.7,5826,3.8,1794,1.2,364,0.2,3111,2.1,5270,3.6,1.2
0,2017,6,5635,3.8,6305,4.1,1970,1.3,339,0.2,3154,2.2,5463,3.7,1.1
0,2017,7,5497,3.7,6238,4.1,1910,1.3,332,0.2,3097,2.1,5338,3.6,1.1
0,2017,8,5519,3.8,6276,4.1,1868,1.3,362,0.2,3103,2.1,5334,3.6,1.1
0,2017,9,5450,3.7,6320,4.1,1787,1.2,312,0.2,3190,2.2,5289,3.6,1.1
0,2017,10,5581,3.8,6408,4.2,1837,1.2,341,0.2,3219,2.2,5397,3.7,1
0,2017,11,5494,3.7,6271,4.1,1747,1.2,349,0.2,3186,2.2,5283,3.6,1.1
0,2017,12,5421,3.7,6336,4.1,1732,1.2,295,0.2,3222,2.2,5249,3.6,1
0,2018,1,5512,3.7,6621,4.3,1932,1.3,337,0.2,3019,2,5288,3.6,1
0,2018,2,5624,3.8,6552,4.2,1771,1.2,326,0.2,3222,2.2,5319,3.6,1
0,2018,3,5623,3.8,6818,4.4,1795,1.2,382,0.3,3323,2.2,5500,3.7,0.9
0,2018,4,5590,3.8,6877,4.4,1727,1.2,344,0.2,3370,2.3,5441,3.7,0.9
0,2018,5,5859,3.9,7016,4.5,1775,1.2,335,0.2,3382,2.3,5492,3.7,0.9
0,2018,6,5760,3.9,7230,4.6,1822,1.2,362,0.2,3382,2.3,5566,3.7,0.9
0,2018,7,5649,3.8,7190,4.6,1806,1.2,345,0.2,3426,2.3,5577,3.7,0.9
0,2018,8,5815,3.9,7208,4.6,1803,1.2,317,0.2,3423,2.3,5543,3.7,0.9
0,2018,9,5625,3.8,7411,4.7,1764,1.2,339,0.2,3391,2.3,5494,3.7,0.8
0,2018,10,5907,4,7304,4.7,1813,1.2,331,0.2,3458,2.3,5602,3.7,0.9
0,2018,11,5826,3.9,7594,4.8,1938,1.3,344,0.2,3511,2.3,5793,3.9,0.8
0,2018,12,5768,3.9,7489,4.8,1839,1.2,308,0.2,3407,2.3,5554,3.7,0.9
0,2019,1,5786,3.9,7502,4.8,1705,1.1,327,0.2,3517,2.3,5549,3.7,0.9
0,2019,2,5704,3.8,7066,4.5,1763,1.2,343,0.2,3547,2.4,5653,3.8,0.9
0,2019,3,5689,3.8,7317,4.6,1690,1.1,324,0.2,3529,2.3,5543,3.7,0.8
0,2019,4,6016,4,7272,4.6,1963,1.3,313,0.2,3501,2.3,5777,3.8,0.8
0,2019,5,5686,3.8,7275,4.6,1775,1.2,309,0.2,3472,2.3,5556,3.7,0.8
0,2019,6,5801,3.8,7194,4.6,1780,1.2,320,0.2,3474,2.3,5574,3.7,0.8
0,2019,7,5871,3.9,7042,4.5,1833,1.2,352,0.2,3654,2.4,5839,3.9,0.9
0,2019,8,5900,3.9,7178,4.5,1808,1.2,309,0.2,3540,2.3,5657,3.7,0.8
0,2019,9,5963,3.9,7124,4.5,1970,1.3,338,0.2,3447,2.3,5755,3.8,0.8
0,2019,10,5781,3.8,7289,4.6,1819,1.2,359,0.2,3452,2.3,5631,3.7,0.8
0,2019,11,5847,3.9,6888,4.3,1782,1.2,353,0.2,3541,2.3,5675,3.7,0.9
0,2019,12,5951,3.9,6699,4.2,1931,1.3,353,0.2,3487,2.3,5771,3.8,0.9
0,2020,1,5981,3.9,7124,4.5,1808,1.2,370,0.2,3563,2.3,5741,3.8,0.8
0,2020,2,5990,3.9,6966,4.4,1954,1.3,313,0.2,3497,2.3,5764,3.8,0.8
0,2020,3,5171,3.4,5894,3.8,12985,8.6,357,0.2,2933,1.9,16275,10.8,1.2
0,2020,4,4029,3.1,4606,3.4,9170,7,369,0.3,1991,1.5,11531,8.8,5
0,2020,5,8133,6.1,5612,4,2139,1.6,320,0.2,2259,1.7,4718,3.5,3.7
0,2020,6,7477,5.4,6129,4.3,2245,1.6,338,0.2,2594,1.9,5176,3.8,2.9
0,2020,7,6320,4.5,6530,4.5,1827,1.3,345,0.2,3020,2.2,5191,3.7,2.5
0,2020,8,6004,4.3,6429,4.4,1560,1.1,322,0.2,2931,2.1,4813,3.4,2.1
0,2020,9,5966,4.2,6511,4.4,1567,1.1,371,0.3,3185,2.2,5123,3.6,1.9
0,2020,10,6091,4.3,6798,4.6,1697,1.2,347,0.2,3311,2.3,5356,3.8,1.6
0,2020,11,5894,4.1,6820,4.6,2097,1.5,325,0.2,3209,2.2,5631,3.9,1.6
0,2020,12,5577,3.9,6773,4.5,1906,1.3,325,0.2,3369,2.4,5601,3.9,1.6
0,2021,1,5598,3.9,7162,4.8,1567,1.1,286,0.2,3292,2.3,5145,3.6,1.4
0,2021,2,5813,4.1,7827,5.2,1628,1.1,328,0.2,3373,2.4,5329,3.7,1.3
0,2021,3,6158,4.3,8499,5.6,1500,1,334,0.2,3654,2.5,5488,3.8,1.1
0,2021,4,6138,4.2,9346,6.1,1402,1,354,0.2,3943,2.7,5699,3.9,1
0,2021,5,5981,4.1,9954,6.4,1351,0.9,347,0.2,3817,2.6,5515,3.8,0.9
0,2021,6,6535,4.5,10319,6.6,1335,0.9,388,0.3,4017,2.8,5741,3.9,0.9
0,2021,7,6720,4.6,10983,7,1410,1,349,0.2,4059,2.8,5818,4,0.8
0,2021,8,6394,4.3,10872,6.9,1332,0.9,372,0.3,4171,2.8,5875,4,0.8
0,2021,9,6632,4.5,10834,6.8,1411,1,353,0.2,4354,2.9,6118,4.1,0.7
0,2021,10,6678,4.5,11238,7,1313,0.9,390,0.3,4153,2.8,5856,3.9,0.6
0,2021,11,6911,4.6,11199,7,1348,0.9,391,0.3,4453,3,6192,4.1,0.6
0,2021,12,6686,4.5,11520,7.1,1403,0.9,386,0.3,4314,2.9,6103,4.1,0.6
0,2022,1,6431,4.3,11210,7,1423,0.9,411,0.3,4413,2.9,6247,4.2,0.6
0,2022,2,6801,4.5,11698,7.2,1401,0.9,351,0.2,4233,2.8,5986,4,0.5
0,2022,3,6619,4.4,12301,7.5,1377,0.9,356,0.2,4447,2.9,6181,4.1,0.5
0,2022,4,6528,4.3,11861,7.3,1312,0.9,326,0.2,4499,3,6138,4,0.5
0,2022,5,6440,4.2,11535,7.1,1500,1,342,0.2,4237,2.8,6079,4,0.5
0,2022,6,6487,4.3,11283,6.9,1528,1,347,0.2,4165,2.7,6039,4,0.5
0,2022,7,6478,4.2,11576,7,1462,1,346,0.2,4031,2.6,5839,3.8,0.5
0,2022,8,6448,4.2,10092,6.2,1606,1,374,0.2,4258,2.8,6238,4.1,0.6
0,2022,9,6201,4,10800,6.6,1445,0.9,307,0.2,4134,2.7,5886,3.8,0.5
0,2022,10,6151,4,10447,6.4,1553,1,276,0.2,3956,2.6,5784,3.8,0.6
0,2022,11,6180,4,10632,6.4,1472,1,325,0.2,4083,2.6,5881,3.8,0.6
0,2022,12,6163,4,10902,6.6,1535,1,344,0.2,4125,2.7,6004,3.9,0.5
0,2023,1,6370,4.1,10318,6.2,1767,1.1,278,0.2,3839,2.5,5885,3.8,0.6
0,2023,2,5989,3.9,9857,6,1535,1,314,0.2,3917,2.5,5767,3.7,0.6
0,2023,3,5925,3.8,9655,5.9,1903,1.2,281,0.2,3800,2.4,5984,3.9,0.6
0,2023,4,5876,3.8,9966,6,1654,1.1,299,0.2,3617,2.3,5570,3.6,0.6
0,2023,5,6119,3.9,9368,5.7,1540,1,301,0.2,3999,2.6,5840,3.8,0.6
0,2023,6,5928,3.8,9180,5.6,1658,1.1,329,0.2,3693,2.4,5680,3.6,0.7
0,2023,7,5672,3.6,8657,5.3,1677,1.1,336,0.2,3552,2.3,5564,3.6,0.7
0,2023,8,5846,3.7,9254,5.6,1675,1.1,356,0.2,3621,2.3,5651,3.6,0.7
0,2023,9,5773,3.7,9259,5.6,1531,1,333,0.2,3644,2.3,5507,3.5,0.7
0,2023,10,5765,3.7,8580,5.2,1623,1,333,0.2,3574,2.3,5530,3.5,0.8
0,2023,11,5535,3.5,8602,5.2,1554,1,364,0.2,3576,2.3,5494,3.5,0.7
0,2023,12,5583,3.6,8520,5.2,1685,1.1,333,0.2,3412,2.2,5430,3.5,0.7
0,2024,1,5591,3.6,8378,5.1,1641,1,380,0.2,3347,2.1,5367,3.4,0.7
0,2024,2,5618,3.6,8440,5.1,1692,1.1,340,0.2,3482,2.2,5513,3.5,0.8
0,2024,3,5452,3.5,8206,5,1647,1,329,0.2,3289,2.1,5265,3.3,0.8
0,2024,4,5469,3.5,7529,4.6,1548,1,384,0.2,3438,2.2,5370,3.4,0.9
0,2024,5,5492,3.5,7782,4.7,1747,1.1,291,0.2,3386,2.1,5424,3.4,0.9
0,2024,6,5137,3.3,7416,4.5,1497,0.9,305,0.2,3280,2.1,5082,3.2,0.9
0,2024,7,5430,3.4,7426,4.5,1711,1.1,321,0.2,3359,2.1,5390,3.4,1
0,2024,8,5204,3.3,7520,4.6,1683,1.1,303,0.2,3240,2.1,5226,3.3,0.9
0,2024,9,5427,3.4,6943,4.2,1780,1.1,258,0.2,3123,2,5160,3.3,1
0,2024,10,5228,3.3,7379,4.5,1650,1,271,0.2,3215,2,5137,3.3,0.9
0,2024,11,5155,3.3,7566,4.6,1831,1.2,275,0.2,3050,1.9,5156,3.3,0.9
0,2024,12,5292,3.3,7295,4.4,1689,1.1,275,0.2,3085,1.9,5049,3.2,0.9
0,2025,1,5238,3.3,7431,4.5,1738,1.1,301,0.2,3203,2,5241,3.3,0.9
0,2025,2,5236,3.3,7242,4.4,1867,1.2,265,0.2,3153,2,5285,3.3,1
0,2025,3,5333,3.4,6952,4.2,1595,1,237,0.1,3456,2.2,5288,3.3,1
0,2025,4,5391,3.4,7098,4.3,1818,1.1,307,0.2,3144,2,5270,3.3,1
0,2025,5,5328,3.4,7310,4.4,1671,1.1,331,0.2,3287,2.1,5288,3.3,1
0,2025,6,5327,3.4,7204,4.3,1843,1.2,335,0.2,3254,2.1,5432,3.4,1
0,2025,7,5225,3.3,7089,4.3,1772,1.1,266,0.2,3132,2,5170,3.3,1
0,2025,8,5145,3.2,6919,4.2,1832,1.2,280,0.2,3095,2,5207,3.3,1.1
0,2025,9,5244,3.3,7169,4.3,1816,1.1,356,0.2,2990,1.9,5161,3.3,1.1
0,2025,10,5180,3.3,7170,4.3,1891,1.2,255,0.2,2980,1.9,5125,3.2,
0,2025,11,5019,3.2,6846,4.1,1660,1,256,0.2,3119,2,5035,3.2,1.1
0,2025,12,5272,3.3,6550,4,1666,1.1,312,0.2,3225,2,5203,3.3,1.1
1,2012,1,72,3.8,66,3.4,30,1.6,,,35,1.8,69,3.6,2.8
1,2012,2,80,4.2,68,3.5,32,1.7,,,36,1.9,74,3.9,2.7
1,2012,3,71,3.7,82,4.1,25,1.3,,,36,1.9,67,3.5,2.2
1,2012,4,73,3.8,61,3.1,34,1.8,,,32,1.7,70,3.7,3
1,2012,5,71,3.7,62,3.2,40,2.1,,,32,1.7,77,4,3
1,2012,6,66,3.5,61,3.1,24,1.3,,,33,1.7,63,3.3,3
1,2012,7,66,3.5,56,2.9,21,1.1,,,31,1.6,57,3,3.2
1,2012,8,68,3.6,52,2.7,29,1.5,,,30,1.6,63,3.3,3.4
1,2012,9,69,3.6,65,3.3,29,1.5,,,35,1.8,68,3.6,2.7
1,2012,10,64,3.3,50,2.5,26,1.4,,,29,1.5,60,3.1,3.4
1,2012,11,64,3.3,50,2.5,22,1.1,,,30,1.6,57,3,3.4
1,2012,12,61,3.2,51,2.6,24,1.3,,,27,1.4,55,2.9,3.3
1,2013,1,64,3.3,54,2.7,24,1.3,,,29,1.5,59,3.1,3.1
1,2013,2,83,4.3,54,2.7,20,1,,,35,1.8,60,3.1,3.1
1,2013,3,58,3,59,3,25,1.3,,,31,1.6,61,3.2,2.8
1,2013,4,66,3.4,56,2.8,26,1.4,,,34,1.8,64,3.3,2.9
1,2013,5,68,3.5,54,2.7,29,1.5,,,31,1.6,66,3.4,3
1,2013,6,68,3.5,54,2.7,27,1.4,,,30,1.6,63,3.3,3
1,2013,7,60,3.1,49,2.5,29,1.5,,,35,1.8,69,3.6,3.2
1,2013,8,62,3.2,49,2.5,26,1.4,,,31,1.6,64,3.3,3.2
1,2013,9,65,3.4,47,2.4,29,1.5,,,30,1.6,64,3.3,3.4
1,2013,10,58,3,51,2.6,31,1.6,,,29,1.5,64,3.3,3.1
1,2013,11,62,3.2,52,2.6,21,1.1,,,32,1.7,57,3,3
1,2013,12,66,3.4,50,2.5,25,1.3,,,30,1.6,59,3.1,3.1
1,2014,1,61,3.2,49,2.5,24,1.2,,,30,1.6,59,3.1,3.2
1,2014,2,54,2.8,51,2.6,21,1.1,,,31,1.6,57,3,3
1,2014,3,61,3.2,51,2.6,21,1.1,,,30,1.6,57,2.9,3
1,2014,4,60,3.1,54,2.7,21,1.1,,,31,1.6,57,2.9,2.8
1,2014,5,61,3.1,58,2.9,18,0.9,,,36,1.9,59,3,2.6
1,2014,6,61,3.1,61,3,21,1.1,,,29,1.5,55,2.8,2.4
1,2014,7,68,3.5,59,2.9,18,0.9,,,33,1.7,56,2.9,2.5
1,2014,8,65,3.3,72,3.6,24,1.2,,,31,1.6,60,3.1,2
1,2014,9,67,3.4,64,3.2,21,1.1,,,37,1.9,63,3.2,2.2
1,2014,10,82,4.2,69,3.4,24,1.2,,,43,2.2,71,3.6,2
1,2014,11,67,3.4,60,3,22,1.1,,,39,2,67,3.4,2.3
1,2014,12,82,4.2,66,3.3,23,1.2,,,37,1.9,70,3.6,2
1,2015,1,69,3.5,68,3.4,25,1.3,,,38,1.9,69,3.5,2
1,2015,2,69,3.5,62,3.1,24,1.2,,,37,1.9,66,3.4,2.1
1,2015,3,83,4.2,66,3.3,23,1.2,,,39,2,66,3.4,2
1,2015,4,72,3.7,69,3.4,19,1,,,42,2.1,67,3.4,1.9
1,2015,5,69,3.5,72,3.5,18,0.9,,,38,1.9,62,3.1,1.9
1,2015,6,74,3.8,67,3.3,21,1.1,,,44,2.2,70,3.6,2
1,2015,7,72,3.7,85,4.1,18,0.9,,,36,1.8,59,3,1.6
1,2015,8,70,3.5,83,4,19,1,,,43,2.2,66,3.3,1.6
1,2015,9,78,3.9,79,3.8,23,1.2,,,37,1.9,64,3.2,1.7
1,2015,10,79,4,81,3.9,22,1.1,,,39,2,68,3.4,1.6
1,2015,11,78,3.9,86,4.2,26,1.3,,,35,1.8,66,3.3,1.5
1,2015,12,78,3.9,78,3.8,27,1.4,,,44,2.2,76,3.8,1.7
1,2016,1,70,3.5,82,4,17,0.9,,,37,1.9,59,3,1.6
1,2016,2,74,3.7,79,3.8,28,1.4,,,41,2.1,74,3.7,1.6
1,2016,3,73,3.7,83,4,35,1.8,,,40,2,81,4.1,1.5
1,2016,4,75,3.8,75,3.6,19,1,,,41,2.1,64,3.2,1.7
1,2016,5,75,3.8,78,3.8,23,1.2,,,42,2.1,70,3.5,1.6
1,2016,6,74,3.7,77,3.7,23,1.2,,,43,2.2,71,3.6,1.6
1,2016,7,91,4.6,76,3.7,30,1.5,,,45,2.3,79,4,1.7
1,2016,8,84,4.2,75,3.6,29,1.5,,,44,2.2,79,4,1.7
1,2016,9,83,4.1,74,3.6,20,1,,,41,2,68,3.4,1.7
1,2016,10,72,3.6,68,3.3,27,1.3,,,40,2,75,3.7,1.9
1,2016,11,92,4.6,73,3.5,20,1,,,37,1.8,63,3.1,1.7
1,2016,12,85,4.2,73,3.5,20,1,,,42,2.1,67,3.3,1.7
1,2017,1,77,3.8,70,3.4,18,0.9,,,38,1.9,60,3,1.7
1,2017,2,75,3.7,69,3.3,21,1,,,40,2,67,3.3,1.7
1,2017,3,77,3.8,65,3.1,26,1.3,,,46,2.3,76,3.8,1.7
1,2017,4,67,3.3,77,3.7,22,1.1,,,43,2.1,69,3.4,1.4
1,2017,5,82,4.1,71,3.4,24,1.2,,,48,2.4,78,3.9,1.4
1,2017,6,82,4.1,84,4,23,1.1,,,48,2.4,75,3.7,1.2
1,2017,7,81,4,85,4,25,1.2,,,47,2.3,76,3.8,1.1
1,2017,8,83,4.1,78,3.7,21,1,,,48,2.4,74,3.7,1.2
1,2017,9,81,4,83,3.9,22,1.1,,,48,2.4,74,3.7,1.1
1,2017,10,83,4.1,83,3.9,22,1.1,,,54,2.7,81,4,1.1
1,2017,11,89,4.4,82,3.9,36,1.8,,,53,2.6,93,4.6,1.1
1,2017,12,78,3.9,85,4,24,1.2,,,52,2.6,80,4,1
1,2018,1,95,4.7,81,3.8,31,1.5,,,53,2.6,91,4.5,1.1
1,2018,2,88,4.3,90,4.2,26,1.3,,,52,2.6,83,4.1,1
1,2018,3,86,4.2,97,4.5,22,1.1,,,51,2.5,79,3.9,0.9
1,2018,4,85,4.2,87,4.1,22,1.1,,,47,2.3,73,3.6,1
1,2018,5,83,4.1,97,4.5,23,1.1,,,56,2.7,84,4.1,0.9
1,2018,6,86,4.2,92,4.3,30,1.5,,,40,2,75,3.7,1
1,2018,7,78,3.8,94,4.4,23,1.1,,,49,2.4,78,3.8,0.9
1,2018,8,76,3.7,96,4.5,22,1.1,,,43,2.1,69,3.4,0.9
1,2018,9,76,3.7,95,4.4,24,1.2,,,47,2.3,75,3.7,0.9
1,2018,10,76,3.7,93,4.3,21,1,,,45,2.2,70,3.4,0.9
1,2018,11,75,3.6,94,4.4,24,1.2,,,48,2.3,77,3.7,0.9
1,2018,12,76,3.7,92,4.3,20,1,,,46,2.2,71,3.4,0.9
1,2019,1,79,3.8,95,4.4,24,1.2,,,47,2.3,77,3.7,0.9
1,2019,2,81,3.9,87,4,23,1.1,,,54,2.6,82,4,0.9
1,2019,3,78,3.8,96,4.4,21,1,,,49,2.4,75,3.6,0.8
1,2019,4,83,4,99,4.6,28,1.3,,,50,2.4,86,4.1,0.8
1,2019,5,79,3.8,97,4.5,19,0.9,,,49,2.4,72,3.5,0.7
1,2019,6,78,3.8,97,4.5,20,1,,,52,2.5,79,3.8,0.7
1,2019,7,87,4.2,91,4.2,21,1,,,46,2.2,72,3.5,0.7
1,2019,8,79,3.8,93,4.3,25,1.2,,,55,2.6,85,4.1,0.7
1,2019,9,78,3.7,102,4.7,30,1.4,,,52,2.5,89,4.3,0.7
1,2019,10,74,3.6,107,4.9,18,0.9,,,46,2.2,68,3.3,0.6
1,2019,11,80,3.8,96,4.4,15,0.7,,,56,2.7,76,3.6,0.7
1,2019,12,77,3.7,85,3.9,26,1.2,,,52,2.5,87,4.2,0.8
1,2020,1,78,3.7,100,4.6,19,0.9,,,54,2.6,78,3.7,0.7
1,2020,2,82,3.9,99,4.5,19,0.9,,,52,2.5,76,3.6,0.7
1,2020,3,76,3.7,79,3.7,91,4.4,,,32,1.5,127,6.1,1
1,2020,4,56,3,71,3.7,90,4.9,,,29,1.6,123,6.7,4.2
1,2020,5,88,4.7,97,4.9,29,1.5,,,30,1.6,63,3.3,2.4
1,2020,6,87,4.5,86,4.2,36,1.9,,,40,2.1,80,4.1,2.3
1,2020,7,88,4.5,106,5.1,14,0.7,,,50,2.5,70,3.6,1.6
1,2020,8,86,4.3,105,5,15,0.8,,,51,2.6,72,3.6,1.4
1,2020,9,84,4.2,101,4.8,14,0.7,,,64,3.2,87,4.4,1.3
1,2020,10,99,4.9,103,4.9,17,0.8,,,60,3,84,4.2,1.2
1,2020,11,94,4.7,100,4.7,25,1.2,,,51,2.5,79,3.9,1.1
1,2020,12,84,4.2,106,5,21,1,,,52,2.6,77,3.8,1
1,2021,1,83,4.1,112,5.2,21,1,,,51,2.5,77,3.8,0.8
1,2021,2,87,4.3,117,5.5,18,0.9,,,56,2.8,78,3.8,0.8
1,2021,3,90,4.4,115,5.4,20,1,,,60,3,84,4.1,0.7
1,2021,4,90,4.4,144,6.6,21,1,,,64,3.2,95,4.7,0.6
1,2021,5,95,4.7,146,6.7,18,0.9,,,64,3.1,87,4.3,0.6
1,2021,6,100,4.9,151,6.9,21,1,,,66,3.2,92,4.5,0.5
1,2021,7,100,4.9,146,6.6,28,1.4,,,64,3.1,98,4.8,0.5
1,2021,8,102,5,146,6.6,19,0.9,,,64,3.1,91,4.4,0.5
1,2021,9,107,5.2,146,6.6,32,1.6,,,69,3.4,107,5.2,0.5
1,2021,10,107,5.2,161,7.2,23,1.1,,,66,3.2,95,4.6,0.4
1,2021,11,104,5,164,7.3,18,0.9,,,74,3.6,97,4.7,0.4
1,2021,12,96,4.6,147,6.6,27,1.3,,,67,3.2,100,4.8,0.4
1,2022,1,107,5.1,148,6.6,21,1,,,72,3.5,99,4.8,0.4
1,2022,2,98,4.7,140,6.3,17,0.8,,,63,3,85,4.1,0.4
1,2022,3,104,5,164,7.3,21,1,,,68,3.2,96,4.6,0.4
1,2022,4,104,4.9,177,7.8,25,1.2,,,68,3.2,98,4.7,0.3
1,2022,5,87,4.1,160,7.1,25,1.2,,,61,2.9,93,4.4,0.4
1,2022,6,105,5,161,7.1,23,1.1,,,70,3.3,99,4.7,0.4
1,2022,7,105,5,164,7.2,19,0.9,,,62,2.9,86,4.1,0.4
1,2022,8,94,4.4,136,6,25,1.2,,,87,4.1,116,5.5,0.4
1,2022,9,111,5.2,153,6.7,15,0.7,,,73,3.4,92,4.3,0.4
1,2022,10,118,5.6,152,6.7,21,1,,,71,3.3,95,4.5,0.4
1,2022,11,104,4.9,152,6.7,22,1,,,69,3.2,95,4.5,0.4
1,2022,12,109,5.1,154,6.7,25,1.2,,,65,3,96,4.5,0.3
1,2023,1,99,4.6,147,6.4,29,1.4,,,59,2.8,97,4.5,0.4
1,2023,2,97,4.5,145,6.3,19,0.9,,,70,3.3,93,4.3,0.4
1,2023,3,90,4.2,141,6.2,22,1,,,61,2.8,88,4.1,0.4
1,2023,4,85,3.9,140,6.1,18,0.8,,,50,2.3,73,3.4,0.4
1,2023,5,99,4.6,135,5.9,22,1,,,71,3.3,97,4.5,0.4
1,2023,6,94,4.3,137,6,20,0.9,,,57,2.6,82,3.8,0.4
1,2023,7,96,4.4,123,5.4,31,1.4,,,57,2.6,92,4.3,0.5
1,2023,8,93,4.3,136,5.9,25,1.2,,,63,2.9,92,4.2,0.4
1,2023,9,95,4.4,140,6.1,27,1.2,,,56,2.6,89,4.1,0.4
1,2023,10,88,4,124,5.4,22,1,,,59,2.7,87,4,0.5
1,2023,11,85,3.9,119,5.2,23,1.1,,,53,2.4,81,3.7,0.5
1,2023,12,91,4.2,129,5.6,18,0.8,,,52,2.4,73,3.4,0.5
1,2024,1,85,3.9,120,5.2,22,1,,,54,2.5,80,3.7,0.6
1,2024,2,86,3.9,119,5.2,23,1.1,,,47,2.2,74,3.4,0.6
1,2024,3,85,3.9,114,5,30,1.4,,,47,2.1,83,3.8,0.6
1,2024,4,82,3.7,117,5.1,19,0.9,,,54,2.5,77,3.5,0.6
1,2024,5,84,3.8,114,4.9,22,1,,,55,2.5,81,3.7,0.6
1,2024,6,75,3.4,109,4.7,16,0.7,,,51,2.3,71,3.2,0.6
1,2024,7,77,3.5,118,5.1,19,0.9,,,50,2.3,73,3.3,0.6
1,2024,8,76,3.5,116,5,22,1,,,43,2,69,3.1,0.6
1,2024,9,75,3.4,106,4.6,21,1,,,50,2.3,74,3.4,0.7
1,2024,10,76,3.5,123,5.3,22,1,,,49,2.2,75,3.4,0.6
1,2024,11,81,3.7,127,5.5,19,0.9,,,48,2.2,70,3.2,0.6
1,2024,12,73,3.3,108,4.7,20,0.9,,,50,2.3,73,3.3,0.7
1,2025,1,76,3.5,119,5.1,22,1,,,46,2.1,73,3.3,0.6
1,2025,2,74,3.4,102,4.4,20,0.9,,,48,2.2,71,3.2,0.7
1,2025,3,77,3.5,99,4.3,18,0.8,,,52,2.4,72,3.3,0.7
1,2025,4,80,3.6,125,5.4,21,1,,,41,1.9,66,3,0.6
1,2025,5,69,3.1,118,5.1,18,0.8,,,54,2.5,76,3.5,0.6
1,2025,6,70,3.2,109,4.7,19,0.9,,,38,1.7,61,2.8,0.6
1,2025,7,69,3.1,106,4.6,20,0.9,,,39,1.8,62,2.8,0.6
1,2025,8,69,3.1,98,4.3,21,1,,,44,2,68,3.1,0.7
1,2025,9,63,2.9,102,4.4,19,0.9,,,42,1.9,64,2.9,0.6
1,2025,10,58,2.6,100,4.4,20,0.9,,,37,1.7,60,2.7,
1,2025,11,61,2.8,95,4.1,24,1.1,,,45,2,72,3.3,0.7
1,2025,12,73,3.3,91,4,19,0.9,,,47,2.1,70,3.2,0.7
2,2012,1,18,5.4,13,3.8,7,2.1,,,8,2.4,16,4.8,2
2,2012,2,18,5.4,11,3.2,7,2.1,,,8,2.4,16,4.8,2.4
2,2012,3,19,5.7,13,3.7,9,2.7,,,7,2.1,18,5.4,2
2,2012,4,19,5.7,12,3.5,8,2.4,,,7,2.1,17,5.1,2.2
2,2012,5,19,5.7,12,3.5,7,2.1,,,9,2.7,18,5.4,2.2
2,2012,6,15,4.5,12,3.5,9,2.7,,,8,2.4,18,5.4,2.2
2,2012,7,19,5.7,12,3.5,9,2.7,,,8,2.4,18,5.4,2.2
2,2012,8,20,6,12,3.5,9,2.7,,,7,2.1,18,5.4,2.1
2,2012,9,14,4.2,13,3.7,8,2.4,,,7,2.1,17,5.1,2
2,2012,10,18,5.3,12,3.4,8,2.4,,,8,2.4,16,4.7,2.1
2,2012,11,16,4.7,13,3.7,9,2.7,,,10,3,20,5.9,1.9
2,2012,12,17,5,13,3.7,6,1.8,,,7,2.1,15,4.5,1.9
2,2013,1,17,5.1,13,3.7,7,2.1,,,9,2.7,18,5.4,1.9
2,2013,2,18,5.3,15,4.3,7,2.1,,,8,2.4,17,5,1.7
2,2013,3,17,5,14,4,6,1.8,,,8,2.4,16,4.7,1.8
2,2013,4,17,5,13,3.7,8,2.4,,,9,2.7,18,5.3,1.9
2,2013,5,16,4.8,14,4,7,2.1,,,8,2.4,16,4.8,1.8
2,2013,6,16,4.8,13,3.7,12,3.6,,,8,2.4,21,6.2,1.9
2,2013,7,16,4.8,13,3.7,8,2.4,,,9,2.7,18,5.4,1.9
2,2013,8,19,5.6,15,4.3,8,2.4,,,9,2.7,19,5.6,1.7
2,2013,9,17,5,13,3.7,7,2.1,,,8,2.4,17,5,1.9
2,2013,10,17,5,14,4,6,1.8,,,9,2.7,17,5,1.8
2,2013,11,17,5,13,3.7,9,2.7,,,9,2.7,19,5.6,1.9
2,2013,12,18,5.3,12,3.4,7,2.1,,,9,2.7,17,5,2.1
2,2014,1,21,6.2,17,4.8,8,2.4,,,9,2.7,18,5.3,1.5
2,2014,2,17,5,16,4.5,8,2.4,,,9,2.7,18,5.3,1.6
2,2014,3,18,5.3,15,4.3,8,2.4,,,9,2.7,19,5.6,1.7
2,2014,4,19,5.6,17,4.8,7,2.1,,,10,3,19,5.6,1.5
2,2014,5,17,5,17,4.8,8,2.4,,,10,3,19,5.6,1.5
2,2014,6,18,5.3,17,4.8,7,2.1,,,8,2.4,16,4.7,1.5
2,2014,7,18,5.3,16,4.5,6,1.8,,,10,3,18,5.3,1.6
2,2014,8,18,5.3,17,4.8,7,2.1,,,10,3,18,5.3,1.4
2,2014,9,18,5.3,16,4.5,6,1.8,,,11,3.3,18,5.3,1.5
2,2014,10,19,5.6,16,4.5,6,1.8,,,10,3,18,5.3,1.5
2,2014,11,18,5.3,17,4.8,6,1.8,,,10,2.9,18,5.3,1.4
2,2014,12,21,6.2,17,4.8,8,2.4,,,10,2.9,20,5.9,1.3
2,2015,1,18,5.3,17,4.8,7,2.1,,,9,2.6,17,5,1.3
2,2015,2,18,5.3,18,5,7,2.1,,,11,3.2,20,5.9,1.3
2,2015,3,18,5.3,18,5,7,2.1,,,12,3.5,21,6.2,1.3
2,2015,4,17,5,17,4.8,7,2.1,,,10,2.9,17,5,1.3
2,2015,5,19,5.6,19,5.3,7,2.1,,,9,2.6,18,5.3,1.2
2,2015,6,18,5.3,16,4.5,7,2.1,,,11,3.2,20,5.9,1.4
2,2015,7,19,5.6,21,5.8,8,2.4,,,10,2.9,19,5.6,1.1
2,2015,8,18,5.3,16,4.5,7,2.1,,,10,3,19,5.6,1.4
2,2015,9,19,5.6,18,5,8,2.4,,,10,3,19,5.6,1.3
2,2015,10,18,5.3,18,5.1,8,2.4,,,11,3.3,21,6.2,1.3
2,2015,11,19,5.6,19,5.3,8,2.4,,,11,3.3,20,5.9,1.2
2,2015,12,19,5.6,19,5.3,7,2.1,,,10,3,19,5.6,1.2
2,2016,1,19,5.6,18,5.1,6,1.8,,,10,3,18,5.3,1.3
2,2016,2,17,5.1,17,4.8,8,2.4,,,11,3.3,22,6.6,1.4
2,2016,3,17,5.1,18,5.1,6,1.8,,,11,3.3,17,5.1,1.3
2,2016,4,22,6.5,20,5.6,8,2.4,,,11,3.3,20,5.9,1.2
2,2016,5,20,6,19,5.4,7,2.1,,,10,3,19,5.7,1.3
2,2016,6,20,6,19,5.4,6,1.8,,,12,3.6,19,5.7,1.3
2,2016,7,18,5.4,18,5.1,8,2.4,,,12,3.6,21,6.3,1.3
2,2016,8,18,5.4,18,5.1,8,2.4,,,11,3.3,19,5.7,1.3
2,2016,9,19,5.7,18,5.2,7,2.1,,,11,3.3,20,6.1,1.3
2,2016,10,17,5.1,19,5.4,7,2.1,,,11,3.3,19,5.7,1.3
2,2016,11,19,5.7,19,5.4,7,2.1,,,10,3,18,5.4,1.3
2,2016,12,18,5.4,18,5.2,6,1.8,,,10,3,17,5.1,1.3
2,2017,1,19,5.8,19,5.4,8,2.4,,,13,3.9,23,7,1.3
2,2017,2,18,5.4,17,4.9,5,1.5,,,9,2.7,16,4.8,1.4
2,2017,3,16,4.8,16,4.6,6,1.8,,,11,3.3,18,5.5,1.5
2,2017,4,17,5.2,17,4.9,5,1.5,,,11,3.3,18,5.5,1.4
2,2017,5,19,5.8,18,5.2,5,1.5,,,11,3.3,17,5.2,1.3
2,2017,6,18,5.5,18,5.2,5,1.5,,,11,3.3,18,5.5,1.3
2,2017,7,19,5.8,22,6.3,6,1.8,,,11,3.3,18,5.5,1.1
2,2017,8,18,5.5,19,5.4,6,1.8,,,11,3.3,18,5.5,1.3
2,2017,9,17,5.2,19,5.5,6,1.8,,,11,3.3,19,5.8,1.3
2,2017,10,19,5.8,22,6.3,6,1.8,,,11,3.4,18,5.5,1.1
2,2017,11,18,5.5,19,5.5,6,1.8,,,11,3.4,18,5.5,1.2
2,2017,12,18,5.5,19,5.5,6,1.8,,,11,3.4,18,5.5,1.2
2,2018,1,15,4.6,19,5.5,6,1.8,,,11,3.4,18,5.5,1.2
2,2018,2,20,6.1,21,6,6,1.8,,,11,3.4,19,5.8,1.1
2,2018,3,19,5.8,22,6.3,6,1.8,,,12,3.7,20,6.1,1
2,2018,4,18,5.5,19,5.5,6,1.8,,,12,3.7,20,6.1,1.1
2,2018,5,19,5.8,22,6.3,4,1.2,,,12,3.7,18,5.5,1
2,2018,6,20,6.1,23,6.5,7,2.1,,,13,4,21,6.4,0.9
2,2018,7,17,5.2,23,6.6,5,1.5,,,12,3.7,18,5.5,0.9
2,2018,8,20,6.1,23,6.6,7,2.1,,,13,4,20,6.1,0.9
2,2018,9,19,5.8,22,6.3,5,1.5,,,12,3.7,19,5.8,1
2,2018,10,19,5.8,23,6.5,6,1.8,,,12,3.7,19,5.8,0.9
2,2018,11,20,6.1,23,6.6,7,2.1,,,13,4,21,6.4,0.9
2,2018,12,21,6.4,24,6.8,6,1.8,,,12,3.7,19,5.8,0.9
2,2019,1,20,6.1,22,6.3,6,1.8,,,13,4,20,6.1,1
2,2019,2,21,6.4,24,6.8,6,1.8,,,13,4,20,6.1,0.9
2,2019,3,20,6.1,25,7.1,6,1.8,,,13,4,20,6.1,0.8
2,2019,4,22,6.7,23,6.5,6,1.8,,,13,4,21,6.4,0.9
2,2019,5,18,5.5,23,6.5,7,2.1,,,12,3.6,20,6.1,0.9
2,2019,6,19,5.7,23,6.5,7,2.1,,,12,3.6,20,6,0.9
2,2019,7,19,5.7,23,6.5,7,2.1,,,13,3.9,21,6.3,0.9
2,2019,8,20,6,23,6.5,6,1.8,,,12,3.6,20,6,0.9
2,2019,9,20,6,23,6.5,7,2.1,,,13,3.9,22,6.6,0.8
2,2019,10,21,6.4,23,6.5,8,2.4,,,14,4.2,23,7,0.8
2,2019,11,18,5.5,22,6.3,7,2.1,,,14,4.2,22,6.7,0.8
2,2019,12,21,6.4,23,6.5,7,2.1,,,14,4.3,21,6.4,0.8
2,2020,1,21,6.4,23,6.5,7,2.1,,,13,4,21,6.4,0.8
2,2020,2,21,6.4,23,6.5,8,2.4,,,13,3.9,22,6.7,0.8
2,2020,3,19,5.8,21,6,28,8.5,,,9,2.7,38,11.6,0.9
2,2020,4,13,4.6,13,4.4,23,8.1,,,7,2.5,31,10.9,3
2,2020,5,18,6.3,6,2.1,7,2.5,,,5,1.8,14,4.9,6.7
2,2020,6,8,2.8,8,2.7,7,2.4,,,8,2.8,16,5.6,4.8
2,2020,7,19,6.6,17,5.6,7,2.4,,,11,3.8,19,6.6,2.3
2,2020,8,18,6.2,20,6.4,3,1,,,8,2.8,12,4.1,1.5
2,2020,9,21,7.1,22,6.9,4,1.3,,,7,2.4,12,4,1.2
2,2020,10,20,6.5,22,6.7,3,1,,,5,1.6,9,2.9,1.1
2,2020,11,19,6.2,21,6.4,7,2.3,,,8,2.6,15,4.9,1.2
2,2020,12,18,5.8,21,6.4,7,2.3,,,9,2.9,18,5.8,1.2
2,2021,1,18,5.8,22,6.7,5,1.6,,,10,3.2,17,5.5,1.1
2,2021,2,17,5.5,22,6.7,4,1.3,,,11,3.6,16,5.2,1.1
2,2021,3,18,5.8,24,7.2,5,1.6,,,12,3.9,18,5.8,1
2,2021,4,19,6.1,26,7.7,4,1.3,,,13,4.2,18,5.8,0.9
2,2021,5,16,5.2,24,7.3,5,1.6,,,14,4.6,20,6.5,1
2,2021,6,19,6.2,31,9.2,3,1,,,14,4.6,19,6.2,0.8
2,2021,7,24,7.8,34,9.9,3,1,,,13,4.2,18,5.8,0.7
2,2021,8,21,6.8,31,9.1,5,1.6,,,14,4.5,20,6.5,0.7
2,2021,9,20,6.4,30,8.8,4,1.3,,,14,4.5,20,6.4,0.7
2,2021,10,20,6.4,26,7.6,3,1,,,13,4.1,18,5.7,0.8
2,2021,11,21,6.6,31,8.9,4,1.3,,,14,4.4,19,6,0.6
2,2021,12,21,6.6,36,10.2,4,1.3,,,12,3.8,17,5.4,0.5
2,2022,1,20,6.3,31,8.9,5,1.6,,,16,5.1,22,7,0.6
2,2022,2,20,6.3,32,9.2,5,1.6,,,15,4.7,20,6.3,0.6
2,2022,3,20,6.3,32,9.1,3,0.9,,,14,4.4,18,5.7,0.5
2,2022,4,21,6.6,31,8.9,5,1.6,,,13,4.1,19,6,0.5
2,2022,5,21,6.6,32,9.1,4,1.3,,,13,4.1,18,5.7,0.5
2,2022,6,20,6.3,31,8.9,5,1.6,,,13,4.1,19,6,0.5
2,2022,7,19,5.9,30,8.6,6,1.9,,,12,3.8,20,6.3,0.5
2,2022,8,26,8.1,41,11.4,10,3.1,,,16,5,27,8.5,0.3
2,2022,9,20,6.3,28,8.1,7,2.2,,,14,4.4,21,6.6,0.5
2,2022,10,18,5.6,20,5.9,7,2.2,,,14,4.4,23,7.2,0.7
2,2022,11,19,5.9,29,8.3,5,1.6,,,13,4,21,6.5,0.5
2,2022,12,21,6.5,36,10.1,4,1.2,,,12,3.7,18,5.6,0.4
2,2023,1,23,7.1,29,8.2,5,1.5,,,13,4,19,5.9,0.5
2,2023,2,20,6.2,28,7.9,4,1.2,,,12,3.7,17,5.2,0.5
2,2023,3,20,6.2,28,7.9,6,1.8,,,12,3.7,20,6.2,0.5
2,2023,4,17,5.2,30,8.4,8,2.5,,,12,3.7,21,6.4,0.5
2,2023,5,18,5.5,25,7.1,4,1.2,,,11,3.4,16,4.9,0.6
2,2023,6,20,6.1,30,8.4,4,1.2,,,11,3.3,15,4.6,0.5
2,2023,7,17,5.2,23,6.5,5,1.5,,,11,3.3,17,5.2,0.7
2,2023,8,17,5.2,26,7.3,5,1.5,,,12,3.6,19,5.8,0.6
2,2023,9,17,5.1,27,7.5,4,1.2,,,14,4.2,19,5.7,0.6
2,2023,10,16,4.9,16,4.6,6,1.8,,,13,3.9,20,6.1,1
2,2023,11,16,4.8,26,7.3,6,1.8,,,13,3.9,20,6.1,0.6
2,2023,12,17,5.1,25,7,5,1.5,,,9,2.7,15,4.5,0.6
2,2024,1,18,5.5,24,6.8,4,1.2,,,11,3.3,17,5.1,0.7
2,2024,2,18,5.4,24,6.7,5,1.5,,,12,3.6,18,5.4,0.7
2,2024,3,16,4.8,23,6.5,5,1.5,,,11,3.3,17,5.1,0.7
2,2024,4,17,5.1,21,5.9,4,1.2,,,10,3,16,4.8,0.8
2,2024,5,17,5.1,23,6.4,6,1.8,,,10,3,18,5.4,0.7
2,2024,6,17,5.1,22,6.2,5,1.5,,,10,3,17,5.1,0.7
2,2024,7,17,5.1,20,5.6,5,1.5,,,9,2.7,15,4.5,0.8
2,2024,8,16,4.8,22,6.2,4,1.2,,,9,2.7,14,4.2,0.8
2,2024,9,16,4.8,21,5.9,5,1.5,,,9,2.7,15,4.5,0.8
2,2024,10,37,11,25,6.9,3,0.9,,,6,1.8,10,3,0.7
2,2024,11,18,5.4,21,5.9,5,1.5,,,9,2.7,15,4.5,0.8
2,2024,12,16,4.8,21,5.9,6,1.8,,,10,3,17,5,0.8
2,2025,1,15,4.4,20,5.6,4,1.2,,,9,2.7,15,4.4,0.8
2,2025,2,15,4.4,19,5.3,6,1.8,,,9,2.7,17,5,0.9
2,2025,3,16,4.7,20,5.6,5,1.5,,,9,2.7,15,4.4,0.8
2,2025,4,15,4.4,19,5.3,4,1.2,,,9,2.7,14,4.1,0.9
2,2025,5,20,5.9,19,5.3,5,1.5,,,10,3,16,4.7,0.9
2,2025,6,17,5,19,5.3,5,1.5,,,10,3,16,4.7,0.9
2,2025,7,16,4.7,20,5.6,5,1.5,,,10,3,15,4.4,0.8
2,2025,8,15,4.4,19,5.3,4,1.2,,,10,3,15,4.4,0.9
2,2025,9,16,4.8,20,5.6,5,1.5,,,9,2.7,16,4.8,0.9
2,2025,10,35,10.4,22,6.1,3,0.9,,,5,1.5,9,2.7,
2,2025,11,17,5.1,18,5.1,4,1.2,,,9,2.7,14,4.2,1
2,2025,12,14,4.2,16,4.5,5,1.5,,,10,3,16,4.7,1.1
4,2012,1,73,3,81,3.2,27,1.1,,,39,1.6,70,2.9,3.3
4,2012,2,79,3.2,66,2.6,28,1.1,,,45,1.8,77,3.2,3.9
4,2012,3,92,3.8,83,3.3,24,1,,,44,1.8,74,3,3.1
4,2012,4,92,3.8,79,3.1,32,1.3,,,48,2,86,3.5,3.3
4,2012,5,85,3.5,73,2.9,33,1.3,,,47,1.9,86,3.5,3.5
4,2012,6,92,3.7,83,3.3,30,1.2,,,44,1.8,79,3.2,3.1
4,2012,7,79,3.2,82,3.2,29,1.2,,,44,1.8,80,3.3,3.1
4,2012,8,98,4,77,3,35,1.4,,,43,1.7,85,3.4,3.2
4,2012,9,98,4,75,2.9,35,1.4,,,41,1.7,82,3.3,3.3
4,2012,10,100,4,72,2.8,43,1.7,,,47,1.9,96,3.9,3.4
4,2012,11,87,3.5,82,3.2,38,1.5,,,46,1.9,92,3.7,3
4,2012,12,91,3.7,90,3.5,27,1.1,,,45,1.8,76,3.1,2.7
4,2013,1,93,3.7,90,3.5,32,1.3,,,51,2,91,3.7,2.7
4,2013,2,114,4.6,96,3.7,38,1.5,,,50,2,93,3.7,2.5
4,2013,3,93,3.7,92,3.5,38,1.5,,,57,2.3,101,4,2.6
4,2013,4,103,4.1,92,3.5,35,1.4,,,57,2.3,97,3.9,2.6
4,2013,5,96,3.8,91,3.5,37,1.5,,,51,2,94,3.7,2.6
4,2013,6,92,3.7,78,3,35,1.4,,,43,1.7,83,3.3,3.1
4,2013,7,100,4,74,2.9,41,1.6,,,53,2.1,100,4,3.2
4,2013,8,94,3.7,80,3.1,31,1.2,,,58,2.3,93,3.7,2.9
4,2013,9,93,3.7,80,3.1,33,1.3,,,56,2.2,93,3.7,2.9
4,2013,10,101,4,85,3.2,27,1.1,,,57,2.2,92,3.6,2.7
4,2013,11,107,4.2,82,3.1,49,1.9,,,54,2.1,108,4.2,2.8
4,2013,12,110,4.3,77,2.9,30,1.2,,,51,2,87,3.4,2.9
4,2014,1,101,4,86,3.3,33,1.3,,,51,2,87,3.4,2.6
4,2014,2,109,4.3,105,4,31,1.2,,,66,2.6,103,4,2.1
4,2014,3,114,4.5,94,3.6,38,1.5,,,58,2.3,102,4,2.3
4,2014,4,103,4,93,3.5,41,1.6,,,54,2.1,101,3.9,2.3
4,2014,5,84,3.3,105,3.9,48,1.9,,,61,2.4,117,4.6,2
4,2014,6,114,4.4,116,4.3,31,1.2,,,51,2,88,3.4,1.8
4,2014,7,117,4.6,89,3.3,38,1.5,,,64,2.5,107,4.2,2.3
4,2014,8,102,4,116,4.3,39,1.5,,,60,2.3,106,4.1,1.8
4,2014,9,134,5.2,116,4.3,41,1.6,,,60,2.3,108,4.2,1.8
4,2014,10,113,4.4,103,3.8,39,1.5,,,62,2.4,105,4.1,2
4,2014,11,112,4.3,104,3.9,34,1.3,,,61,2.3,100,3.9,1.9
4,2014,12,114,4.4,109,4,46,1.8,,,73,2.8,126,4.8,1.8
4,2015,1,123,4.7,104,3.8,42,1.6,,,80,3.1,128,4.9,1.9
4,2015,2,111,4.3,113,4.1,42,1.6,,,57,2.2,104,4,1.7
4,2015,3,105,4,106,3.9,34,1.3,,,54,2.1,93,3.6,1.8
4,2015,4,102,3.9,130,4.7,25,1,,,48,1.8,78,3,1.5
4,2015,5,117,4.5,111,4.1,34,1.3,,,50,1.9,89,3.4,1.7
4,2015,6,119,4.5,84,3.1,38,1.4,,,58,2.2,102,3.9,2.3
4,2015,7,109,4.1,124,4.5,49,1.9,,,50,1.9,104,4,1.5
4,2015,8,109,4.1,102,3.7,25,0.9,,,52,2,84,3.2,1.9
4,2015,9,126,4.8,102,3.7,36,1.4,,,57,2.2,99,3.7,1.8
4,2015,10,117,4.4,120,4.3,42,1.6,,,64,2.4,114,4.3,1.5
4,2015,11,120,4.5,109,3.9,42,1.6,,,67,2.5,125,4.7,1.7
4,2015,12,125,4.7,117,4.2,67,2.5,,,82,3.1,156,5.8,1.6
4,2016,1,122,4.6,133,4.7,41,1.5,,,69,2.6,117,4.4,1.4
4,2016,2,102,3.8,98,3.5,33,1.2,,,67,2.5,110,4.1,1.8
4,2016,3,119,4.4,121,4.3,31,1.2,,,67,2.5,103,3.8,1.5
4,2016,4,121,4.5,108,3.9,34,1.3,,,65,2.4,104,3.9,1.6
4,2016,5,108,4,117,4.2,29,1.1,,,56,2.1,90,3.3,1.5
4,2016,6,108,4,106,3.8,28,1,,,72,2.7,106,3.9,1.7
4,2016,7,115,4.2,120,4.2,25,0.9,,,71,2.6,102,3.8,1.5
4,2016,8,103,3.8,118,4.2,39,1.4,,,60,2.2,104,3.8,1.5
4,2016,9,101,3.7,126,4.4,24,0.9,,,64,2.3,96,3.5,1.4
4,2016,10,85,3.1,111,3.9,23,0.8,,,62,2.3,90,3.3,1.5
4,2016,11,92,3.4,122,4.3,31,1.1,,,58,2.1,95,3.5,1.4
4,2016,12,91,3.3,116,4.1,23,0.8,,,70,2.6,99,3.6,1.5
4,2017,1,119,4.3,110,3.9,25,0.9,,,78,2.8,108,3.9,1.5
4,2017,2,116,4.2,112,3.9,43,1.6,,,69,2.5,117,4.3,1.5
4,2017,3,116,4.2,113,3.9,37,1.3,,,75,2.7,119,4.3,1.5
4,2017,4,126,4.6,119,4.1,27,1,,,75,2.7,108,3.9,1.4
4,2017,5,118,4.3,115,4,27,1,,,87,3.1,119,4.3,1.4
4,2017,6,123,4.4,132,4.5,39,1.4,,,89,3.2,135,4.9,1.2
4,2017,7,117,4.2,132,4.5,46,1.7,,,79,2.8,131,4.7,1.2
4,2017,8,141,5.1,127,4.4,41,1.5,,,81,2.9,132,4.7,1.2
4,2017,9,123,4.4,131,4.5,45,1.6,,,80,2.9,130,4.7,1.2
4,2017,10,118,4.2,128,4.4,41,1.5,,,81,2.9,128,4.6,1.2
4,2017,11,129,4.6,131,4.5,38,1.4,,,91,3.2,135,4.8,1.2
4,2017,12,138,4.9,138,4.7,75,2.7,,,77,2.7,157,5.6,1.2
4,2018,1,130,4.6,131,4.4,47,1.7,,,58,2.1,112,4,1.2
4,2018,2,126,4.5,125,4.2,38,1.3,,,79,2.8,124,4.4,1.3
4,2018,3,117,4.1,138,4.6,33,1.2,,,82,2.9,121,4.3,1.1
4,2018,4,114,4,166,5.5,33,1.2,,,86,3,126,4.4,0.9
4,2018,5,133,4.7,134,4.5,27,0.9,,,75,2.6,108,3.8,1.2
4,2018,6,138,4.8,160,5.3,41,1.4,,,80,2.8,126,4.4,1
4,2018,7,133,4.7,164,5.4,32,1.1,,,86,3,124,4.3,1
4,2018,8,132,4.6,157,5.2,33,1.2,,,90,3.1,128,4.5,1
4,2018,9,102,3.5,151,5,25,0.9,,,77,2.7,107,3.7,1.1
4,2018,10,137,4.8,178,5.8,34,1.2,,,85,2.9,125,4.3,0.9
4,2018,11,143,4.9,156,5.1,35,1.2,,,87,3,128,4.4,1.1
4,2018,12,148,5.1,155,5.1,38,1.3,,,80,2.8,122,4.2,1.1
4,2019,1,124,4.3,200,6.4,28,1,,,85,2.9,119,4.1,0.9
4,2019,2,116,4,169,5.5,26,0.9,,,90,3.1,121,4.2,1
4,2019,3,128,4.4,159,5.2,32,1.1,,,70,2.4,108,3.7,1.1
4,2019,4,140,4.8,153,5,35,1.2,,,85,2.9,125,4.3,1.1
4,2019,5,130,4.4,177,5.7,43,1.5,,,88,3,136,4.6,0.9
4,2019,6,126,4.3,148,4.8,29,1,,,72,2.5,106,3.6,1.1
4,2019,7,123,4.2,149,4.8,32,1.1,,,83,2.8,120,4.1,1.1
4,2019,8,128,4.3,152,4.9,34,1.1,,,83,2.8,123,4.2,1.1
4,2019,9,130,4.4,170,5.4,45,1.5,,,89,3,141,4.8,1
4,2019,10,140,4.7,134,4.3,32,1.1,,,80,2.7,120,4,1.2
4,2019,11,110,3.7,151,4.8,29,1,,,80,2.7,117,3.9,1.1
4,2019,12,104,3.5,149,4.8,19,0.6,,,69,2.3,98,3.3,1.1
4,2020,1,129,4.3,153,4.9,30,1,,,80,2.7,114,3.8,1.1
4,2020,2,126,4.2,159,5,36,1.2,,,81,2.7,122,4.1,1.1
4,2020,3,114,3.8,133,4.3,198,6.6,,,60,2,265,8.9,1.3
4,2020,4,80,3,122,4.4,161,6.1,,,42,1.6,209,7.9,3.8
4,2020,5,199,7.3,145,5,38,1.4,,,38,1.4,82,3,2.7
4,2020,6,157,5.6,143,4.9,37,1.3,,,51,1.8,97,3.5,2.4
4,2020,7,98,3.5,140,4.8,42,1.5,,,63,2.3,115,4.1,2.2
4,2020,8,124,4.4,154,5.2,23,0.8,,,65,2.3,92,3.3,1.8
4,2020,9,146,5.1,157,5.2,33,1.2,,,80,2.8,118,4.2,1.7
4,2020,10,124,4.3,154,5.1,22,0.8,,,69,2.4,97,3.4,1.6
4,2020,11,115,4,152,5,29,1,,,79,2.7,118,4.1,1.5
4,2020,12,113,3.9,166,5.4,30,1,,,86,3,122,4.2,1.4
4,2021,1,116,4,156,5.1,23,0.8,,,69,2.4,98,3.4,1.4
4,2021,2,118,4.1,181,5.9,27,0.9,,,90,3.1,123,4.2,1.2
4,2021,3,134,4.6,184,5.9,44,1.5,,,96,3.3,146,5,1.2
4,2021,4,134,4.6,204,6.5,25,0.9,,,97,3.3,127,4.3,1
4,2021,5,111,3.8,224,7.1,26,0.9,,,96,3.3,127,4.3,0.9
4,2021,6,120,4,218,6.8,18,0.6,,,89,3,112,3.8,0.9
4,2021,7,130,4.4,219,6.8,26,0.9,,,84,2.8,113,3.8,0.8
4,2021,8,133,4.4,228,7.1,21,0.7,,,90,3,117,3.9,0.7
4,2021,9,138,4.6,208,6.5,19,0.6,,,94,3.1,121,4,0.7
4,2021,10,143,4.7,216,6.7,19,0.6,,,92,3,116,3.8,0.6
4,2021,11,149,4.9,214,6.6,24,0.8,,,108,3.6,138,4.6,0.6
4,2021,12,168,5.5,233,7.1,31,1,,,105,3.4,142,4.7,0.6
4,2022,1,162,5.3,241,7.3,33,1.1,,,115,3.8,154,5.1,0.5
4,2022,2,168,5.5,250,7.5,29,0.9,,,91,3,126,4.1,0.5
4,2022,3,158,5.1,265,7.9,19,0.6,,,134,4.4,160,5.2,0.5
4,2022,4,135,4.4,252,7.5,17,0.5,,,91,2.9,113,3.6,0.5
4,2022,5,150,4.8,244,7.3,27,0.9,,,110,3.5,143,4.6,0.5
4,2022,6,149,4.8,233,7,31,1,,,129,4.2,165,5.3,0.6
4,2022,7,156,5,247,7.3,25,0.8,,,111,3.6,145,4.6,0.6
4,2022,8,153,4.9,227,6.8,32,1,,,110,3.5,148,4.7,0.6
4,2022,9,145,4.6,236,7,35,1.1,,,95,3,137,4.4,0.6
4,2022,10,148,4.7,236,7,40,1.3,,,100,3.2,147,4.7,0.6
4,2022,11,148,4.7,223,6.6,35,1.1,,,93,2.9,137,4.3,0.6
4,2022,12,139,4.4,215,6.4,24,0.8,,,97,3.1,129,4.1,0.6
4,2023,1,147,4.7,203,6,28,0.9,,,85,2.7,118,3.7,0.7
4,2023,2,141,4.5,200,5.9,37,1.2,,,92,2.9,134,4.2,0.7
4,2023,3,141,4.4,214,6.3,38,1.2,,,97,3.1,144,4.5,0.6
4,2023,4,144,4.5,269,7.8,40,1.3,,,92,2.9,136,4.3,0.5
4,2023,5,132,4.1,196,5.8,20,0.6,,,87,2.7,112,3.5,0.7
4,2023,6,123,3.8,191,5.6,51,1.6,,,94,2.9,149,4.6,0.7
4,2023,7,126,3.9,188,5.5,32,1,,,91,2.8,129,4,0.7
4,2023,8,134,4.2,203,5.9,42,1.3,,,89,2.8,139,4.3,0.7
4,2023,9,125,3.9,189,5.5,31,1,,,89,2.8,127,3.9,0.7
4,2023,10,136,4.3,180,5.3,38,1.2,,,88,2.8,133,4.2,0.8
4,2023,11,112,3.5,172,5.1,41,1.3,,,78,2.4,127,4,0.8
4,2023,12,108,3.4,149,4.4,42,1.3,,,80,2.5,128,4,0.9
4,2024,1,163,5,178,5.2,35,1.1,,,78,2.4,117,3.6,0.7
4,2024,2,110,3.4,172,5,32,1,,,76,2.3,116,3.6,0.7
4,2024,3,100,3.1,158,4.6,39,1.2,,,68,2.1,115,3.5,0.8
4,2024,4,105,3.2,167,4.9,45,1.4,,,76,2.3,131,4,0.8
4,2024,5,111,3.4,165,4.8,42,1.3,,,75,2.3,124,3.8,0.8
4,2024,6,109,3.3,177,5.2,35,1.1,,,67,2.1,110,3.4,0.8
4,2024,7,138,4.2,165,4.8,56,1.7,,,62,1.9,124,3.8,0.8
4,2024,8,101,3.1,164,4.8,30,0.9,,,68,2.1,103,3.2,0.9
4,2024,9,105,3.2,154,4.5,35,1.1,,,62,1.9,104,3.2,0.9
4,2024,10,94,2.9,160,4.7,31,0.9,,,80,2.4,119,3.6,0.9
4,2024,11,110,3.4,189,5.5,28,0.9,,,65,2,97,3,0.8
4,2024,12,124,3.8,178,5.2,29,0.9,,,62,1.9,97,3,0.9
4,2025,1,95,2.9,184,5.3,30,0.9,,,62,1.9,100,3.1,0.9
4,2025,2,111,3.4,171,5,32,1,,,69,2.1,106,3.2,0.9
4,2025,3,109,3.3,168,4.9,33,1,,,59,1.8,98,3,1
4,2025,4,103,3.2,150,4.4,29,0.9,,,67,2,106,3.2,1.1
4,2025,5,137,4.2,141,4.1,34,1,,,80,2.5,125,3.8,1.1
4,2025,6,112,3.4,138,4.1,35,1.1,,,86,2.6,128,3.9,1.2
4,2025,7,121,3.7,146,4.3,31,1,,,65,2,103,3.2,1.1
4,2025,8,102,3.1,133,3.9,39,1.2,,,66,2,111,3.4,1.3
4,2025,9,114,3.5,156,4.6,33,1,,,67,2.1,110,3.4,1.1
4,2025,10,105,3.2,154,4.5,35,1.1,,,61,1.9,102,3.1,
4,2025,11,106,3.3,139,4.1,32,1,,,70,2.2,107,3.3,1.2
4,2025,12,127,3.9,121,3.6,24,0.7,,,63,1.9,94,2.9,1.4
5,2012,1,41,3.5,33,2.7,17,1.4,,,20,1.7,40,3.4,3.1
5,2012,2,39,3.3,26,2.2,13,1.1,,,22,1.9,38,3.2,3.8
5,2012,3,42,3.6,30,2.5,14,1.2,,,22,1.9,39,3.3,3.3
5,2012,4,39,3.3,31,2.6,17,1.4,,,21,1.8,41,3.5,3.2
5,2012,5,39,3.3,32,2.6,14,1.2,,,20,1.7,36,3.1,3.1
5,2012,6,38,3.2,30,2.5,16,1.4,,,20,1.7,39,3.3,3.3
5,2012,7,41,3.5,33,2.7,15,1.3,,,21,1.8,39,3.3,3
5,2012,8,38,3.2,31,2.6,16,1.4,,,19,1.6,38,3.2,3.1
5,2012,9,40,3.4,30,2.5,16,1.4,,,19,1.6,38,3.2,3.2
5,2012,10,37,3.1,29,2.4,15,1.3,,,19,1.6,37,3.1,3.3
5,2012,11,37,3.1,31,2.6,19,1.6,,,20,1.7,42,3.6,3.1
5,2012,12,40,3.4,31,2.6,13,1.1,,,17,1.4,34,2.9,3.1
5,2013,1,47,4,32,2.6,13,1.1,,,25,2.1,41,3.5,3
5,2013,2,38,3.2,31,2.6,13,1.1,,,22,1.9,39,3.3,3.1
5,2013,3,34,2.9,30,2.5,14,1.2,,,20,1.7,37,3.1,3.2
5,2013,4,38,3.2,30,2.5,13,1.1,,,20,1.7,36,3.1,3.2
5,2013,5,43,3.7,31,2.6,19,1.6,,,22,1.9,44,3.7,3.1
5,2013,6,40,3.4,31,2.6,17,1.4,,,21,1.8,40,3.4,3.1
5,2013,7,37,3.1,29,2.4,13,1.1,,,21,1.8,38,3.2,3.3
5,2013,8,44,3.7,31,2.6,13,1.1,,,22,1.9,38,3.2,3
5,2013,9,42,3.6,31,2.6,13,1.1,,,21,1.8,36,3.1,3
5,2013,10,41,3.5,33,2.7,17,1.4,,,19,1.6,38,3.2,2.7
5,2013,11,43,3.6,33,2.7,12,1,,,22,1.9,37,3.1,2.7
5,2013,12,41,3.5,31,2.6,16,1.4,,,28,2.4,47,4,2.8
5,2014,1,41,3.5,32,2.6,16,1.4,,,19,1.6,38,3.2,2.7
5,2014,2,47,4,35,2.9,15,1.3,,,22,1.9,39,3.3,2.4
5,2014,3,42,3.5,35,2.9,16,1.4,,,22,1.9,42,3.5,2.3
5,2014,4,45,3.8,36,2.9,16,1.3,,,23,1.9,42,3.5,2.2
5,2014,5,42,3.5,39,3.2,13,1.1,,,23,1.9,39,3.3,2
5,2014,6,47,4,41,3.3,15,1.3,,,25,2.1,42,3.5,1.9
5,2014,7,44,3.7,36,2.9,14,1.2,,,23,1.9,41,3.4,2.1
5,2014,8,43,3.6,47,3.8,17,1.4,,,25,2.1,45,3.8,1.6
5,2014,9,49,4.1,44,3.6,17,1.4,,,24,2,44,3.7,1.7
5,2014,10,49,4.1,42,3.4,15,1.3,,,32,2.7,51,4.3,1.8
5,2014,11,50,4.2,39,3.2,15,1.3,,,25,2.1,43,3.6,1.9
5,2014,12,48,4,44,3.5,13,1.1,,,27,2.2,44,3.7,1.7
5,2015,1,48,4,44,3.5,15,1.2,,,29,2.4,46,3.8,1.7
5,2015,2,48,4,46,3.7,15,1.2,,,26,2.2,44,3.7,1.6
5,2015,3,41,3.4,44,3.5,16,1.3,,,30,2.5,49,4.1,1.6
5,2015,4,45,3.7,47,3.8,12,1,,,27,2.2,42,3.5,1.5
5,2015,5,47,3.9,47,3.7,13,1.1,,,24,2,40,3.3,1.5
5,2015,6,42,3.5,41,3.3,13,1.1,,,25,2.1,41,3.4,1.7
5,2015,7,44,3.6,45,3.6,13,1.1,,,26,2.1,42,3.5,1.5
5,2015,8,44,3.6,47,3.7,12,1,,,24,2,40,3.3,1.4
5,2015,9,44,3.6,45,3.6,13,1.1,,,24,2,41,3.4,1.4
5,2015,10,42,3.4,46,3.6,15,1.2,,,26,2.1,45,3.7,1.3
5,2015,11,45,3.7,46,3.6,15,1.2,,,22,1.8,41,3.3,1.3
5,2015,12,47,3.8,46,3.6,15,1.2,,,25,2,43,3.5,1.2
5,2016,1,38,3.1,47,3.7,14,1.1,,,23,1.9,40,3.3,1.2
5,2016,2,48,3.9,48,3.8,15,1.2,,,24,2,43,3.5,1.1
5,2016,3,49,4,53,4.1,13,1.1,,,24,2,40,3.3,1
5,2016,4,44,3.6,47,3.7,12,1,,,29,2.4,45,3.7,1.1
5,2016,5,40,3.3,45,3.5,14,1.1,,,25,2,42,3.4,1.2
5,2016,6,46,3.7,47,3.7,13,1.1,,,26,2.1,42,3.4,1.1
5,2016,7,52,4.2,46,3.6,21,1.7,,,25,2,49,4,1.2
5,2016,8,43,3.5,45,3.5,16,1.3,,,28,2.3,47,3.8,1.2
5,2016,9,44,3.6,45,3.5,22,1.8,,,28,2.3,54,4.4,1.2
5,2016,10,44,3.6,43,3.4,14,1.1,,,27,2.2,44,3.6,1.2
5,2016,11,43,3.5,49,3.8,13,1,,,28,2.3,45,3.6,1.1
5,2016,12,47,3.8,50,3.9,11,0.9,,,28,2.3,43,3.5,1
5,2017,1,51,4.1,49,3.8,16,1.3,,,31,2.5,50,4,1
5,2017,2,50,4,48,3.7,14,1.1,,,31,2.5,48,3.9,1
5,2017,3,52,4.2,50,3.9,15,1.2,,,30,2.4,49,3.9,1
5,2017,4,49,3.9,51,3.9,17,1.4,,,29,2.3,49,3.9,1
5,2017,5,51,4.1,51,3.9,16,1.3,,,31,2.5,51,4.1,1
5,2017,6,53,4.2,51,3.9,15,1.2,,,34,2.7,53,4.2,1
5,2017,7,51,4.1,50,3.8,15,1.2,,,31,2.5,49,3.9,1
5,2017,8,56,4.5,50,3.8,16,1.3,,,29,2.3,48,3.8,1
5,2017,9,58,4.6,50,3.8,14,1.1,,,28,2.2,44,3.5,1
5,2017,10,47,3.7,40,3.1,16,1.3,,,32,2.6,51,4.1,1.3
5,2017,11,56,4.5,49,3.8,16,1.3,,,33,2.6,52,4.1,1
5,2017,12,53,4.2,50,3.8,16,1.3,,,30,2.4,48,3.8,1
5,2018,1,48,3.8,51,3.9,18,1.4,,,23,1.8,44,3.5,1
5,2018,2,52,4.1,54,4.1,15,1.2,,,30,2.4,48,3.8,0.9
5,2018,3,52,4.1,55,4.2,14,1.1,,,33,2.6,50,4,0.9
5,2018,4,50,4,53,4,16,1.3,,,31,2.5,49,3.9,0.9
5,2018,5,58,4.6,59,4.5,15,1.2,,,40,3.2,58,4.6,0.8
5,2018,6,58,4.6,57,4.3,18,1.4,,,34,2.7,55,4.3,0.8
5,2018,7,57,4.5,61,4.6,17,1.3,,,32,2.5,52,4.1,0.8
5,2018,8,58,4.6,58,4.4,16,1.3,,,35,2.8,54,4.2,0.8
5,2018,9,53,4.2,58,4.4,14,1.1,,,33,2.6,50,3.9,0.8
5,2018,10,54,4.2,60,4.5,16,1.3,,,34,2.7,53,4.2,0.8
5,2018,11,59,4.6,58,4.4,15,1.2,,,39,3.1,57,4.5,0.9
5,2018,12,53,4.2,57,4.3,23,1.8,,,33,2.6,59,4.6,0.9
5,2019,1,54,4.2,57,4.3,14,1.1,,,34,2.7,51,4,0.9
5,2019,2,58,4.5,59,4.4,15,1.2,,,37,2.9,56,4.4,0.8
5,2019,3,57,4.5,62,4.6,22,1.7,,,38,3,64,5,0.8
5,2019,4,58,4.5,60,4.5,16,1.2,,,33,2.6,52,4.1,0.8
5,2019,5,49,3.8,59,4.4,15,1.2,,,34,2.7,52,4.1,0.8
5,2019,6,54,4.2,59,4.4,15,1.2,,,30,2.3,48,3.8,0.8
5,2019,7,57,4.4,63,4.7,16,1.2,,,39,3,58,4.5,0.7
5,2019,8,57,4.4,67,5,15,1.2,,,35,2.7,53,4.1,0.7
5,2019,9,59,4.6,68,5,16,1.2,,,35,2.7,54,4.2,0.7
5,2019,10,63,4.9,68,5,13,1,,,33,2.6,49,3.8,0.7
5,2019,11,53,4.1,64,4.7,14,1.1,,,34,2.6,50,3.9,0.7
5,2019,12,54,4.2,61,4.5,17,1.3,,,38,2.9,58,4.5,0.8
5,2020,1,59,4.6,65,4.8,12,0.9,,,36,2.8,52,4,0.7
5,2020,2,56,4.3,58,4.3,17,1.3,,,34,2.6,60,4.6,0.8
5,2020,3,56,4.3,54,4,77,6,,,27,2.1,106,8.2,1.2
5,2020,4,41,3.5,52,4.3,58,5,,,19,1.6,80,6.9,2.6
5,2020,5,64,5.3,48,3.9,12,1,,,21,1.8,35,2.9,2.5
5,2020,6,52,4.2,47,3.7,19,1.6,,,29,2.4,52,4.2,2.2
5,2020,7,54,4.4,60,4.6,11,0.9,,,30,2.4,46,3.7,1.6
5,2020,8,54,4.3,57,4.4,12,1,,,33,2.6,48,3.9,1.5
5,2020,9,55,4.4,55,4.2,11,0.9,,,36,2.9,52,4.2,1.4
5,2020,10,60,4.8,59,4.5,13,1,,,38,3,54,4.3,1.2
5,2020,11,62,4.9,62,4.7,14,1.1,,,35,2.8,53,4.2,1.1
5,2020,12,50,4,61,4.6,14,1.1,,,38,3,56,4.5,1.1
5,2021,1,59,4.8,63,4.9,13,1.1,,,31,2.5,46,3.8,1
5,2021,2,45,3.7,59,4.6,13,1.1,,,37,3,53,4.3,1.1
5,2021,3,65,5.3,78,6,12,1,,,33,2.7,49,4,0.8
5,2021,4,57,4.6,79,6,11,0.9,,,42,3.4,56,4.5,0.8
5,2021,5,54,4.4,77,5.9,11,0.9,,,40,3.2,53,4.3,0.8
5,2021,6,61,4.9,86,6.5,11,0.9,,,38,3.1,52,4.2,0.7
5,2021,7,65,5.3,89,6.7,15,1.2,,,47,3.8,66,5.3,0.6
5,2021,8,64,5.2,99,7.4,13,1,,,41,3.3,58,4.7,0.5
5,2021,9,64,5.2,91,6.8,17,1.4,,,45,3.6,65,5.3,0.5
5,2021,10,66,5.3,89,6.6,12,1,,,38,3,54,4.3,0.5
5,2021,11,61,4.9,82,6.1,11,0.9,,,43,3.4,58,4.6,0.5
5,2021,12,64,5.1,84,6.3,14,1.1,,,41,3.3,57,4.5,0.5
5,2022,1,65,5.2,89,6.6,13,1,,,45,3.6,61,4.8,0.5
5,2022,2,68,5.4,93,6.8,12,0.9,,,40,3.2,55,4.3,0.5
5,2022,3,63,5,101,7.4,17,1.3,,,46,3.6,66,5.2,0.4
5,2022,4,62,4.9,104,7.6,14,1.1,,,41,3.2,58,4.6,0.4
5,2022,5,63,4.9,103,7.5,13,1,,,39,3.1,56,4.4,0.4
5,2022,6,64,5,103,7.4,12,0.9,,,41,3.2,56,4.4,0.4
5,2022,7,65,5,100,7.2,13,1,,,40,3.1,55,4.3,0.4
5,2022,8,62,4.8,94,6.8,14,1.1,,,42,3.3,59,4.6,0.5
5,2022,9,56,4.3,96,6.9,12,0.9,,,40,3.1,55,4.2,0.5
5,2022,10,60,4.6,96,6.9,13,1,,,38,2.9,52,4,0.4
5,2022,11,62,4.8,93,6.7,15,1.2,,,40,3.1,58,4.5,0.5
5,2022,12,61,4.7,93,6.7,14,1.1,,,40,3.1,58,4.5,0.4
5,2023,1,58,4.4,92,6.6,16,1.2,,,35,2.7,53,4.1,0.4
5,2023,2,55,4.2,89,6.4,13,1,,,40,3.1,55,4.2,0.4
5,2023,3,58,4.4,92,6.6,16,1.2,,,40,3.1,58,4.4,0.4
5,2023,4,60,4.6,92,6.6,15,1.1,,,37,2.8,55,4.2,0.4
5,2023,5,63,4.8,88,6.3,15,1.1,,,46,3.5,63,4.8,0.5
5,2023,6,60,4.6,86,6.1,17,1.3,,,38,2.9,57,4.3,0.5
5,2023,7,51,3.9,69,5,14,1.1,,,32,2.4,49,3.7,0.6
5,2023,8,57,4.3,82,5.9,13,1,,,38,2.9,54,4.1,0.6
5,2023,9,62,4.7,95,6.7,16,1.2,,,36,2.7,55,4.2,0.5
5,2023,10,55,4.2,79,5.7,12,0.9,,,33,2.5,49,3.7,0.6
5,2023,11,54,4.1,71,5.1,14,1.1,,,36,2.7,54,4.1,0.7
5,2023,12,58,4.4,77,5.5,14,1.1,,,33,2.5,50,3.8,0.6
5,2024,1,52,3.9,71,5.1,14,1.1,,,32,2.4,49,3.7,0.7
5,2024,2,62,4.7,78,5.6,13,1,,,32,2.4,48,3.6,0.6
5,2024,3,56,4.2,72,5.1,13,1,,,31,2.3,46,3.5,0.7
5,2024,4,53,4,67,4.8,15,1.1,,,34,2.6,52,3.9,0.7
5,2024,5,55,4.1,69,4.9,14,1.1,,,35,2.6,52,3.9,0.7
5,2024,6,54,4.1,71,5.1,13,1,,,32,2.4,47,3.5,0.7
5,2024,7,49,3.7,62,4.5,14,1.1,,,32,2.4,48,3.6,0.8
5,2024,8,44,3.3,64,4.6,19,1.4,,,25,1.9,46,3.5,0.8
5,2024,9,53,4,62,4.4,14,1,,,28,2.1,45,3.4,0.8
5,2024,10,50,3.7,62,4.4,16,1.2,,,34,2.5,52,3.9,0.8
5,2024,11,51,3.8,70,5,13,1,,,26,1.9,41,3.1,0.7
5,2024,12,52,3.9,66,4.7,13,1,,,28,2.1,43,3.2,0.8
5,2025,1,51,3.8,66,4.7,15,1.1,,,29,2.2,46,3.4,0.8
5,2025,2,45,3.4,65,4.6,13,1,,,29,2.2,44,3.3,0.8
5,2025,3,48,3.6,59,4.2,11,0.8,,,32,2.4,44,3.3,0.9
5,2025,4,47,3.5,64,4.6,15,1.1,,,26,1.9,44,3.3,0.9
5,2025,5,40,3,65,4.6,12,0.9,,,29,2.2,43,3.2,0.9
5,2025,6,48,3.6,63,4.5,14,1,,,24,1.8,41,3.1,0.9
5,2025,7,45,3.4,64,4.6,14,1,,,24,1.8,41,3.1,0.9
5,2025,8,48,3.6,65,4.6,16,1.2,,,26,1.9,44,3.3,0.9
5,2025,9,42,3.1,65,4.6,13,1,,,25,1.9,41,3.1,0.9
5,2025,10,44,3.3,65,4.6,16,1.2,,,32,2.4,50,3.7,
5,2025,11,49,3.7,69,4.9,14,1,,,28,2.1,44,3.3,0.9
5,2025,12,46,3.4,60,4.3,14,1,,,27,2,44,3.3,1
6,2012,1,462,3.2,399,2.7,189,1.3,,,183,1.3,404,2.8,5.1
6,2012,2,444,3,348,2.3,191,1.3,,,211,1.4,433,3,5.8
6,2012,3,433,3,375,2.5,189,1.3,,,225,1.5,448,3.1,5.3
6,2012,4,454,3.1,353,2.3,188,1.3,,,204,1.4,427,2.9,5.6
6,2012,5,461,3.1,369,2.4,169,1.1,,,192,1.3,403,2.7,5.3
6,2012,6,412,2.8,388,2.6,220,1.5,,,200,1.4,458,3.1,5
6,2012,7,426,2.9,341,2.3,191,1.3,,,187,1.3,422,2.9,5.6
6,2012,8,437,3,364,2.4,210,1.4,,,179,1.2,422,2.9,5.2
6,2012,9,356,2.4,393,2.6,189,1.3,,,178,1.2,401,2.7,4.7
6,2012,10,437,2.9,347,2.3,188,1.3,,,201,1.4,425,2.9,5.3
6,2012,11,501,3.4,398,2.6,246,1.7,,,199,1.3,471,3.2,4.6
6,2012,12,473,3.2,398,2.6,215,1.4,,,195,1.3,445,3,4.5
6,2013,1,445,3,379,2.5,205,1.4,,,236,1.6,479,3.2,4.7
6,2013,2,473,3.2,408,2.6,192,1.3,,,210,1.4,435,2.9,4.3
6,2013,3,476,3.2,441,2.8,182,1.2,,,211,1.4,426,2.8,4
6,2013,4,454,3,420,2.7,238,1.6,,,204,1.4,471,3.1,4.1
6,2013,5,483,3.2,454,2.9,207,1.4,,,228,1.5,470,3.1,3.8
6,2013,6,464,3.1,443,2.8,162,1.1,,,214,1.4,418,2.8,3.8
6,2013,7,489,3.2,480,3.1,195,1.3,,,242,1.6,471,3.1,3.5
6,2013,8,502,3.3,476,3,186,1.2,,,260,1.7,494,3.2,3.5
6,2013,9,517,3.4,466,3,200,1.3,,,220,1.4,443,2.9,3.5
6,2013,10,513,3.4,462,2.9,191,1.3,,,230,1.5,453,3,3.5
6,2013,11,461,3,457,2.9,187,1.2,,,234,1.5,451,2.9,3.5
6,2013,12,483,3.1,457,2.9,183,1.2,,,232,1.5,452,2.9,3.4
6,2014,1,506,3.3,456,2.9,211,1.4,,,214,1.4,459,3,3.4
6,2014,2,531,3.4,521,3.3,228,1.5,,,223,1.4,499,3.2,2.9
6,2014,3,505,3.3,449,2.8,221,1.4,,,231,1.5,485,3.1,3.3
6,2014,4,492,3.2,512,3.2,206,1.3,,,255,1.6,495,3.2,2.9
6,2014,5,483,3.1,494,3.1,223,1.4,,,259,1.7,508,3.3,2.9
6,2014,6,581,3.7,536,3.3,259,1.7,,,215,1.4,504,3.2,2.6
6,2014,7,472,3,520,3.2,193,1.2,,,301,1.9,532,3.4,2.7
6,2014,8,530,3.4,600,3.7,180,1.2,,,235,1.5,454,2.9,2.3
6,2014,9,534,3.4,509,3.1,186,1.2,,,255,1.6,486,3.1,2.7
6,2014,10,518,3.3,539,3.3,211,1.3,,,272,1.7,527,3.4,2.5
6,2014,11,482,3.1,543,3.3,198,1.3,,,259,1.6,511,3.2,2.4
6,2014,12,540,3.4,541,3.3,197,1.2,,,245,1.6,484,3.1,2.4
6,2015,1,497,3.1,587,3.6,171,1.1,,,271,1.7,479,3,2.2
6,2015,2,520,3.3,605,3.7,198,1.2,,,268,1.7,500,3.2,2.1
6,2015,3,517,3.3,584,3.5,254,1.6,,,288,1.8,589,3.7,2.1
6,2015,4,548,3.4,584,3.5,218,1.4,,,281,1.8,540,3.4,2.1
6,2015,5,515,3.2,596,3.6,202,1.3,,,276,1.7,519,3.3,2
6,2015,6,558,3.5,568,3.4,205,1.3,,,279,1.7,523,3.3,2.1
6,2015,7,547,3.4,644,3.8,224,1.4,,,274,1.7,530,3.3,1.8
6,2015,8,543,3.4,541,3.2,211,1.3,,,295,1.8,547,3.4,2.1
6,2015,9,576,3.6,575,3.4,242,1.5,,,282,1.7,561,3.5,1.9
6,2015,10,572,3.5,607,3.6,188,1.2,,,305,1.9,527,3.2,1.8
6,2015,11,567,3.5,569,3.4,173,1.1,,,276,1.7,487,3,1.9
6,2015,12,572,3.5,600,3.6,190,1.2,,,295,1.8,521,3.2,1.8
6,2016,1,588,3.6,649,3.8,189,1.2,,,318,2,561,3.4,1.7
6,2016,2,591,3.6,633,3.7,163,1,,,343,2.1,545,3.3,1.7
6,2016,3,521,3.2,667,3.9,180,1.1,,,313,1.9,530,3.2,1.6
6,2016,4,557,3.4,660,3.9,201,1.2,,,323,2,563,3.4,1.6
6,2016,5,603,3.7,624,3.7,220,1.3,,,316,1.9,567,3.4,1.7
6,2016,6,567,3.4,623,3.7,195,1.2,,,323,2,556,3.4,1.7
6,2016,7,574,3.5,611,3.6,142,0.9,,,310,1.9,490,3,1.7
6,2016,8,569,3.4,628,3.7,183,1.1,,,304,1.8,523,3.2,1.7
6,2016,9,525,3.2,676,3.9,160,1,,,333,2,533,3.2,1.6
6,2016,10,536,3.2,664,3.8,176,1.1,,,312,1.9,534,3.2,1.6
6,2016,11,569,3.4,749,4.3,183,1.1,,,328,2,558,3.4,1.4
6,2016,12,583,3.5,654,3.8,154,0.9,,,274,1.6,480,2.9,1.6
6,2017,1,613,3.7,608,3.5,180,1.1,,,365,2.2,588,3.5,1.7
6,2017,2,560,3.4,618,3.6,154,0.9,,,298,1.8,499,3,1.6
6,2017,3,562,3.4,621,3.6,180,1.1,,,328,2,547,3.3,1.6
6,2017,4,535,3.2,636,3.7,169,1,,,319,1.9,533,3.2,1.5
6,2017,5,548,3.3,660,3.8,148,0.9,,,309,1.8,501,3,1.4
6,2017,6,582,3.5,699,4,162,1,,,331,2,535,3.2,1.3
6,2017,7,548,3.3,697,4,176,1,,,319,1.9,536,3.2,1.3
6,2017,8,551,3.3,698,4,169,1,,,317,1.9,528,3.1,1.3
6,2017,9,558,3.3,665,3.8,174,1,,,319,1.9,526,3.1,1.4
6,2017,10,541,3.2,702,4,179,1.1,,,296,1.7,508,3,1.3
6,2017,11,559,3.3,672,3.8,163,1,,,301,1.8,504,3,1.3
6,2017,12,564,3.3,719,4.1,171,1,,,336,2,541,3.2,1.2
6,2018,1,536,3.1,728,4.1,173,1,,,334,2,546,3.2,1.2
6,2018,2,565,3.3,743,4.2,213,1.2,,,338,2,588,3.4,1.1
6,2018,3,607,3.6,732,4.1,189,1.1,,,345,2,583,3.4,1.1
6,2018,4,580,3.4,744,4.2,161,0.9,,,336,2,536,3.1,1.1
6,2018,5,566,3.3,758,4.2,159,0.9,,,354,2.1,560,3.3,1.1
6,2018,6,547,3.2,740,4.1,158,0.9,,,322,1.9,529,3.1,1.1
6,2018,7,555,3.2,789,4.4,170,1,,,339,2,544,3.2,1
6,2018,8,585,3.4,795,4.4,202,1.2,,,334,1.9,574,3.3,1
6,2018,9,557,3.2,778,4.3,168,1,,,330,1.9,545,3.2,1
6,2018,10,628,3.6,707,3.9,176,1,,,365,2.1,589,3.4,1.2
6,2018,11,592,3.4,796,4.4,187,1.1,,,350,2,573,3.3,1
6,2018,12,558,3.2,767,4.2,183,1.1,,,328,1.9,547,3.2,1.1
6,2019,1,559,3.2,757,4.2,182,1.1,,,349,2,570,3.3,1.1
6,2019,2,505,2.9,737,4.1,198,1.1,,,373,2.2,608,3.5,1.1
6,2019,3,548,3.2,761,4.2,132,0.8,,,335,1.9,507,2.9,1.1
6,2019,4,576,3.3,774,4.3,252,1.5,,,357,2.1,647,3.7,1
6,2019,5,608,3.5,752,4.1,252,1.4,,,350,2,639,3.7,1
6,2019,6,597,3.4,831,4.6,176,1,,,357,2,568,3.3,0.9
6,2019,7,583,3.3,771,4.2,271,1.6,,,351,2,674,3.9,1
6,2019,8,623,3.6,740,4.1,182,1,,,374,2.1,597,3.4,1.1
6,2019,9,601,3.4,761,4.2,215,1.2,,,385,2.2,636,3.6,1
6,2019,10,589,3.4,803,4.4,204,1.2,,,361,2.1,610,3.5,1
6,2019,11,599,3.4,756,4.1,230,1.3,,,396,2.3,674,3.8,1.1
6,2019,12,620,3.5,753,4.1,233,1.3,,,385,2.2,662,3.8,1.1
6,2020,1,654,3.7,792,4.3,205,1.2,,,344,1.9,606,3.4,1.1
6,2020,2,638,3.6,776,4.2,209,1.2,,,350,2,601,3.4,1.1
6,2020,3,551,3.2,664,3.7,1524,8.7,,,312,1.8,1887,10.8,1.6
6,2020,4,457,3.1,452,2.9,1100,7.4,,,191,1.3,1341,9,6.7
6,2020,5,1026,6.8,603,3.8,230,1.5,,,211,1.4,479,3.2,4.9
6,2020,6,797,5.1,627,3.9,297,1.9,,,251,1.6,591,3.8,4.2
6,2020,7,712,4.5,731,4.5,256,1.6,,,326,2.1,626,4,3.4
6,2020,8,631,4,654,4,178,1.1,,,267,1.7,486,3.1,3.4
6,2020,9,707,4.4,666,4,198,1.2,,,302,1.9,543,3.4,2.8
6,2020,10,662,4.1,685,4.1,213,1.3,,,313,1.9,564,3.5,2.5
6,2020,11,579,3.6,711,4.2,259,1.6,,,267,1.6,570,3.5,2.4
6,2020,12,575,3.6,676,4,267,1.7,,,307,1.9,613,3.8,2.5
6,2021,1,567,3.5,709,4.2,217,1.4,,,284,1.8,544,3.4,2.3
6,2021,2,589,3.6,753,4.4,166,1,,,317,2,516,3.2,2.1
6,2021,3,653,4,824,4.8,173,1.1,,,338,2.1,548,3.4,1.9
6,2021,4,631,3.8,944,5.4,148,0.9,,,428,2.6,623,3.8,1.7
6,2021,5,662,4,966,5.5,118,0.7,,,361,2.2,526,3.2,1.6
6,2021,6,647,3.9,1045,5.9,130,0.8,,,407,2.4,587,3.5,1.4
6,2021,7,670,4,1099,6.1,113,0.7,,,445,2.6,599,3.5,1.3
6,2021,8,674,4,1162,6.4,123,0.7,,,443,2.6,612,3.6,1.2
6,2021,9,691,4.1,1198,6.6,147,0.9,,,460,2.7,651,3.8,1
6,2021,10,715,4.2,1208,6.6,152,0.9,,,420,2.4,620,3.6,1
6,2021,11,744,4.3,1247,6.7,135,0.8,,,430,2.5,605,3.5,0.9
6,2021,12,725,4.2,1279,6.9,152,0.9,,,421,2.4,627,3.6,0.8
6,2022,1,662,3.8,1181,6.4,160,0.9,,,462,2.7,668,3.8,0.8
6,2022,2,664,3.8,1288,6.9,166,0.9,,,456,2.6,660,3.8,0.7
6,2022,3,633,3.6,1328,7,173,1,,,472,2.7,681,3.9,0.6
6,2022,4,660,3.7,1291,6.8,132,0.7,,,477,2.7,639,3.6,0.6
6,2022,5,659,3.7,1379,7.3,179,1,,,479,2.7,708,4,0.6
6,2022,6,630,3.6,1233,6.5,166,0.9,,,381,2.2,587,3.3,0.6
6,2022,7,603,3.4,1302,6.8,115,0.6,,,402,2.3,559,3.2,0.6
6,2022,8,693,3.9,1157,6.1,165,0.9,,,435,2.4,643,3.6,0.6
6,2022,9,584,3.3,1192,6.3,179,1,,,383,2.2,597,3.4,0.6
6,2022,10,618,3.5,1198,6.3,130,0.7,,,361,2,540,3,0.7
6,2022,11,620,3.5,1194,6.3,129,0.7,,,424,2.4,600,3.4,0.7
6,2022,12,570,3.2,1249,6.6,165,0.9,,,398,2.2,607,3.4,0.7
6,2023,1,628,3.5,936,5,161,0.9,,,409,2.3,599,3.4,0.9
6,2023,2,587,3.3,908,4.9,195,1.1,,,392,2.2,627,3.5,1
6,2023,3,544,3.1,922,4.9,250,1.4,,,353,2,642,3.6,1
6,2023,4,455,2.6,1014,5.4,145,0.8,,,334,1.9,510,2.9,0.9
6,2023,5,549,3.1,853,4.6,142,0.8,,,341,1.9,514,2.9,1
6,2023,6,627,3.5,907,4.8,163,0.9,,,350,2,540,3,1
6,2023,7,600,3.4,844,4.5,188,1.1,,,300,1.7,521,2.9,1.1
6,2023,8,537,3,922,4.9,202,1.1,,,270,1.5,514,2.9,1
6,2023,9,539,3,879,4.7,170,1,,,324,1.8,553,3.1,1.1
6,2023,10,562,3.1,787,4.2,184,1,,,319,1.8,539,3,1.2
6,2023,11,486,2.7,733,3.9,178,1,,,322,1.8,538,3,1.3
6,2023,12,520,2.9,784,4.2,195,1.1,,,319,1.8,549,3.1,1.3
6,2024,1,478,2.7,801,4.3,162,0.9,,,287,1.6,483,2.7,1.3
6,2024,2,500,2.8,788,4.2,191,1.1,,,362,2,594,3.3,1.3
6,2024,3,591,3.3,739,4,188,1,,,300,1.7,528,2.9,1.4
6,2024,4,551,3.1,628,3.4,180,1,,,273,1.5,496,2.8,1.6
6,2024,5,499,2.8,684,3.7,198,1.1,,,335,1.9,559,3.1,1.5
6,2024,6,443,2.5,632,3.4,172,1,,,277,1.5,489,2.7,1.7
6,2024,7,561,3.1,614,3.3,200,1.1,,,388,2.2,630,3.5,1.7
6,2024,8,497,2.8,607,3.3,172,1,,,320,1.8,534,3,1.8
6,2024,9,523,2.9,555,3,164,0.9,,,282,1.6,477,2.7,1.9
6,2024,10,466,2.6,660,3.5,181,1,,,332,1.8,540,3,1.6
6,2024,11,503,2.8,696,3.7,261,1.4,,,346,1.9,641,3.6,1.5
6,2024,12,529,2.9,650,3.5,164,0.9,,,345,1.9,554,3.1,1.6
6,2025,1,536,3,666,3.6,168,0.9,,,348,1.9,550,3.1,1.6
6,2025,2,550,3.1,667,3.6,166,0.9,,,324,1.8,521,2.9,1.6
6,2025,3,484,2.7,625,3.4,177,1,,,380,2.1,589,3.3,1.7
6,2025,4,521,2.9,669,3.6,210,1.2,,,366,2,614,3.4,1.6
6,2025,5,553,3.1,599,3.2,206,1.1,,,317,1.8,563,3.1,1.8
6,2025,6,549,3,663,3.5,261,1.4,,,351,1.9,666,3.7,1.6
6,2025,7,554,3.1,728,3.9,199,1.1,,,322,1.8,561,3.1,1.5
6,2025,8,576,3.2,701,3.7,180,1,,,362,2,578,3.2,1.6
6,2025,9,567,3.1,656,3.5,232,1.3,,,287,1.6,574,3.2,1.7
6,2025,10,513,2.8,685,3.7,249,1.4,,,265,1.5,550,3.1,
6,2025,11,554,3.1,676,3.6,204,1.1,,,276,1.5,514,2.8,1.6
6,2025,12,581,3.2,674,3.6,184,1,,,314,1.7,528,2.9,1.6
8,2012,1,75,3.3,57,2.4,25,1.1,,,33,1.4,62,2.7,4
8,2012,2,74,3.2,48,2.1,30,1.3,,,33,1.4,67,2.9,4.8
8,2012,3,78,3.4,61,2.6,28,1.2,,,35,1.5,69,3,3.7
8,2012,4,85,3.7,56,2.4,35,1.5,,,36,1.6,78,3.4,4
8,2012,5,94,4.1,59,2.5,36,1.6,,,48,2.1,93,4,3.8
8,2012,6,83,3.6,63,2.7,33,1.4,,,36,1.6,72,3.1,3.6
8,2012,7,77,3.3,66,2.8,28,1.2,,,40,1.7,75,3.2,3.4
8,2012,8,89,3.8,59,2.5,30,1.3,,,42,1.8,77,3.3,3.7
8,2012,9,87,3.7,75,3.1,30,1.3,,,39,1.7,73,3.1,2.9
8,2012,10,90,3.9,62,2.6,31,1.3,,,40,1.7,76,3.3,3.4
8,2012,11,93,4,65,2.7,33,1.4,,,49,2.1,90,3.9,3.2
8,2012,12,86,3.7,70,2.9,19,0.8,,,42,1.8,65,2.8,2.9
8,2013,1,111,4.7,70,2.9,39,1.7,,,63,2.7,111,4.7,2.9
8,2013,2,108,4.6,71,2.9,27,1.1,,,48,2,80,3.4,2.8
8,2013,3,92,3.9,69,2.8,32,1.4,,,46,1.9,83,3.5,2.8
8,2013,4,99,4.2,75,3.1,32,1.4,,,56,2.4,94,4,2.6
8,2013,5,95,4,73,3,31,1.3,,,50,2.1,86,3.6,2.6
8,2013,6,99,4.2,69,2.8,28,1.2,,,48,2,83,3.5,2.7
8,2013,7,110,4.6,67,2.7,37,1.6,,,61,2.6,104,4.4,2.8
8,2013,8,106,4.4,66,2.7,45,1.9,,,67,2.8,118,4.9,2.8
8,2013,9,106,4.4,71,2.9,42,1.8,,,48,2,96,4,2.5
8,2013,10,100,4.2,77,3.1,35,1.5,,,44,1.8,85,3.5,2.3
8,2013,11,106,4.4,76,3.1,32,1.3,,,57,2.4,96,4,2.3
8,2013,12,100,4.1,80,3.2,40,1.7,,,62,2.6,105,4.4,2.1
8,2014,1,99,4.1,81,3.2,44,1.8,,,65,2.7,114,4.7,2
8,2014,2,100,4.1,84,3.3,42,1.7,,,62,2.6,108,4.4,1.9
8,2014,3,113,4.6,83,3.3,43,1.8,,,60,2.5,108,4.4,1.9
8,2014,4,112,4.6,86,3.4,31,1.3,,,59,2.4,94,3.8,1.8
8,2014,5,113,4.6,91,3.6,34,1.4,,,46,1.9,84,3.4,1.6
8,2014,6,106,4.3,111,4.3,38,1.5,,,61,2.5,107,4.3,1.3
8,2014,7,115,4.7,105,4.1,38,1.5,,,66,2.7,111,4.5,1.3
8,2014,8,108,4.4,108,4.2,30,1.2,,,59,2.4,94,3.8,1.2
8,2014,9,118,4.8,104,4,34,1.4,,,66,2.7,105,4.2,1.2
8,2014,10,128,5.1,101,3.9,33,1.3,,,67,2.7,104,4.2,1.2
8,2014,11,89,3.6,100,3.9,38,1.5,,,57,2.3,100,4,1.2
8,2014,12,106,4.2,104,4,28,1.1,,,58,2.3,95,3.8,1.1
8,2015,1,111,4.4,100,3.8,29,1.2,,,60,2.4,95,3.8,1.2
8,2015,2,120,4.8,114,4.3,34,1.3,,,63,2.5,104,4.1,1
8,2015,3,130,5.2,116,4.4,28,1.1,,,70,2.8,106,4.2,1
8,2015,4,101,4,116,4.4,38,1.5,,,49,1.9,92,3.6,1
8,2015,5,101,4,109,4.1,31,1.2,,,67,2.6,105,4.1,1
8,2015,6,98,3.9,101,3.8,54,2.1,,,70,2.8,132,5.2,1
8,2015,7,115,4.5,119,4.5,36,1.4,,,54,2.1,94,3.7,0.9
8,2015,8,100,3.9,102,3.9,32,1.3,,,58,2.3,98,3.8,1
8,2015,9,115,4.5,103,3.9,29,1.1,,,62,2.4,98,3.8,0.9
8,2015,10,122,4.8,106,4,33,1.3,,,66,2.6,106,4.1,0.9
8,2015,11,118,4.6,109,4.1,43,1.7,,,100,3.9,151,5.9,0.9
8,2015,12,135,5.2,104,3.9,41,1.6,,,69,2.7,119,4.6,0.9
8,2016,1,115,4.5,114,4.2,47,1.8,,,61,2.4,122,4.7,0.8
8,2016,2,118,4.6,107,4,48,1.9,,,59,2.3,115,4.5,0.9
8,2016,3,105,4.1,115,4.3,46,1.8,,,75,2.9,126,4.9,0.8
8,2016,4,159,6.1,120,4.4,48,1.9,,,75,2.9,129,5,0.8
8,2016,5,111,4.3,125,4.6,33,1.3,,,73,2.8,114,4.4,0.8
8,2016,6,134,5.2,125,4.6,37,1.4,,,66,2.5,109,4.2,0.7
8,2016,7,124,4.8,141,5.1,52,2,,,69,2.6,127,4.9,0.7
8,2016,8,118,4.5,114,4.2,40,1.5,,,63,2.4,107,4.1,0.8
8,2016,9,151,5.8,119,4.3,45,1.7,,,68,2.6,119,4.5,0.7
8,2016,10,114,4.4,117,4.3,44,1.7,,,89,3.4,139,5.3,0.7
8,2016,11,102,3.9,113,4.1,38,1.4,,,67,2.6,112,4.3,0.7
8,2016,12,125,4.8,132,4.8,59,2.2,,,76,2.9,142,5.4,0.6
8,2017,1,115,4.4,118,4.3,29,1.1,,,67,2.6,103,3.9,0.6
8,2017,2,99,3.8,118,4.3,31,1.2,,,69,2.6,106,4,0.6
8,2017,3,114,4.3,95,3.5,25,0.9,,,63,2.4,95,3.6,0.7
8,2017,4,100,3.8,118,4.3,25,0.9,,,66,2.5,98,3.7,0.6
8,2017,5,105,4,118,4.3,39,1.5,,,66,2.5,111,4.2,0.6
8,2017,6,109,4.1,119,4.3,32,1.2,,,66,2.5,103,3.9,0.6
8,2017,7,92,3.5,119,4.3,28,1.1,,,66,2.5,98,3.7,0.6
8,2017,8,100,3.7,131,4.7,34,1.3,,,87,3.3,132,4.9,0.6
8,2017,9,102,3.8,125,4.5,29,1.1,,,77,2.9,114,4.3,0.7
8,2017,10,110,4.1,142,5,31,1.2,,,52,1.9,88,3.3,0.6
8,2017,11,119,4.4,131,4.7,24,0.9,,,66,2.5,95,3.5,0.7
8,2017,12,106,3.9,130,4.6,26,1,,,66,2.5,99,3.7,0.7
8,2018,1,115,4.3,129,4.6,36,1.3,,,69,2.6,113,4.2,0.7
8,2018,2,123,4.5,148,5.2,50,1.8,,,69,2.6,133,4.9,0.6
8,2018,3,130,4.8,147,5.1,36,1.3,,,75,2.8,117,4.3,0.6
8,2018,4,108,4,131,4.6,50,1.8,,,73,2.7,126,4.6,0.7
8,2018,5,129,4.7,133,4.7,40,1.5,,,74,2.7,121,4.4,0.7
8,2018,6,111,4.1,138,4.8,48,1.8,,,76,2.8,132,4.8,0.7
8,2018,7,118,4.3,123,4.3,37,1.4,,,81,3,125,4.6,0.8
8,2018,8,123,4.5,145,5,27,1,,,80,2.9,114,4.2,0.7
8,2018,9,109,4,157,5.4,30,1.1,,,71,2.6,105,3.8,0.6
8,2018,10,96,3.5,144,5,29,1.1,,,83,3,118,4.3,0.7
8,2018,11,113,4.1,154,5.3,28,1,,,71,2.6,105,3.8,0.6
8,2018,12,103,3.7,156,5.4,24,0.9,,,59,2.1,89,3.2,0.6
8,2019,1,118,4.3,156,5.3,32,1.2,,,70,2.5,109,3.9,0.6
8,2019,2,110,4,150,5.1,31,1.1,,,72,2.6,106,3.8,0.6
8,2019,3,96,3.5,155,5.3,35,1.3,,,67,2.4,108,3.9,0.5
8,2019,4,149,5.4,154,5.3,33,1.2,,,72,2.6,119,4.3,0.5
8,2019,5,102,3.7,152,5.2,31,1.1,,,71,2.5,107,3.8,0.5
8,2019,6,112,4,150,5.1,22,0.8,,,74,2.7,102,3.7,0.5
8,2019,7,123,4.4,154,5.2,34,1.2,,,72,2.6,110,3.9,0.5
8,2019,8,123,4.4,148,5,42,1.5,,,77,2.7,125,4.5,0.5
8,2019,9,119,4.2,148,5,36,1.3,,,79,2.8,122,4.4,0.5
8,2019,10,111,4,131,4.5,45,1.6,,,77,2.7,128,4.6,0.6
8,2019,11,98,3.5,134,4.6,36,1.3,,,80,2.8,121,4.3,0.6
8,2019,12,122,4.3,129,4.4,34,1.2,,,80,2.8,119,4.2,0.7
8,2020,1,121,4.3,124,4.2,31,1.1,,,86,3,121,4.3,0.8
8,2020,2,117,4.1,124,4.2,32,1.1,,,83,2.9,120,4.3,0.8
8,2020,3,115,4.1,102,3.5,263,9.4,,,62,2.2,339,12.1,1
8,2020,4,99,4.1,98,3.9,239,9.8,,,24,1,276,11.3,3.4
8,2020,5,183,7.3,111,4.2,38,1.5,,,32,1.3,81,3.2,3.3
8,2020,6,156,6.1,99,3.7,60,2.3,,,61,2.4,132,5.1,3.5
8,2020,7,122,4.7,108,4,45,1.7,,,56,2.2,111,4.3,1.8
8,2020,8,111,4.2,111,4.1,20,0.8,,,62,2.4,93,3.5,1.7
8,2020,9,121,4.6,115,4.2,39,1.5,,,60,2.3,109,4.1,1.7
8,2020,10,120,4.5,107,3.9,24,0.9,,,58,2.2,93,3.5,1.8
8,2020,11,101,3.8,108,3.9,79,3,,,65,2.4,154,5.8,1.8
8,2020,12,113,4.3,113,4.1,65,2.5,,,79,3,151,5.7,1.8
8,2021,1,117,4.4,136,4.8,37,1.4,,,56,2.1,98,3.7,1.4
8,2021,2,120,4.5,137,4.8,28,1,,,58,2.2,91,3.4,1.4
8,2021,3,110,4.1,141,4.9,43,1.6,,,70,2.6,118,4.4,1.4
8,2021,4,118,4.3,186,6.4,15,0.6,,,67,2.5,88,3.2,1
8,2021,5,120,4.4,209,7.1,25,0.9,,,80,2.9,110,4,0.9
8,2021,6,142,5.2,240,8,31,1.1,,,83,3,120,4.4,0.8
8,2021,7,147,5.3,221,7.4,50,1.8,,,103,3.7,157,5.7,0.8
8,2021,8,144,5.2,221,7.4,67,2.4,,,104,3.8,179,6.5,0.8
8,2021,9,135,4.9,205,6.9,31,1.1,,,116,4.2,151,5.4,0.8
8,2021,10,115,4.1,197,6.6,16,0.6,,,115,4.1,137,4.9,0.7
8,2021,11,142,5.1,219,7.2,26,0.9,,,84,3,115,4.1,0.6
8,2021,12,137,4.9,256,8.3,40,1.4,,,84,3,130,4.6,0.5
8,2022,1,140,5,222,7.3,25,0.9,,,90,3.2,128,4.5,0.6
8,2022,2,136,4.8,206,6.8,38,1.3,,,93,3.3,139,4.9,0.6
8,2022,3,133,4.7,229,7.4,22,0.8,,,92,3.2,122,4.3,0.5
8,2022,4,139,4.8,224,7.2,22,0.8,,,85,3,113,3.9,0.4
8,2022,5,137,4.8,239,7.7,34,1.2,,,85,3,129,4.5,0.4
8,2022,6,125,4.4,230,7.4,29,1,,,68,2.4,107,3.7,0.4
8,2022,7,106,3.7,225,7.3,27,0.9,,,80,2.8,118,4.1,0.4
8,2022,8,130,4.5,205,6.6,45,1.6,,,74,2.6,128,4.4,0.4
8,2022,9,127,4.4,207,6.7,38,1.3,,,85,2.9,131,4.5,0.4
8,2022,10,133,4.6,228,7.3,52,1.8,,,70,2.4,126,4.4,0.4
8,2022,11,125,4.3,215,6.9,50,1.7,,,89,3.1,148,5.1,0.4
8,2022,12,117,4,291,9.1,28,1,,,91,3.1,131,4.5,0.3
8,2023,1,116,4,262,8.3,30,1,,,76,2.6,114,3.9,0.4
8,2023,2,130,4.5,259,8.2,30,1,,,79,2.7,114,3.9,0.4
8,2023,3,118,4,232,7.4,42,1.4,,,69,2.4,123,4.2,0.4
8,2023,4,120,4.1,256,8,34,1.2,,,75,2.6,113,3.9,0.4
8,2023,5,114,3.9,198,6.3,25,0.9,,,66,2.2,96,3.3,0.5
8,2023,6,107,3.6,204,6.5,23,0.8,,,62,2.1,89,3,0.5
8,2023,7,88,3,182,5.8,28,1,,,63,2.1,98,3.3,0.6
8,2023,8,87,3,196,6.2,22,0.7,,,71,2.4,98,3.3,0.6
8,2023,9,99,3.4,196,6.2,22,0.7,,,56,1.9,87,2.9,0.6
8,2023,10,136,4.6,201,6.4,26,0.9,,,70,2.4,102,3.5,0.6
8,2023,11,120,4.1,245,7.7,29,1,,,61,2.1,103,3.5,0.5
8,2023,12,112,3.8,212,6.7,36,1.2,,,67,2.3,108,3.7,0.6
8,2024,1,110,3.7,179,5.7,34,1.1,,,75,2.5,114,3.9,0.7
8,2024,2,96,3.2,178,5.7,27,0.9,,,71,2.4,103,3.5,0.7
8,2024,3,100,3.4,186,5.9,26,0.9,,,70,2.4,102,3.4,0.7
8,2024,4,101,3.4,173,5.5,42,1.4,,,88,3,137,4.6,0.8
8,2024,5,108,3.6,175,5.6,42,1.4,,,63,2.1,109,3.7,0.8
8,2024,6,114,3.8,178,5.6,42,1.4,,,75,2.5,125,4.2,0.8
8,2024,7,133,4.5,194,6.1,45,1.5,,,107,3.6,156,5.3,0.7
8,2024,8,105,3.5,150,4.8,30,1,,,75,2.5,112,3.8,0.9
8,2024,9,104,3.5,158,5,39,1.3,,,49,1.6,92,3.1,0.9
8,2024,10,99,3.3,170,5.4,49,1.6,,,60,2,115,3.9,0.8
8,2024,11,97,3.3,147,4.7,28,0.9,,,82,2.8,113,3.8,1
8,2024,12,123,4.1,114,3.7,29,1,,,49,1.6,83,2.8,1.2
8,2025,1,93,3.1,144,4.6,96,3.2,,,62,2.1,172,5.8,1
8,2025,2,98,3.3,149,4.8,42,1.4,,,57,1.9,102,3.4,0.9
8,2025,3,166,5.6,136,4.4,41,1.4,,,60,2,102,3.4,1
8,2025,4,148,5,132,4.3,21,0.7,,,57,1.9,83,2.8,1
8,2025,5,136,4.6,126,4.1,41,1.4,,,68,2.3,116,3.9,1.1
8,2025,6,98,3.3,118,3.9,38,1.3,,,63,2.1,106,3.6,1.1
8,2025,7,110,3.7,117,3.8,26,0.9,,,75,2.5,108,3.6,1.1
8,2025,8,104,3.5,125,4,47,1.6,,,55,1.9,110,3.7,1
8,2025,9,103,3.5,131,4.2,67,2.3,,,61,2.1,136,4.6,1
8,2025,10,108,3.6,125,4.1,32,1.1,,,59,2,95,3.2,
8,2025,11,97,3.3,109,3.6,40,1.4,,,64,2.2,111,3.7,1.1
8,2025,12,86,2.9,100,3.3,23,0.8,,,59,2,88,3,1.3
9,2012,1,40,2.4,42,2.5,23,1.4,,,20,1.2,48,2.9,3.8
9,2012,2,47,2.9,40,2.4,16,1,,,19,1.2,42,2.5,4
9,2012,3,53,3.2,43,2.5,21,1.3,,,17,1,41,2.5,3.7
9,2012,4,40,2.4,41,2.4,15,0.9,,,21,1.3,39,2.4,3.9
9,2012,5,40,2.4,42,2.5,15,0.9,,,17,1,35,2.1,3.8
9,2012,6,44,2.7,40,2.4,19,1.2,,,19,1.2,43,2.6,4
9,2012,7,35,2.1,41,2.4,16,1,,,17,1,38,2.3,3.9
9,2012,8,37,2.2,39,2.3,15,0.9,,,18,1.1,36,2.2,4.1
9,2012,9,43,2.6,39,2.3,21,1.3,,,14,0.8,38,2.3,4.1
9,2012,10,36,2.2,41,2.4,17,1,,,15,0.9,35,2.1,3.8
9,2012,11,42,2.5,41,2.4,19,1.1,,,17,1,39,2.4,3.8
9,2012,12,40,2.4,42,2.5,16,1,,,18,1.1,39,2.4,3.7
9,2013,1,44,2.7,43,2.5,19,1.1,,,22,1.3,45,2.7,3.6
9,2013,2,43,2.6,41,2.4,20,1.2,,,18,1.1,42,2.5,3.8
9,2013,3,44,2.7,41,2.4,22,1.3,,,17,1,41,2.5,3.7
9,2013,4,40,2.4,41,2.4,17,1,,,20,1.2,41,2.5,3.7
9,2013,5,39,2.3,38,2.2,22,1.3,,,19,1.1,45,2.7,4
9,2013,6,41,2.5,49,2.9,22,1.3,,,21,1.3,46,2.8,3.1
9,2013,7,45,2.7,37,2.2,21,1.3,,,19,1.1,43,2.6,4.1
9,2013,8,43,2.6,42,2.5,22,1.3,,,19,1.1,45,2.7,3.5
9,2013,9,36,2.2,42,2.5,17,1,,,21,1.3,41,2.5,3.5
9,2013,10,39,2.3,37,2.2,16,1,,,21,1.3,41,2.5,3.9
9,2013,11,36,2.2,43,2.5,11,0.7,,,17,1,32,1.9,3.3
9,2013,12,37,2.2,41,2.4,19,1.1,,,13,0.8,35,2.1,3.4
9,2014,1,38,2.3,44,2.6,18,1.1,,,16,1,38,2.3,3.1
9,2014,2,40,2.4,42,2.5,22,1.3,,,19,1.1,45,2.7,3.2
9,2014,3,39,2.3,46,2.7,16,1,,,19,1.1,41,2.5,2.8
9,2014,4,40,2.4,50,2.9,22,1.3,,,16,1,42,2.5,2.6
9,2014,5,42,2.5,50,2.9,20,1.2,,,18,1.1,42,2.5,2.5
9,2014,6,37,2.2,54,3.1,22,1.3,,,18,1.1,43,2.6,2.3
9,2014,7,42,2.5,51,3,18,1.1,,,22,1.3,43,2.6,2.4
9,2014,8,43,2.6,50,2.9,19,1.1,,,18,1.1,41,2.4,2.5
9,2014,9,50,3,51,3,21,1.3,,,21,1.3,48,2.9,2.4
9,2014,10,54,3.2,53,3.1,19,1.1,,,25,1.5,48,2.9,2.3
9,2014,11,42,2.5,48,2.8,17,1,,,24,1.4,46,2.7,2.5
9,2014,12,57,3.4,49,2.8,25,1.5,,,24,1.4,55,3.3,2.4
9,2015,1,39,2.3,53,3.1,19,1.1,,,21,1.2,44,2.6,2.2
9,2015,2,48,2.9,51,2.9,20,1.2,,,18,1.1,42,2.5,2.2
9,2015,3,45,2.7,42,2.4,14,0.8,,,26,1.5,44,2.6,2.6
9,2015,4,43,2.6,46,2.7,23,1.4,,,19,1.1,44,2.6,2.4
9,2015,5,43,2.5,58,3.3,9,0.5,,,20,1.2,33,2,1.9
9,2015,6,44,2.6,53,3,16,0.9,,,24,1.4,44,2.6,2
9,2015,7,49,2.9,59,3.4,18,1.1,,,24,1.4,46,2.7,1.8
9,2015,8,54,3.2,48,2.8,32,1.9,,,30,1.8,68,4,2.2
9,2015,9,54,3.2,55,3.2,16,0.9,,,23,1.4,46,2.7,1.9
9,2015,10,51,3,57,3.3,22,1.3,,,20,1.2,46,2.7,1.8
9,2015,11,57,3.4,60,3.4,15,0.9,,,23,1.4,42,2.5,1.7
9,2015,12,50,3,61,3.5,20,1.2,,,23,1.4,46,2.7,1.7
9,2016,1,45,2.7,60,3.4,23,1.4,,,25,1.5,56,3.3,1.7
9,2016,2,52,3.1,57,3.3,18,1.1,,,29,1.7,49,2.9,1.7
9,2016,3,63,3.7,59,3.4,23,1.4,,,24,1.4,51,3,1.6
9,2016,4,48,2.8,55,3.1,30,1.8,,,20,1.2,55,3.3,1.7
9,2016,5,46,2.7,60,3.4,16,0.9,,,25,1.5,44,2.6,1.6
9,2016,6,52,3.1,66,3.8,17,1,,,26,1.5,47,2.8,1.4
9,2016,7,47,2.8,62,3.5,19,1.1,,,28,1.7,51,3,1.5
9,2016,8,59,3.5,56,3.2,24,1.4,,,30,1.8,57,3.4,1.6
9,2016,9,53,3.1,59,3.4,16,0.9,,,27,1.6,46,2.7,1.5
9,2016,10,48,2.8,52,3,13,0.8,,,25,1.5,42,2.5,1.7
9,2016,11,54,3.2,62,3.5,27,1.6,,,29,1.7,62,3.7,1.4
9,2016,12,58,3.4,65,3.7,21,1.2,,,26,1.5,50,2.9,1.4
9,2017,1,58,3.4,66,3.7,18,1.1,,,31,1.8,54,3.2,1.3
9,2017,2,54,3.2,71,4,20,1.2,,,34,2,58,3.4,1.2
9,2017,3,51,3,66,3.7,22,1.3,,,32,1.9,66,3.9,1.3
9,2017,4,66,3.9,86,4.8,20,1.2,,,33,1.9,58,3.4,1
9,2017,5,68,4,66,3.7,20,1.2,,,30,1.8,54,3.2,1.3
9,2017,6,53,3.1,67,3.8,26,1.5,,,24,1.4,53,3.1,1.3
9,2017,7,53,3.1,65,3.7,22,1.3,,,23,1.4,48,2.8,1.3
9,2017,8,36,2.1,66,3.7,24,1.4,,,23,1.4,50,2.9,1.3
9,2017,9,53,3.1,65,3.7,25,1.5,,,24,1.4,52,3.1,1.3
9,2017,10,65,3.8,66,3.7,25,1.5,,,30,1.8,59,3.5,1.3
9,2017,11,49,2.9,66,3.7,24,1.4,,,30,1.8,57,3.4,1.2
9,2017,12,44,2.6,63,3.6,22,1.3,,,26,1.5,51,3,1.3
9,2018,1,50,2.9,66,3.7,26,1.5,,,22,1.3,53,3.1,1.2
9,2018,2,45,2.7,62,3.5,15,0.9,,,25,1.5,43,2.5,1.3
9,2018,3,44,2.6,64,3.6,19,1.1,,,26,1.5,49,2.9,1.2
9,2018,4,48,2.8,66,3.8,15,0.9,,,28,1.7,48,2.8,1.2
9,2018,5,54,3.2,67,3.8,19,1.1,,,27,1.6,50,2.9,1.1
9,2018,6,51,3,70,3.9,21,1.2,,,27,1.6,52,3.1,1.1
9,2018,7,53,3.1,71,4,19,1.1,,,27,1.6,49,2.9,1
9,2018,8,51,3,71,4,14,0.8,,,28,1.6,46,2.7,1
9,2018,9,47,2.8,71,4,16,0.9,,,26,1.5,46,2.7,1
9,2018,10,52,3.1,68,3.8,16,0.9,,,23,1.4,42,2.5,1.1
9,2018,11,54,3.2,62,3.5,16,0.9,,,23,1.4,44,2.6,1.2
9,2018,12,57,3.3,65,3.7,12,0.7,,,27,1.6,41,2.4,1.1
9,2019,1,53,3.1,61,3.5,17,1,,,24,1.4,45,2.7,1.2
9,2019,2,52,3.1,63,3.6,16,0.9,,,23,1.4,43,2.5,1.1
9,2019,3,70,4.1,66,3.7,29,1.7,,,31,1.8,63,3.7,1
9,2019,4,57,3.4,65,3.7,24,1.4,,,26,1.5,53,3.1,1
9,2019,5,54,3.2,71,4,20,1.2,,,30,1.8,53,3.1,0.9
9,2019,6,57,3.4,64,3.6,18,1.1,,,32,1.9,54,3.2,1
9,2019,7,52,3.1,60,3.4,15,0.9,,,29,1.7,48,2.8,1.1
9,2019,8,55,3.2,65,3.7,17,1,,,30,1.8,50,3,1.1
9,2019,9,54,3.2,64,3.6,21,1.2,,,25,1.5,50,2.9,1.1
9,2019,10,62,3.7,74,4.2,22,1.3,,,32,1.9,58,3.4,1
9,2019,11,63,3.7,66,3.7,25,1.5,,,29,1.7,57,3.4,1.1
9,2019,12,56,3.3,65,3.7,23,1.4,,,25,1.5,52,3.1,1.1
9,2020,1,62,3.6,69,3.9,20,1.2,,,34,2,58,3.4,1.1
9,2020,2,75,4.4,70,4,26,1.5,,,30,1.8,62,3.6,1.1
9,2020,3,49,2.9,63,3.6,166,9.9,,,26,1.5,194,11.5,1.2
9,2020,4,33,2.3,45,3.1,101,7.2,,,20,1.4,124,8.8,3.4
9,2020,5,112,7.8,51,3.4,22,1.5,,,19,1.3,44,3.1,4.4
9,2020,6,105,7,58,3.7,22,1.5,,,22,1.5,47,3.1,3.8
9,2020,7,61,4,53,3.3,22,1.4,,,21,1.4,46,3,4.2
9,2020,8,60,3.9,56,3.5,23,1.5,,,21,1.3,47,3,3.2
9,2020,9,59,3.7,56,3.4,20,1.3,,,25,1.6,49,3.1,2.9
9,2020,10,56,3.5,62,3.8,16,1,,,27,1.7,47,3,2.3
9,2020,11,48,3,62,3.8,33,2.1,,,25,1.6,60,3.8,2.2
9,2020,12,54,3.4,65,3.9,36,2.3,,,28,1.8,67,4.2,2.1
9,2021,1,51,3.2,66,4,15,0.9,,,26,1.6,44,2.8,2
9,2021,2,60,3.8,69,4.2,18,1.1,,,22,1.4,43,2.7,1.9
9,2021,3,58,3.6,91,5.4,12,0.8,,,33,2.1,48,3,1.4
9,2021,4,68,4.3,96,5.7,15,0.9,,,29,1.8,47,2.9,1.4
9,2021,5,58,3.6,100,5.9,17,1.1,,,26,1.6,47,2.9,1.3
9,2021,6,62,3.9,96,5.6,10,0.6,,,35,2.2,49,3,1.3
9,2021,7,57,3.5,108,6.2,15,0.9,,,35,2.2,54,3.3,1.1
9,2021,8,61,3.8,103,6,13,0.8,,,36,2.2,53,3.3,1.1
9,2021,9,64,3.9,100,5.8,17,1,,,39,2.4,58,3.6,1.1
9,2021,10,57,3.5,104,6,17,1,,,33,2,53,3.2,1
9,2021,11,64,3.9,114,6.5,15,0.9,,,45,2.7,62,3.8,0.9
9,2021,12,65,3.9,105,6,12,0.7,,,38,2.3,54,3.3,0.9
9,2022,1,55,3.3,100,5.7,15,0.9,,,38,2.3,57,3.5,0.9
9,2022,2,64,3.9,114,6.4,13,0.8,,,39,2.4,57,3.4,0.8
9,2022,3,62,3.7,117,6.6,12,0.7,,,34,2,51,3.1,0.7
9,2022,4,59,3.5,112,6.3,13,0.8,,,41,2.5,57,3.4,0.7
9,2022,5,61,3.7,117,6.6,12,0.7,,,36,2.2,53,3.2,0.7
9,2022,6,66,4,119,6.7,14,0.8,,,37,2.2,54,3.2,0.7
9,2022,7,73,4.4,120,6.7,15,0.9,,,36,2.2,55,3.3,0.6
9,2022,8,56,3.3,113,6.3,16,1,,,35,2.1,55,3.3,0.6
9,2022,9,59,3.5,132,7.3,14,0.8,,,37,2.2,55,3.3,0.5
9,2022,10,57,3.4,107,6,13,0.8,,,30,1.8,46,2.7,0.7
9,2022,11,67,4,203,10.8,22,1.3,,,45,2.7,76,4.5,0.3
9,2022,12,60,3.6,108,6,17,1,,,37,2.2,58,3.5,0.6
9,2023,1,58,3.4,95,5.3,18,1.1,,,33,2,55,3.3,0.7
9,2023,2,58,3.4,93,5.2,16,0.9,,,39,2.3,58,3.4,0.7
9,2023,3,60,3.6,103,5.7,20,1.2,,,35,2.1,58,3.4,0.6
9,2023,4,66,3.9,98,5.5,15,0.9,,,38,2.3,56,3.3,0.6
9,2023,5,63,3.7,86,4.8,13,0.8,,,42,2.5,58,3.4,0.7
9,2023,6,57,3.4,94,5.2,15,0.9,,,35,2.1,53,3.1,0.6
9,2023,7,57,3.4,98,5.5,15,0.9,,,35,2.1,53,3.1,0.6
9,2023,8,62,3.6,91,5.1,21,1.2,,,22,1.3,46,2.7,0.7
9,2023,9,56,3.3,92,5.1,12,0.7,,,32,1.9,47,2.8,0.7
9,2023,10,59,3.5,77,4.3,21,1.2,,,28,1.6,53,3.1,0.8
9,2023,11,52,3.1,83,4.7,15,0.9,,,30,1.8,49,2.9,0.8
9,2023,12,58,3.4,83,4.7,28,1.6,,,35,2.1,69,4.1,0.8
9,2024,1,59,3.5,90,5,17,1,,,28,1.6,49,2.9,0.7
9,2024,2,56,3.3,81,4.5,19,1.1,,,30,1.8,55,3.2,0.8
9,2024,3,55,3.2,83,4.6,19,1.1,,,31,1.8,54,3.2,0.7
9,2024,4,51,3,82,4.6,21,1.2,,,34,2,59,3.5,0.7
9,2024,5,53,3.1,84,4.7,22,1.3,,,32,1.9,58,3.4,0.7
9,2024,6,55,3.2,79,4.4,18,1.1,,,30,1.8,53,3.1,0.8
9,2024,7,58,3.4,82,4.6,20,1.2,,,23,1.3,46,2.7,0.8
9,2024,8,56,3.3,82,4.6,18,1.1,,,30,1.8,51,3,0.8
9,2024,9,56,3.3,76,4.2,17,1,,,33,1.9,51,3,0.9
9,2024,10,58,3.4,77,4.3,23,1.3,,,29,1.7,55,3.2,0.9
9,2024,11,46,2.7,74,4.1,22,1.3,,,25,1.5,49,2.9,0.9
9,2024,12,51,3,72,4,19,1.1,,,23,1.3,44,2.6,1
9,2025,1,59,3.4,75,4.2,20,1.2,,,30,1.7,54,3.1,0.9
9,2025,2,50,2.9,74,4.1,23,1.3,,,29,1.7,55,3.2,1
9,2025,3,54,3.1,73,4.1,21,1.2,,,37,2.2,61,3.6,1
9,2025,4,50,2.9,71,4,16,0.9,,,26,1.5,45,2.6,1
9,2025,5,68,4,70,3.9,19,1.1,,,25,1.5,46,2.7,1.1
9,2025,6,50,2.9,73,4.1,19,1.1,,,39,2.3,60,3.5,1
9,2025,7,42,2.4,69,3.9,23,1.3,,,22,1.3,48,2.8,1.1
9,2025,8,50,2.9,67,3.8,22,1.3,,,27,1.6,51,3,1.2
9,2025,9,54,3.1,73,4.1,32,1.9,,,28,1.6,68,4,1.1
9,2025,10,50,2.9,74,4.1,22,1.3,,,31,1.8,55,3.2,
9,2025,11,55,3.2,69,3.9,17,1,,,25,1.5,45,2.6,1.2
9,2025,12,61,3.6,67,3.8,17,1,,,27,1.6,46,2.7,1.2
10,2012,1,19,4.6,16,3.7,7,1.7,,,8,1.9,16,3.8,1.9
10,2012,2,16,3.8,13,3,6,1.4,,,8,1.9,15,3.6,2.4
10,2012,3,17,4.1,15,3.5,7,1.7,,,8,1.9,16,3.8,2.1
10,2012,4,15,3.6,14,3.2,7,1.7,,,8,1.9,16,3.8,2.2
10,2012,5,16,3.8,15,3.5,7,1.7,,,8,1.9,16,3.8,2.1
10,2012,6,16,3.8,14,3.2,7,1.7,,,8,1.9,17,4.1,2.2
10,2012,7,17,4.1,14,3.2,5,1.2,,,8,1.9,14,3.3,2.2
10,2012,8,18,4.3,13,3,7,1.7,,,8,1.9,16,3.8,2.4
10,2012,9,16,3.8,13,3,7,1.7,,,7,1.7,16,3.8,2.4
10,2012,10,17,4,13,3,9,2.1,,,8,1.9,18,4.3,2.4
10,2012,11,16,3.8,13,3,6,1.4,,,8,1.9,15,3.6,2.4
10,2012,12,18,4.3,13,3,6,1.4,,,8,1.9,15,3.5,2.4
10,2013,1,17,4,15,3.4,6,1.4,,,8,1.9,15,3.6,2
10,2013,2,20,4.7,14,3.2,6,1.4,,,9,2.1,16,3.8,2.2
10,2013,3,17,4,14,3.2,5,1.2,,,7,1.6,13,3.1,2.2
10,2013,4,22,5.2,14,3.2,5,1.2,,,8,1.9,15,3.5,2.1
10,2013,5,27,6.3,14,3.2,6,1.4,,,8,1.9,15,3.5,2.1
10,2013,6,20,4.7,15,3.4,7,1.6,,,8,1.9,16,3.7,1.9
10,2013,7,16,3.7,13,2.9,6,1.4,,,8,1.9,15,3.5,2.2
10,2013,8,19,4.4,15,3.4,7,1.6,,,8,1.9,17,4,1.9
10,2013,9,20,4.6,14,3.2,9,2.1,,,8,1.9,18,4.2,2
10,2013,10,16,3.7,13,2.9,7,1.6,,,8,1.9,16,3.7,2.1
10,2013,11,22,5.1,14,3.1,7,1.6,,,9,2.1,18,4.2,2
10,2013,12,16,3.7,13,2.9,7,1.6,,,10,2.3,18,4.2,2.1
10,2014,1,18,4.1,12,2.7,6,1.4,,,7,1.6,14,3.2,2.3
10,2014,2,17,3.9,16,3.6,7,1.6,,,10,2.3,18,4.2,1.7
10,2014,3,17,3.9,15,3.3,6,1.4,,,9,2.1,17,3.9,1.8
10,2014,4,16,3.7,14,3.1,6,1.4,,,8,1.8,15,3.4,1.9
10,2014,5,18,4.1,16,3.5,5,1.1,,,9,2.1,15,3.4,1.6
10,2014,6,19,4.3,17,3.7,6,1.4,,,10,2.3,17,3.9,1.5
10,2014,7,18,4.1,16,3.5,7,1.6,,,10,2.3,18,4.1,1.6
10,2014,8,19,4.3,19,4.2,6,1.4,,,10,2.3,18,4.1,1.3
10,2014,9,20,4.6,17,3.7,7,1.6,,,10,2.3,18,4.1,1.5
10,2014,10,21,4.8,20,4.3,6,1.4,,,11,2.5,18,4.1,1.2
10,2014,11,22,5,18,3.9,6,1.4,,,10,2.3,17,3.8,1.3
10,2014,12,22,5,18,3.9,7,1.6,,,10,2.3,18,4.1,1.3
10,2015,1,20,4.5,17,3.7,8,1.8,,,12,2.7,21,4.7,1.3
10,2015,2,19,4.3,19,4.1,6,1.4,,,10,2.3,17,3.8,1.2
10,2015,3,20,4.5,19,4.1,7,1.6,,,10,2.2,19,4.3,1.2
10,2015,4,20,4.5,24,5.1,7,1.6,,,11,2.5,19,4.3,0.9
10,2015,5,21,4.7,21,4.5,5,1.1,,,10,2.2,17,3.8,1.1
10,2015,6,20,4.5,18,3.9,6,1.3,,,10,2.2,17,3.8,1.2
10,2015,7,21,4.7,22,4.7,5,1.1,,,10,2.2,17,3.8,1
10,2015,8,19,4.2,18,3.9,6,1.3,,,13,2.9,20,4.5,1.2
10,2015,9,20,4.4,19,4,6,1.3,,,11,2.4,19,4.2,1.1
10,2015,10,21,4.7,22,4.7,8,1.8,,,11,2.4,21,4.7,1
10,2015,11,22,4.9,22,4.6,6,1.3,,,11,2.4,18,4,1
10,2015,12,20,4.4,20,4.2,6,1.3,,,12,2.7,19,4.2,1.1
10,2016,1,18,4,21,4.5,6,1.3,,,11,2.4,19,4.2,1
10,2016,2,19,4.2,19,4,6,1.3,,,11,2.4,18,4,1.1
10,2016,3,21,4.6,23,4.8,6,1.3,,,11,2.4,18,4,0.9
10,2016,4,18,4,20,4.2,5,1.1,,,11,2.4,17,3.8,1
10,2016,5,16,3.5,19,4,6,1.3,,,11,2.4,19,4.2,1.1
10,2016,6,21,4.7,21,4.4,6,1.3,,,12,2.7,19,4.2,1
10,2016,7,19,4.2,19,4,6,1.3,,,10,2.2,17,3.7,1.1
10,2016,8,19,4.2,19,4,6,1.3,,,12,2.6,19,4.2,1.1
10,2016,9,18,4,19,4,5,1.1,,,12,2.6,18,4,1.1
10,2016,10,17,3.8,17,3.6,5,1.1,,,11,2.4,18,4,1.3
10,2016,11,16,3.5,18,3.8,5,1.1,,,11,2.4,17,3.7,1.2
10,2016,12,18,4,19,4,6,1.3,,,11,2.4,18,4,1.1
10,2017,1,19,4.2,19,4,5,1.1,,,11,2.4,18,3.9,1.1
10,2017,2,20,4.4,20,4.2,6,1.3,,,12,2.6,19,4.2,1.1
10,2017,3,18,3.9,19,4,6,1.3,,,13,2.8,20,4.4,1.1
10,2017,4,19,4.2,23,4.8,6,1.3,,,11,2.4,19,4.2,0.9
10,2017,5,18,4,18,3.8,7,1.5,,,12,2.6,20,4.4,1.2
10,2017,6,20,4.4,19,4,7,1.5,,,11,2.4,20,4.4,1.1
10,2017,7,20,4.4,20,4.2,8,1.8,,,13,2.9,22,4.8,1
10,2017,8,21,4.6,19,4,6,1.3,,,11,2.4,17,3.7,1.1
10,2017,9,21,4.6,20,4.2,5,1.1,,,11,2.4,17,3.7,1
10,2017,10,16,3.5,17,3.6,7,1.5,,,14,3.1,22,4.8,1.2
10,2017,11,21,4.6,20,4.2,6,1.3,,,12,2.6,19,4.2,1
10,2017,12,24,5.2,21,4.4,7,1.5,,,11,2.4,19,4.1,0.9
10,2018,1,20,4.4,20,4.2,7,1.5,,,10,2.2,18,3.9,1
10,2018,2,22,4.8,22,4.6,7,1.5,,,12,2.6,20,4.3,0.9
10,2018,3,21,4.6,21,4.4,6,1.3,,,13,2.8,21,4.6,0.9
10,2018,4,21,4.6,22,4.6,6,1.3,,,12,2.6,19,4.1,0.8
10,2018,5,22,4.8,24,4.9,6,1.3,,,11,2.4,18,3.9,0.8
10,2018,6,21,4.5,23,4.7,6,1.3,,,12,2.6,20,4.3,0.8
10,2018,7,18,3.9,22,4.6,6,1.3,,,12,2.6,20,4.3,0.8
10,2018,8,20,4.3,22,4.6,7,1.5,,,13,2.8,20,4.3,0.8
10,2018,9,21,4.5,23,4.7,6,1.3,,,13,2.8,20,4.3,0.7
10,2018,10,21,4.5,21,4.3,6,1.3,,,12,2.6,19,4.1,0.8
10,2018,11,20,4.3,22,4.5,6,1.3,,,13,2.8,21,4.5,0.8
10,2018,12,22,4.7,24,4.9,7,1.5,,,13,2.8,21,4.5,0.7
10,2019,1,22,4.7,24,4.9,7,1.5,,,13,2.8,21,4.5,0.7
10,2019,2,22,4.7,21,4.3,6,1.3,,,13,2.8,21,4.5,0.8
10,2019,3,21,4.5,23,4.7,6,1.3,,,12,2.6,20,4.3,0.7
10,2019,4,22,4.7,23,4.7,8,1.7,,,14,3,23,4.9,0.7
10,2019,5,20,4.3,22,4.5,6,1.3,,,14,3,22,4.7,0.8
10,2019,6,21,4.5,21,4.3,6,1.3,,,13,2.8,20,4.3,0.8
10,2019,7,23,4.9,24,4.9,5,1.1,,,13,2.8,19,4.1,0.7
10,2019,8,21,4.5,23,4.7,6,1.3,,,13,2.8,20,4.3,0.8
10,2019,9,20,4.3,22,4.5,8,1.7,,,12,2.6,22,4.7,0.8
10,2019,10,22,4.7,26,5.3,6,1.3,,,13,2.8,20,4.3,0.7
10,2019,11,22,4.7,22,4.5,6,1.3,,,13,2.8,21,4.5,0.8
10,2019,12,21,4.5,20,4.1,6,1.3,,,13,2.8,20,4.3,0.9
10,2020,1,21,4.5,22,4.5,5,1.1,,,13,2.8,20,4.3,0.8
10,2020,2,20,4.3,22,4.5,6,1.3,,,12,2.6,19,4.1,0.8
10,2020,3,19,4.1,19,3.9,33,7.1,,,10,2.2,44,9.5,1.3
10,2020,4,12,3,16,3.9,30,7.5,,,10,2.5,40,10,3.8
10,2020,5,23,5.7,19,4.5,6,1.5,,,10,2.5,16,3.9,3.5
10,2020,6,29,6.8,24,5.3,7,1.6,,,9,2.1,17,4,2.7
10,2020,7,21,4.9,21,4.6,6,1.4,,,11,2.5,17,3.9,1.7
10,2020,8,22,5,24,5.2,6,1.4,,,12,2.7,19,4.3,1.5
10,2020,9,20,4.5,23,4.9,4,0.9,,,10,2.3,15,3.4,1.6
10,2020,10,20,4.5,21,4.5,5,1.1,,,13,2.9,19,4.3,1.2
10,2020,11,20,4.5,20,4.3,6,1.3,,,12,2.7,19,4.3,1.3
10,2020,12,16,3.6,20,4.3,6,1.3,,,12,2.7,19,4.3,1.4
10,2021,1,24,5.4,29,6.1,5,1.1,,,13,2.9,19,4.3,1
10,2021,2,19,4.3,26,5.5,4,0.9,,,11,2.5,17,3.8,1.1
10,2021,3,20,4.5,27,5.7,5,1.1,,,14,3.1,20,4.5,1.1
10,2021,4,21,4.7,30,6.3,6,1.3,,,14,3.1,20,4.5,1
10,2021,5,21,4.7,31,6.5,5,1.1,,,15,3.3,21,4.7,0.9
10,2021,6,21,4.7,30,6.3,5,1.1,,,15,3.3,22,4.9,1
10,2021,7,24,5.3,33,6.8,5,1.1,,,15,3.3,22,4.9,0.8
10,2021,8,23,5.1,34,7,5,1.1,,,16,3.5,22,4.9,0.8
10,2021,9,23,5.1,32,6.6,5,1.1,,,16,3.5,23,5.1,0.8
10,2021,10,25,5.5,35,7.1,5,1.1,,,15,3.3,22,4.8,0.7
10,2021,11,24,5.2,35,7.1,5,1.1,,,15,3.3,21,4.6,0.7
10,2021,12,22,4.8,34,6.9,6,1.3,,,15,3.2,22,4.8,0.7
10,2022,1,23,5,34,6.9,5,1.1,,,16,3.5,22,4.8,0.7
10,2022,2,26,5.6,38,7.6,5,1.1,,,15,3.2,21,4.5,0.6
10,2022,3,25,5.4,42,8.3,6,1.3,,,16,3.4,23,4.9,0.5
10,2022,4,25,5.3,41,8.1,5,1.1,,,17,3.6,24,5.1,0.5
10,2022,5,22,4.7,36,7.1,6,1.3,,,15,3.2,22,4.7,0.6
10,2022,6,23,4.9,35,7,5,1.1,,,18,3.8,24,5.1,0.6
10,2022,7,28,6,39,7.7,5,1.1,,,15,3.2,22,4.7,0.5
10,2022,8,25,5.3,35,6.9,6,1.3,,,16,3.4,23,4.9,0.6
10,2022,9,24,5.1,34,6.7,4,0.8,,,17,3.6,23,4.9,0.6
10,2022,10,26,5.5,36,7,8,1.7,,,20,4.2,29,6.1,0.6
10,2022,11,27,5.7,37,7.2,5,1.1,,,17,3.6,23,4.8,0.6
10,2022,12,24,5,36,7,5,1,,,14,2.9,20,4.2,0.6
10,2023,1,29,6,42,8,11,2.3,,,16,3.3,29,6,0.5
10,2023,2,23,4.8,36,7,7,1.5,,,16,3.3,24,5,0.6
10,2023,3,20,4.2,33,6.4,7,1.5,,,15,3.1,22,4.6,0.6
10,2023,4,22,4.6,32,6.2,5,1,,,14,2.9,20,4.2,0.6
10,2023,5,25,5.2,34,6.6,6,1.2,,,15,3.1,22,4.6,0.6
10,2023,6,24,4.9,32,6.2,6,1.2,,,14,2.9,21,4.3,0.6
10,2023,7,21,4.3,24,4.7,6,1.2,,,14,2.9,21,4.3,0.8
10,2023,8,21,4.3,29,5.6,5,1,,,14,2.9,20,4.1,0.7
10,2023,9,23,4.7,30,5.8,5,1,,,15,3.1,22,4.5,0.7
10,2023,10,18,3.7,27,5.3,5,1,,,12,2.5,19,3.9,0.7
10,2023,11,21,4.3,27,5.3,5,1,,,12,2.5,18,3.7,0.7
10,2023,12,20,4.1,27,5.2,5,1,,,11,2.3,17,3.5,0.7
10,2024,1,18,3.7,23,4.5,5,1,,,11,2.3,17,3.5,0.9
10,2024,2,19,3.9,26,5.1,5,1,,,11,2.3,17,3.5,0.8
10,2024,3,19,3.9,25,4.9,5,1,,,11,2.2,17,3.5,0.8
10,2024,4,19,3.9,26,5,4,0.8,,,12,2.4,17,3.5,0.8
10,2024,5,20,4.1,25,4.9,5,1,,,13,2.7,20,4.1,0.8
10,2024,6,18,3.7,24,4.7,5,1,,,13,2.7,19,3.9,0.8
10,2024,7,22,4.5,27,5.2,6,1.2,,,15,3.1,24,4.9,0.7
10,2024,8,19,3.9,26,5,6,1.2,,,10,2,17,3.5,0.8
10,2024,9,21,4.2,22,4.3,6,1.2,,,11,2.2,17,3.4,0.9
10,2024,10,19,3.8,26,5,6,1.2,,,11,2.2,17,3.4,0.8
10,2024,11,18,3.6,25,4.8,5,1,,,11,2.2,17,3.4,0.8
10,2024,12,20,4,25,4.8,6,1.2,,,14,2.8,21,4.2,0.8
10,2025,1,20,4,24,4.6,7,1.4,,,11,2.2,18,3.6,0.9
10,2025,2,18,3.6,24,4.6,5,1,,,11,2.2,17,3.4,0.9
10,2025,3,20,4,25,4.8,6,1.2,,,19,3.8,25,5,0.9
10,2025,4,19,3.8,23,4.4,6,1.2,,,10,2,17,3.4,1
10,2025,5,18,3.6,27,5.2,5,1,,,11,2.2,17,3.4,0.9
10,2025,6,19,3.8,24,4.6,5,1,,,9,1.8,15,3,1
10,2025,7,16,3.2,20,3.9,5,1,,,9,1.8,15,3,1.2
10,2025,8,18,3.6,22,4.2,5,1,,,11,2.2,17,3.4,1.2
10,2025,9,17,3.4,24,4.6,5,1,,,10,2,17,3.4,1.1
10,2025,10,18,3.7,25,4.8,5,1,,,9,1.8,14,2.8,
10,2025,11,15,3,22,4.3,5,1,,,11,2.2,17,3.5,1.3
10,2025,12,18,3.6,23,4.4,5,1,,,13,2.6,19,3.8,1.2
11,2012,1,15,2.1,21,2.8,7,1,,,8,1.1,16,2.2,1.6
11,2012,2,18,2.5,17,2.3,8,1.1,,,8,1.1,17,2.3,2
11,2012,3,17,2.3,21,2.8,7,1,,,7,1,16,2.2,1.6
11,2012,4,16,2.2,17,2.3,7,1,,,8,1.1,17,2.3,1.9
11,2012,5,19,2.6,19,2.5,6,0.8,,,8,1.1,16,2.2,1.7
11,2012,6,17,2.3,19,2.5,7,1,,,8,1.1,17,2.3,1.7
11,2012,7,17,2.3,17,2.3,5,0.7,,,8,1.1,16,2.2,1.9
11,2012,8,17,2.3,17,2.3,7,1,,,8,1.1,17,2.3,1.9
11,2012,9,17,2.3,18,2.4,7,1,,,7,1,16,2.2,1.8
11,2012,10,21,2.8,22,2.9,7,0.9,,,8,1.1,18,2.4,1.4
11,2012,11,20,2.7,19,2.5,8,1.1,,,8,1.1,18,2.4,1.7
11,2012,12,18,2.4,16,2.1,7,0.9,,,9,1.2,19,2.6,2
11,2013,1,16,2.2,16,2.1,6,0.8,,,8,1.1,17,2.3,2
11,2013,2,20,2.7,19,2.5,6,0.8,,,11,1.5,20,2.7,1.7
11,2013,3,18,2.4,21,2.8,6,0.8,,,9,1.2,17,2.3,1.5
11,2013,4,18,2.4,19,2.5,6,0.8,,,9,1.2,18,2.4,1.7
11,2013,5,18,2.4,17,2.2,6,0.8,,,8,1.1,16,2.2,1.9
11,2013,6,18,2.4,16,2.1,8,1.1,,,9,1.2,19,2.6,2
11,2013,7,18,2.4,18,2.4,6,0.8,,,8,1.1,16,2.2,1.7
11,2013,8,19,2.6,17,2.2,6,0.8,,,8,1.1,16,2.1,1.8
11,2013,9,20,2.7,15,2,7,0.9,,,8,1.1,16,2.1,2.1
11,2013,10,15,2,17,2.2,8,1.1,,,9,1.2,18,2.4,1.8
11,2013,11,17,2.3,16,2.1,5,0.7,,,8,1.1,15,2,1.9
11,2013,12,17,2.3,16,2.1,7,0.9,,,9,1.2,17,2.3,1.9
11,2014,1,19,2.6,18,2.4,7,0.9,,,10,1.3,18,2.4,1.6
11,2014,2,17,2.3,19,2.5,6,0.8,,,10,1.3,21,2.8,1.5
11,2014,3,18,2.4,20,2.6,11,1.5,,,9,1.2,22,3,1.5
11,2014,4,19,2.5,20,2.6,6,0.8,,,9,1.2,17,2.3,1.5
11,2014,5,18,2.4,23,3,6,0.8,,,11,1.5,20,2.7,1.3
11,2014,6,20,2.7,24,3.1,6,0.8,,,9,1.2,17,2.3,1.2
11,2014,7,18,2.4,22,2.9,6,0.8,,,9,1.2,17,2.3,1.3
11,2014,8,16,2.1,25,3.2,6,0.8,,,11,1.5,19,2.5,1.2
11,2014,9,18,2.4,26,3.3,5,0.7,,,10,1.3,17,2.3,1.1
11,2014,10,18,2.4,25,3.2,6,0.8,,,11,1.5,18,2.4,1.1
11,2014,11,19,2.5,25,3.2,6,0.8,,,11,1.5,19,2.5,1.1
11,2014,12,19,2.5,28,3.6,6,0.8,,,9,1.2,16,2.1,1
11,2015,1,19,2.5,26,3.3,6,0.8,,,10,1.3,17,2.2,1.1
11,2015,2,18,2.4,25,3.2,6,0.8,,,9,1.2,17,2.2,1.1
11,2015,3,19,2.5,23,2.9,6,0.8,,,10,1.3,17,2.2,1.2
11,2015,4,19,2.5,27,3.4,6,0.8,,,10,1.3,18,2.4,1
11,2015,5,19,2.5,26,3.3,5,0.7,,,11,1.4,18,2.4,1
11,2015,6,18,2.4,26,3.3,6,0.8,,,10,1.3,18,2.4,1
11,2015,7,20,2.6,28,3.5,5,0.7,,,11,1.4,18,2.4,0.9
11,2015,8,19,2.5,27,3.4,6,0.8,,,10,1.3,17,2.2,1
11,2015,9,22,2.9,26,3.3,6,0.8,,,11,1.4,19,2.5,1
11,2015,10,19,2.5,28,3.5,6,0.8,,,9,1.2,17,2.2,0.9
11,2015,11,19,2.5,28,3.5,6,0.8,,,10,1.3,17,2.2,0.9
11,2015,12,23,3,29,3.6,6,0.8,,,11,1.4,18,2.3,0.9
11,2016,1,17,2.2,31,3.9,9,1.2,,,12,1.6,23,3,0.8
11,2016,2,19,2.5,26,3.2,6,0.8,,,9,1.2,17,2.2,0.9
11,2016,3,19,2.5,28,3.5,6,0.8,,,10,1.3,20,2.6,0.9
11,2016,4,22,2.8,35,4.3,6,0.8,,,11,1.4,20,2.6,0.7
11,2016,5,18,2.3,27,3.4,7,0.9,,,11,1.4,21,2.7,0.9
11,2016,6,18,2.3,27,3.4,7,0.9,,,11,1.4,21,2.7,0.9
11,2016,7,19,2.4,31,3.8,6,0.8,,,10,1.3,19,2.4,0.8
11,2016,8,20,2.6,27,3.4,6,0.8,,,10,1.3,19,2.4,0.9
11,2016,9,17,2.2,25,3.1,6,0.8,,,11,1.4,19,2.4,1
11,2016,10,17,2.2,24,3,6,0.8,,,10,1.3,17,2.2,1
11,2016,11,19,2.4,30,3.7,5,0.6,,,9,1.2,16,2,0.8
11,2016,12,18,2.3,26,3.2,6,0.8,,,11,1.4,19,2.4,0.9
11,2017,1,22,2.8,28,3.5,8,1,,,13,1.7,23,2.9,0.9
11,2017,2,19,2.4,27,3.3,8,1,,,12,1.5,22,2.8,0.9
11,2017,3,21,2.7,30,3.7,6,0.8,,,12,1.5,20,2.5,0.8
11,2017,4,19,2.4,27,3.3,6,0.8,,,11,1.4,20,2.6,0.9
11,2017,5,20,2.6,27,3.3,7,0.9,,,10,1.3,19,2.4,0.9
11,2017,6,19,2.4,30,3.7,7,0.9,,,12,1.5,21,2.7,0.8
11,2017,7,22,2.8,28,3.4,8,1,,,12,1.5,22,2.8,0.9
11,2017,8,22,2.8,27,3.3,6,0.8,,,11,1.4,19,2.4,0.9
11,2017,9,20,2.6,29,3.6,6,0.8,,,12,1.5,20,2.6,0.8
11,2017,10,24,3,23,2.8,7,0.9,,,13,1.7,21,2.7,1
11,2017,11,22,2.8,25,3.1,7,0.9,,,13,1.7,22,2.8,0.9
11,2017,12,23,2.9,24,3,7,0.9,,,11,1.4,20,2.5,1
11,2018,1,22,2.8,32,3.9,8,1,,,10,1.3,20,2.5,0.7
11,2018,2,23,2.9,23,2.8,6,0.8,,,11,1.4,18,2.3,1
11,2018,3,25,3.2,25,3.1,6,0.8,,,13,1.6,21,2.7,0.9
11,2018,4,23,2.9,25,3.1,7,0.9,,,13,1.6,22,2.8,0.9
11,2018,5,22,2.8,31,3.8,5,0.6,,,12,1.5,19,2.4,0.7
11,2018,6,30,3.8,26,3.2,6,0.8,,,12,1.5,20,2.5,0.9
11,2018,7,17,2.1,27,3.3,11,1.4,,,14,1.8,26,3.3,0.8
11,2018,8,20,2.5,26,3.2,8,1,,,13,1.6,23,2.9,0.8
11,2018,9,26,3.3,29,3.5,6,0.8,,,13,1.6,20,2.5,0.7
11,2018,10,24,3,30,3.6,7,0.9,,,13,1.6,21,2.6,0.7
11,2018,11,22,2.8,25,3.1,7,0.9,,,13,1.6,21,2.6,0.9
11,2018,12,21,2.6,27,3.3,10,1.3,,,13,1.6,24,3,0.9
11,2019,1,22,2.8,29,3.5,7,0.9,,,14,1.8,22,2.8,0.8
11,2019,2,26,3.3,31,3.7,7,0.9,,,14,1.8,22,2.8,0.8
11,2019,3,21,2.6,30,3.6,6,0.8,,,13,1.6,21,2.6,0.8
11,2019,4,22,2.8,31,3.7,9,1.1,,,13,1.6,23,2.9,0.7
11,2019,5,22,2.8,31,3.7,7,0.9,,,13,1.6,22,2.8,0.7
11,2019,6,25,3.1,30,3.6,7,0.9,,,13,1.6,21,2.6,0.7
11,2019,7,27,3.4,32,3.9,7,0.9,,,15,1.9,23,2.9,0.7
11,2019,8,24,3,31,3.7,7,0.9,,,14,1.8,23,2.9,0.7
11,2019,9,24,3,33,4,7,0.9,,,12,1.5,21,2.6,0.6
11,2019,10,25,3.1,36,4.3,7,0.9,,,14,1.8,24,3,0.6
11,2019,11,23,2.9,32,3.8,6,0.8,,,14,1.8,22,2.8,0.7
11,2019,12,25,3.1,30,3.6,7,0.9,,,14,1.8,23,2.9,0.7
11,2020,1,25,3.1,30,3.6,5,0.6,,,14,1.7,21,2.6,0.7
11,2020,2,23,2.9,33,3.9,7,0.9,,,14,1.7,22,2.7,0.7
11,2020,3,20,2.5,27,3.3,39,4.9,,,11,1.4,52,6.5,0.9
11,2020,4,12,1.7,28,3.7,38,5.3,,,9,1.2,48,6.6,1.6
11,2020,5,20,2.8,21,2.8,8,1.1,,,13,1.8,22,3.1,1.6
11,2020,6,14,2,26,3.5,8,1.1,,,13,1.8,23,3.2,1.3
11,2020,7,23,3.2,39,5.1,6,0.8,,,11,1.5,18,2.5,0.8
11,2020,8,25,3.4,32,4.2,6,0.8,,,13,1.8,20,2.7,1
11,2020,9,17,2.3,24,3.2,8,1.1,,,12,1.6,21,2.9,1.4
11,2020,10,18,2.5,27,3.6,6,0.8,,,14,1.9,21,2.9,1.2
11,2020,11,21,2.9,30,4,6,0.8,,,13,1.8,20,2.8,1
11,2020,12,14,1.9,28,3.7,6,0.8,,,13,1.8,21,2.9,1
11,2021,1,17,2.4,31,4.1,5,0.7,,,13,1.8,20,2.8,0.9
11,2021,2,22,3.1,32,4.3,8,1.1,,,12,1.7,22,3.1,0.8
11,2021,3,20,2.8,32,4.2,8,1.1,,,13,1.8,22,3,0.8
11,2021,4,22,3,45,5.8,7,1,,,12,1.7,20,2.8,0.6
11,2021,5,22,3,44,5.7,6,0.8,,,13,1.8,20,2.8,0.6
11,2021,6,26,3.6,50,6.4,6,0.8,,,11,1.5,22,3,0.6
11,2021,7,21,2.9,43,5.5,5,0.7,,,11,1.5,19,2.6,0.6
11,2021,8,24,3.2,49,6.2,4,0.5,,,10,1.4,17,2.3,0.5
11,2021,9,26,3.5,46,5.8,4,0.5,,,15,2,21,2.8,0.6
11,2021,10,28,3.7,49,6.1,5,0.7,,,14,1.9,21,2.8,0.5
11,2021,11,26,3.4,48,6,4,0.5,,,15,2,22,2.9,0.5
11,2021,12,24,3.2,50,6.2,7,0.9,,,16,2.1,24,3.2,0.5
11,2022,1,20,2.6,42,5.3,5,0.7,,,16,2.1,22,2.9,0.5
11,2022,2,22,2.9,40,5,5,0.7,,,17,2.2,25,3.3,0.5
11,2022,3,25,3.3,50,6.2,5,0.7,,,16,2.1,23,3,0.4
11,2022,4,23,3,55,6.8,5,0.7,,,17,2.2,26,3.4,0.3
11,2022,5,26,3.4,45,5.6,6,0.8,,,16,2.1,24,3.2,0.4
11,2022,6,24,3.2,42,5.3,6,0.8,,,19,2.5,27,3.6,0.4
11,2022,7,25,3.3,55,6.7,6,0.8,,,15,2,24,3.2,0.3
11,2022,8,26,3.4,40,5,6,0.8,,,17,2.2,25,3.3,0.4
11,2022,9,22,2.9,41,5.1,5,0.7,,,21,2.8,29,3.8,0.4
11,2022,10,23,3,40,5,6,0.8,,,18,2.4,27,3.6,0.4
11,2022,11,24,3.2,45,5.6,8,1.1,,,13,1.7,24,3.2,0.4
11,2022,12,21,2.8,42,5.2,6,0.8,,,16,2.1,25,3.3,0.4
11,2023,1,23,3,46,5.7,7,0.9,,,16,2.1,26,3.4,0.4
11,2023,2,23,3,40,5,5,0.7,,,17,2.2,24,3.1,0.5
11,2023,3,24,3.1,40,5,5,0.7,,,17,2.2,24,3.1,0.5
11,2023,4,23,3,39,4.8,5,0.7,,,12,1.6,19,2.5,0.5
11,2023,5,25,3.3,43,5.3,5,0.7,,,17,2.2,24,3.1,0.4
11,2023,6,24,3.1,41,5.1,6,0.8,,,15,2,23,3,0.5
11,2023,7,26,3.4,42,5.2,7,0.9,,,17,2.2,26,3.4,0.5
11,2023,8,21,2.7,36,4.5,6,0.8,,,16,2.1,24,3.1,0.5
11,2023,9,25,3.3,42,5.2,6,0.8,,,15,2,22,2.9,0.5
11,2023,10,20,2.6,37,4.6,6,0.8,,,14,1.8,22,2.9,0.5
11,2023,11,23,3,39,4.8,6,0.8,,,12,1.6,20,2.6,0.5
11,2023,12,22,2.9,34,4.2,7,0.9,,,16,2.1,24,3.1,0.6
11,2024,1,21,2.7,39,4.8,7,0.9,,,11,1.4,19,2.5,0.5
11,2024,2,21,2.7,34,4.2,5,0.6,,,11,1.4,18,2.3,0.6
11,2024,3,20,2.6,33,4.1,5,0.6,,,13,1.7,19,2.5,0.6
11,2024,4,20,2.6,33,4.1,4,0.5,,,14,1.8,20,2.6,0.6
11,2024,5,20,2.6,33,4.1,6,0.8,,,12,1.6,19,2.5,0.7
11,2024,6,19,2.5,31,3.9,4,0.5,,,12,1.6,18,2.3,0.7
11,2024,7,15,2,32,4,5,0.7,,,13,1.7,19,2.5,0.7
11,2024,8,19,2.5,35,4.4,7,0.9,,,12,1.6,21,2.7,0.6
11,2024,9,22,2.9,33,4.1,6,0.8,,,11,1.4,19,2.5,0.7
11,2024,10,20,2.6,35,4.4,8,1,,,12,1.6,21,2.7,0.6
11,2024,11,15,2,30,3.8,7,0.9,,,14,1.8,22,2.9,0.8
11,2024,12,25,3.3,41,5.1,6,0.8,,,12,1.6,19,2.5,0.6
11,2025,1,18,2.4,28,3.5,6,0.8,,,13,1.7,21,2.7,0.8
11,2025,2,18,2.4,35,4.4,6,0.8,,,13,1.7,21,2.8,0.7
11,2025,3,20,2.6,34,4.3,7,0.9,,,23,3,31,4.1,0.7
11,2025,4,21,2.8,34,4.3,7,0.9,,,11,1.4,21,2.8,0.7
11,2025,5,18,2.4,36,4.5,5,0.7,,,14,1.8,21,2.8,0.7
11,2025,6,19,2.5,36,4.5,5,0.7,,,11,1.5,17,2.2,0.7
11,2025,7,16,2.1,29,3.7,7,0.9,,,11,1.5,20,2.7,0.9
11,2025,8,18,2.4,31,4,6,0.8,,,14,1.9,22,2.9,0.9
11,2025,9,17,2.3,34,4.4,6,0.8,,,17,2.3,29,3.9,0.8
11,2025,10,18,2.5,34,4.5,5,0.7,,,11,1.5,18,2.5,
11,2025,11,16,2.2,29,3.8,6,0.8,,,14,1.9,23,3.2,1
11,2025,12,19,2.6,34,4.5,5,0.7,,,11,1.5,20,2.8,0.8
12,2012,1,265,3.6,208,2.8,120,1.6,,,106,1.4,241,3.3,4.1
12,2012,2,263,3.6,218,2.9,122,1.7,,,108,1.5,246,3.4,3.9
12,2012,3,291,4,232,3.1,140,1.9,,,109,1.5,260,3.5,3.6
12,2012,4,251,3.4,250,3.3,126,1.7,,,117,1.6,259,3.5,3.3
12,2012,5,265,3.6,200,2.6,113,1.5,,,117,1.6,244,3.3,4.1
12,2012,6,264,3.6,216,2.8,130,1.8,,,121,1.6,267,3.6,3.8
12,2012,7,244,3.3,215,2.8,115,1.6,,,126,1.7,261,3.5,3.8
12,2012,8,229,3.1,222,2.9,94,1.3,,,117,1.6,227,3.1,3.6
12,2012,9,259,3.5,226,3,112,1.5,,,119,1.6,249,3.4,3.5
12,2012,10,299,4,216,2.8,125,1.7,,,121,1.6,262,3.5,3.6
12,2012,11,242,3.2,216,2.8,118,1.6,,,109,1.5,246,3.3,3.5
12,2012,12,222,3,223,2.9,125,1.7,,,116,1.6,263,3.5,3.4
12,2013,1,236,3.2,214,2.8,122,1.6,,,130,1.7,272,3.6,3.5
12,2013,2,269,3.6,202,2.6,84,1.1,,,134,1.8,229,3,3.7
12,2013,3,246,3.3,212,2.7,93,1.2,,,121,1.6,234,3.1,3.5
12,2013,4,302,4,253,3.2,95,1.3,,,135,1.8,252,3.3,2.9
12,2013,5,251,3.3,263,3.4,95,1.3,,,106,1.4,220,2.9,2.7
12,2013,6,271,3.6,264,3.4,105,1.4,,,142,1.9,265,3.5,2.7
12,2013,7,276,3.6,240,3.1,90,1.2,,,139,1.8,243,3.2,2.9
12,2013,8,279,3.7,219,2.8,96,1.3,,,125,1.6,238,3.1,3.2
12,2013,9,299,3.9,237,3,135,1.8,,,135,1.8,287,3.8,2.9
12,2013,10,287,3.8,289,3.6,113,1.5,,,132,1.7,263,3.4,2.3
12,2013,11,308,4,227,2.9,102,1.3,,,141,1.8,261,3.4,2.9
12,2013,12,268,3.5,235,3,97,1.3,,,150,2,266,3.5,2.8
12,2014,1,287,3.7,263,3.3,92,1.2,,,138,1.8,248,3.2,2.5
12,2014,2,312,4,288,3.6,91,1.2,,,156,2,264,3.4,2.2
12,2014,3,311,4,271,3.4,89,1.1,,,154,2,268,3.5,2.4
12,2014,4,317,4.1,249,3.1,93,1.2,,,154,2,270,3.5,2.6
12,2014,5,325,4.2,285,3.5,94,1.2,,,146,1.9,264,3.4,2.2
12,2014,6,290,3.7,268,3.3,89,1.1,,,154,2,264,3.4,2.3
12,2014,7,327,4.2,271,3.3,97,1.2,,,152,1.9,272,3.5,2.3
12,2014,8,314,4,328,4,106,1.3,,,165,2.1,294,3.7,1.8
12,2014,9,306,3.9,307,3.7,102,1.3,,,154,2,291,3.7,1.9
12,2014,10,307,3.9,316,3.8,91,1.2,,,174,2.2,289,3.7,1.9
12,2014,11,311,3.9,274,3.3,90,1.1,,,177,2.2,291,3.7,2.1
12,2014,12,330,4.1,307,3.7,96,1.2,,,170,2.1,304,3.8,1.9
12,2015,1,341,4.3,316,3.8,96,1.2,,,176,2.2,300,3.8,1.8
12,2015,2,301,3.8,323,3.9,101,1.3,,,173,2.2,304,3.8,1.7
12,2015,3,311,3.9,319,3.8,101,1.3,,,173,2.2,292,3.6,1.7
12,2015,4,327,4.1,312,3.7,139,1.7,,,180,2.2,333,4.1,1.8
12,2015,5,332,4.1,312,3.7,95,1.2,,,201,2.5,323,4,1.7
12,2015,6,320,4,311,3.7,109,1.3,,,177,2.2,313,3.9,1.7
12,2015,7,327,4,329,3.9,100,1.2,,,181,2.2,314,3.9,1.6
12,2015,8,369,4.5,320,3.8,112,1.4,,,210,2.6,358,4.4,1.6
12,2015,9,322,3.9,296,3.5,133,1.6,,,180,2.2,343,4.2,1.7
12,2015,10,314,3.8,284,3.3,77,0.9,,,159,1.9,264,3.2,1.8
12,2015,11,266,3.2,335,3.9,89,1.1,,,178,2.2,294,3.6,1.5
12,2015,12,343,4.2,320,3.7,90,1.1,,,211,2.6,319,3.9,1.5
12,2016,1,299,3.6,322,3.7,68,0.8,,,158,1.9,244,3,1.5
12,2016,2,310,3.7,297,3.5,88,1.1,,,159,1.9,268,3.2,1.6
12,2016,3,310,3.7,335,3.9,90,1.1,,,144,1.7,249,3,1.4
12,2016,4,301,3.6,328,3.8,87,1,,,182,2.2,289,3.5,1.5
12,2016,5,294,3.5,319,3.7,118,1.4,,,170,2,308,3.7,1.5
12,2016,6,283,3.4,398,4.5,85,1,,,179,2.1,283,3.4,1.2
12,2016,7,313,3.7,344,3.9,119,1.4,,,163,1.9,296,3.5,1.4
12,2016,8,285,3.4,315,3.6,103,1.2,,,180,2.1,309,3.7,1.5
12,2016,9,293,3.5,347,3.9,86,1,,,185,2.2,290,3.4,1.4
12,2016,10,256,3,342,3.9,72,0.9,,,172,2,260,3.1,1.4
12,2016,11,285,3.4,321,3.6,96,1.1,,,148,1.7,267,3.2,1.5
12,2016,12,289,3.4,352,4,85,1,,,166,2,278,3.3,1.3
12,2017,1,315,3.7,328,3.7,112,1.3,,,187,2.2,327,3.8,1.4
12,2017,2,338,4,350,3.9,104,1.2,,,208,2.4,333,3.9,1.3
12,2017,3,321,3.8,350,3.9,103,1.2,,,175,2,307,3.6,1.3
12,2017,4,319,3.7,314,3.5,114,1.3,,,168,2,302,3.5,1.4
12,2017,5,312,3.6,309,3.5,95,1.1,,,166,1.9,280,3.3,1.4
12,2017,6,333,3.9,317,3.6,117,1.4,,,171,2,313,3.6,1.3
12,2017,7,270,3.1,331,3.7,101,1.2,,,196,2.3,320,3.7,1.3
12,2017,8,344,4,338,3.8,89,1,,,165,1.9,269,3.1,1.2
12,2017,9,292,3.5,294,3.4,92,1.1,,,161,1.9,265,3.1,1.4
12,2017,10,383,4.4,399,4.4,108,1.3,,,188,2.2,313,3.6,1
12,2017,11,309,3.6,377,4.2,77,0.9,,,185,2.1,277,3.2,1.1
12,2017,12,304,3.5,368,4.1,76,0.9,,,174,2,264,3,1.1
12,2018,1,284,3.3,385,4.2,96,1.1,,,164,1.9,277,3.2,1
12,2018,2,260,3,399,4.4,89,1,,,171,2,282,3.2,1
12,2018,3,280,3.2,413,4.5,102,1.2,,,182,2.1,310,3.6,0.9
12,2018,4,290,3.3,440,4.8,102,1.2,,,175,2,308,3.5,0.9
12,2018,5,308,3.5,442,4.8,89,1,,,174,2,281,3.2,0.8
12,2018,6,290,3.3,453,4.9,83,0.9,,,201,2.3,299,3.4,0.8
12,2018,7,283,3.2,454,4.9,92,1,,,179,2,288,3.3,0.8
12,2018,8,316,3.6,457,4.9,96,1.1,,,199,2.3,312,3.5,0.8
12,2018,9,304,3.4,440,4.7,96,1.1,,,238,2.7,351,4,0.8
12,2018,10,334,3.8,442,4.8,93,1.1,,,201,2.3,310,3.5,0.8
12,2018,11,326,3.7,474,5.1,163,1.8,,,198,2.2,381,4.3,0.7
12,2018,12,313,3.5,480,5.1,123,1.4,,,216,2.4,353,4,0.7
12,2019,1,345,3.9,458,4.9,87,1,,,216,2.4,321,3.6,0.8
12,2019,2,340,3.8,371,4,118,1.3,,,201,2.3,334,3.7,0.9
12,2019,3,336,3.8,428,4.6,92,1,,,211,2.4,319,3.6,0.8
12,2019,4,328,3.7,413,4.4,94,1.1,,,200,2.2,308,3.4,0.8
12,2019,5,320,3.6,436,4.6,101,1.1,,,226,2.5,345,3.9,0.8
12,2019,6,341,3.8,385,4.1,98,1.1,,,229,2.6,356,4,0.9
12,2019,7,362,4,428,4.6,106,1.2,,,229,2.6,353,3.9,0.8
12,2019,8,350,3.9,425,4.5,97,1.1,,,220,2.4,329,3.7,0.8
12,2019,9,405,4.5,427,4.5,137,1.5,,,217,2.4,371,4.1,0.8
12,2019,10,368,4.1,423,4.5,89,1,,,206,2.3,318,3.5,0.8
12,2019,11,382,4.2,413,4.4,94,1,,,241,2.7,351,3.9,0.8
12,2019,12,372,4.1,419,4.4,103,1.1,,,226,2.5,345,3.8,0.7
12,2020,1,371,4.1,430,4.5,94,1,,,225,2.5,337,3.7,0.7
12,2020,2,369,4.1,408,4.3,97,1.1,,,229,2.5,342,3.8,0.8
12,2020,3,351,3.9,381,4.1,859,9.5,,,211,2.3,1085,12,1.1
12,2020,4,270,3.5,267,3.3,400,5.1,,,130,1.7,546,7,4.7
12,2020,5,514,6.4,325,3.9,99,1.2,,,128,1.6,242,3,4.4
12,2020,6,356,4.3,351,4,105,1.3,,,189,2.3,301,3.6,3.3
12,2020,7,326,3.9,389,4.4,101,1.2,,,222,2.7,344,4.1,3
12,2020,8,312,3.7,373,4.2,110,1.3,,,192,2.3,314,3.7,2.3
12,2020,9,321,3.8,391,4.4,92,1.1,,,221,2.6,332,3.9,2
12,2020,10,348,4.1,411,4.6,106,1.2,,,272,3.2,395,4.6,1.7
12,2020,11,355,4.1,409,4.5,83,1,,,224,2.6,321,3.7,1.6
12,2020,12,342,4,407,4.5,101,1.2,,,216,2.5,329,3.8,1.5
12,2021,1,286,3.3,428,4.7,106,1.2,,,258,3,378,4.4,1.4
12,2021,2,364,4.2,498,5.4,79,0.9,,,227,2.6,320,3.7,1.1
12,2021,3,330,3.8,483,5.2,72,0.8,,,254,2.9,340,3.9,1.1
12,2021,4,372,4.2,522,5.6,55,0.6,,,242,2.8,313,3.6,1
12,2021,5,394,4.5,578,6.1,51,0.6,,,239,2.7,308,3.5,0.9
12,2021,6,415,4.7,615,6.5,81,0.9,,,231,2.6,334,3.8,0.8
12,2021,7,461,5.1,709,7.3,75,0.8,,,280,3.1,378,4.2,0.7
12,2021,8,429,4.8,664,6.9,75,0.8,,,274,3,370,4.1,0.7
12,2021,9,427,4.7,669,6.9,92,1,,,277,3.1,389,4.3,0.6
12,2021,10,471,5.2,714,7.2,103,1.1,,,275,3,398,4.4,0.6
12,2021,11,505,5.5,651,6.6,99,1.1,,,314,3.4,429,4.7,0.6
12,2021,12,382,4.2,692,7,70,0.8,,,333,3.6,440,4.8,0.5
12,2022,1,393,4.3,709,7.1,82,0.9,,,284,3.1,391,4.2,0.5
12,2022,2,431,4.6,720,7.2,59,0.6,,,291,3.1,375,4,0.5
12,2022,3,494,5.3,834,8.2,96,1,,,384,4.1,504,5.4,0.4
12,2022,4,422,4.5,766,7.6,61,0.7,,,316,3.4,399,4.3,0.4
12,2022,5,444,4.7,669,6.6,96,1,,,346,3.7,468,5,0.5
12,2022,6,439,4.7,677,6.7,92,1,,,296,3.1,419,4.5,0.5
12,2022,7,394,4.2,636,6.3,112,1.2,,,278,2.9,413,4.4,0.5
12,2022,8,405,4.3,611,6,120,1.3,,,298,3.1,446,4.7,0.5
12,2022,9,398,4.2,637,6.2,81,0.8,,,267,2.8,360,3.8,0.5
12,2022,10,384,4,551,5.4,83,0.9,,,277,2.9,375,3.9,0.6
12,2022,11,383,4,687,6.7,105,1.1,,,262,2.7,386,4,0.5
12,2022,12,361,3.8,639,6.2,63,0.7,,,325,3.4,410,4.3,0.5
12,2023,1,401,4.2,681,6.6,113,1.2,,,257,2.7,385,4,0.5
12,2023,2,359,3.7,646,6.3,116,1.2,,,265,2.7,405,4.2,0.5
12,2023,3,380,3.9,651,6.3,105,1.1,,,277,2.9,404,4.2,0.5
12,2023,4,396,4.1,648,6.3,100,1,,,270,2.8,392,4,0.5
12,2023,5,401,4.1,618,6,105,1.1,,,296,3,418,4.3,0.5
12,2023,6,379,3.9,619,6,111,1.1,,,301,3.1,428,4.4,0.5
12,2023,7,395,4,542,5.3,83,0.8,,,262,2.7,364,3.7,0.6
12,2023,8,404,4.1,600,5.8,93,0.9,,,271,2.8,397,4.1,0.6
12,2023,9,412,4.2,589,5.7,85,0.9,,,283,2.9,381,3.9,0.6
12,2023,10,418,4.2,579,5.6,93,0.9,,,283,2.9,408,4.1,0.6
12,2023,11,430,4.4,530,5.1,87,0.9,,,286,2.9,398,4,0.7
12,2023,12,449,4.5,547,5.3,101,1,,,255,2.6,375,3.8,0.6
12,2024,1,362,3.7,507,4.9,100,1,,,258,2.6,380,3.8,0.7
12,2024,2,415,4.2,524,5,80,0.8,,,324,3.3,413,4.2,0.7
12,2024,3,425,4.3,523,5,103,1,,,264,2.7,385,3.9,0.7
12,2024,4,396,4,516,4.9,74,0.7,,,293,3,386,3.9,0.7
12,2024,5,355,3.6,493,4.7,127,1.3,,,212,2.1,355,3.6,0.7
12,2024,6,404,4.1,458,4.4,71,0.7,,,269,2.7,355,3.6,0.8
12,2024,7,391,3.9,482,4.6,83,0.8,,,316,3.2,413,4.2,0.8
12,2024,8,411,4.1,458,4.4,90,0.9,,,263,2.6,363,3.6,0.8
12,2024,9,394,3.9,423,4.1,100,1,,,244,2.4,362,3.6,0.9
12,2024,10,329,3.3,461,4.5,115,1.2,,,219,2.2,346,3.5,0.8
12,2024,11,363,3.6,481,4.6,96,1,,,243,2.4,352,3.5,0.8
12,2024,12,380,3.8,443,4.3,111,1.1,,,207,2.1,331,3.3,0.9
12,2025,1,389,3.9,485,4.6,92,0.9,,,254,2.5,359,3.6,0.8
12,2025,2,516,5.2,438,4.2,198,2,,,197,2,409,4.1,0.9
12,2025,3,371,3.7,414,4,135,1.3,,,265,2.6,412,4.1,1
12,2025,4,368,3.7,391,3.8,185,1.8,,,236,2.4,430,4.3,1
12,2025,5,370,3.7,449,4.3,99,1,,,247,2.5,362,3.6,0.9
12,2025,6,362,3.6,453,4.3,99,1,,,192,1.9,307,3.1,0.9
12,2025,7,358,3.6,376,3.6,131,1.3,,,200,2,340,3.4,1.1
12,2025,8,329,3.3,415,4,98,1,,,229,2.3,342,3.4,1.1
12,2025,9,342,3.4,437,4.2,109,1.1,,,212,2.1,338,3.4,1.1
12,2025,10,312,3.1,448,4.3,68,0.7,,,214,2.2,292,2.9,
12,2025,11,284,2.9,414,4,74,0.7,,,194,2,277,2.8,1.2
12,2025,12,304,3.1,404,3.9,102,1,,,208,2.1,326,3.3,1.2
13,2012,1,134,3.4,127,3.1,51,1.3,,,58,1.5,120,3.1,3.5
13,2012,2,126,3.2,102,2.5,45,1.1,,,55,1.4,118,3,4.4
13,2012,3,149,3.8,98,2.4,49,1.2,,,64,1.6,125,3.2,4.5
13,2012,4,151,3.8,104,2.6,64,1.6,,,67,1.7,140,3.6,4.2
13,2012,5,142,3.6,108,2.7,93,2.4,,,71,1.8,176,4.5,4.1
13,2012,6,159,4,109,2.7,47,1.2,,,63,1.6,120,3,4
13,2012,7,139,3.5,101,2.5,51,1.3,,,61,1.5,124,3.1,4.2
13,2012,8,139,3.5,123,3,57,1.4,,,65,1.6,133,3.4,3.4
13,2012,9,144,3.6,101,2.5,56,1.4,,,63,1.6,131,3.3,4.1
13,2012,10,134,3.4,95,2.3,76,1.9,,,57,1.4,142,3.6,4.4
13,2012,11,161,4,107,2.6,42,1.1,,,53,1.3,108,2.7,3.9
13,2012,12,124,3.1,114,2.8,48,1.2,,,61,1.5,122,3.1,3.6
13,2013,1,127,3.2,130,3.1,46,1.2,,,81,2,138,3.5,3.1
13,2013,2,137,3.4,121,2.9,55,1.4,,,73,1.8,135,3.4,3.4
13,2013,3,144,3.6,124,3,57,1.4,,,60,1.5,124,3.1,3.3
13,2013,4,139,3.5,119,2.9,45,1.1,,,67,1.7,122,3,3.4
13,2013,5,141,3.5,124,3,64,1.6,,,64,1.6,140,3.5,3.2
13,2013,6,134,3.3,109,2.6,58,1.4,,,63,1.6,133,3.3,3.6
13,2013,7,132,3.3,118,2.8,47,1.2,,,63,1.6,132,3.3,3.3
13,2013,8,139,3.4,130,3.1,52,1.3,,,67,1.7,130,3.2,2.9
13,2013,9,141,3.5,126,3,63,1.6,,,59,1.5,133,3.3,3
13,2013,10,144,3.5,127,3,41,1,,,74,1.8,123,3,2.9
13,2013,11,175,4.3,124,3,69,1.7,,,86,2.1,165,4.1,2.9
13,2013,12,147,3.6,118,2.8,55,1.4,,,69,1.7,136,3.3,3
13,2014,1,162,4,113,2.7,47,1.2,,,65,1.6,123,3,3.1
13,2014,2,149,3.7,124,3,61,1.5,,,75,1.8,147,3.6,2.8
13,2014,3,153,3.7,133,3.1,48,1.2,,,73,1.8,135,3.3,2.6
13,2014,4,149,3.6,155,3.6,41,1,,,75,1.8,135,3.3,2.3
13,2014,5,157,3.8,135,3.2,60,1.5,,,74,1.8,149,3.6,2.6
13,2014,6,188,4.5,150,3.5,53,1.3,,,92,2.2,156,3.8,2.3
13,2014,7,181,4.4,153,3.6,60,1.4,,,90,2.2,161,3.9,2.2
13,2014,8,165,4,149,3.5,77,1.8,,,81,1.9,169,4.1,2.3
13,2014,9,169,4,154,3.6,64,1.5,,,89,2.1,173,4.1,2.2
13,2014,10,176,4.2,158,3.6,75,1.8,,,85,2,174,4.2,2.1
13,2014,11,171,4.1,139,3.2,55,1.3,,,92,2.2,159,3.8,2.3
13,2014,12,188,4.5,141,3.2,57,1.4,,,91,2.2,165,3.9,2.2
13,2015,1,179,4.3,148,3.4,75,1.8,,,101,2.4,190,4.5,2.1
13,2015,2,174,4.1,156,3.6,64,1.5,,,96,2.3,169,4,1.9
13,2015,3,161,3.8,163,3.7,68,1.6,,,123,2.9,202,4.8,1.8
13,2015,4,169,4,169,3.8,81,1.9,,,99,2.3,191,4.5,1.7
13,2015,5,217,5.1,191,4.3,46,1.1,,,95,2.2,155,3.7,1.5
13,2015,6,178,4.2,175,3.9,56,1.3,,,91,2.1,163,3.8,1.6
13,2015,7,178,4.2,207,4.6,47,1.1,,,99,2.3,158,3.7,1.4
13,2015,8,167,3.9,174,3.9,42,1,,,100,2.3,154,3.6,1.6
13,2015,9,185,4.3,154,3.5,63,1.5,,,96,2.2,171,4,1.8
13,2015,10,185,4.3,164,3.7,73,1.7,,,102,2.4,190,4.4,1.7
13,2015,11,165,3.8,172,3.8,51,1.2,,,92,2.1,155,3.6,1.6
13,2015,12,187,4.3,195,4.3,55,1.3,,,108,2.5,172,4,1.4
13,2016,1,150,3.5,199,4.4,71,1.6,,,103,2.4,182,4.2,1.4
13,2016,2,167,3.9,194,4.3,62,1.4,,,110,2.5,179,4.1,1.4
13,2016,3,172,4,224,4.9,55,1.3,,,98,2.3,166,3.8,1.2
13,2016,4,182,4.2,193,4.2,64,1.5,,,106,2.4,183,4.2,1.4
13,2016,5,185,4.2,197,4.3,60,1.4,,,119,2.7,187,4.3,1.3
13,2016,6,208,4.8,186,4.1,63,1.4,,,116,2.7,200,4.6,1.4
13,2016,7,238,5.4,197,4.3,73,1.7,,,110,2.5,190,4.3,1.4
13,2016,8,221,5,188,4.1,53,1.2,,,114,2.6,181,4.1,1.4
13,2016,9,216,4.9,202,4.4,55,1.2,,,120,2.7,185,4.2,1.3
13,2016,10,210,4.8,193,4.2,49,1.1,,,106,2.4,168,3.8,1.4
13,2016,11,171,3.9,197,4.3,46,1,,,112,2.5,166,3.8,1.4
13,2016,12,249,5.6,195,4.2,76,1.7,,,110,2.5,199,4.5,1.4
13,2017,1,235,5.3,191,4.1,53,1.2,,,112,2.5,176,4,1.4
13,2017,2,209,4.7,201,4.4,48,1.1,,,102,2.3,162,3.7,1.3
13,2017,3,212,4.8,187,4,59,1.3,,,112,2.5,180,4.1,1.4
13,2017,4,197,4.4,219,4.7,84,1.9,,,108,2.4,202,4.6,1.1
13,2017,5,216,4.9,198,4.3,130,2.9,,,140,3.2,283,6.4,1.2
13,2017,6,199,4.5,210,4.5,101,2.3,,,115,2.6,224,5,1.2
13,2017,7,208,4.7,210,4.5,66,1.5,,,122,2.7,199,4.5,1.1
13,2017,8,210,4.7,206,4.4,70,1.6,,,119,2.7,197,4.4,1.2
13,2017,9,189,4.2,199,4.3,64,1.4,,,135,3,208,4.7,1.2
13,2017,10,195,4.4,206,4.4,60,1.3,,,111,2.5,182,4.1,1.1
13,2017,11,190,4.2,216,4.6,94,2.1,,,111,2.5,218,4.9,1.1
13,2017,12,273,6.1,196,4.2,45,1,,,108,2.4,159,3.5,1.1
13,2018,1,189,4.2,224,4.7,72,1.6,,,109,2.4,193,4.3,1
13,2018,2,245,5.4,222,4.7,67,1.5,,,125,2.8,204,4.5,1
13,2018,3,224,5,222,4.7,56,1.2,,,140,3.1,211,4.7,1
13,2018,4,195,4.3,230,4.8,35,0.8,,,111,2.5,155,3.4,0.9
13,2018,5,191,4.2,231,4.8,52,1.1,,,116,2.6,175,3.9,0.9
13,2018,6,177,3.9,232,4.9,49,1.1,,,110,2.4,169,3.7,0.9
13,2018,7,184,4,235,4.9,55,1.2,,,110,2.4,177,3.9,0.8
13,2018,8,187,4.1,233,4.9,56,1.2,,,105,2.3,171,3.7,0.8
13,2018,9,203,4.4,231,4.8,41,0.9,,,111,2.4,160,3.5,0.9
13,2018,10,190,4.2,243,5,56,1.2,,,137,3,201,4.4,0.8
13,2018,11,210,4.6,232,4.8,57,1.2,,,126,2.8,196,4.3,0.9
13,2018,12,179,3.9,239,5,55,1.2,,,123,2.7,192,4.2,0.8
13,2019,1,184,4,228,4.7,51,1.1,,,108,2.3,171,3.7,0.9
13,2019,2,185,4,227,4.7,46,1,,,115,2.5,178,3.9,0.9
13,2019,3,171,3.7,242,5,53,1.1,,,116,2.5,183,4,0.8
13,2019,4,187,4.1,235,4.8,51,1.1,,,130,2.8,192,4.2,0.8
13,2019,5,176,3.8,219,4.5,41,0.9,,,119,2.6,170,3.7,0.8
13,2019,6,191,4.1,220,4.5,46,1,,,111,2.4,165,3.6,0.8
13,2019,7,192,4.1,222,4.6,47,1,,,148,3.2,208,4.5,0.8
13,2019,8,173,3.7,227,4.7,53,1.1,,,121,2.6,182,3.9,0.8
13,2019,9,190,4.1,245,5,64,1.4,,,96,2.1,175,3.8,0.7
13,2019,10,193,4.2,241,4.9,57,1.2,,,120,2.6,189,4.1,0.7
13,2019,11,203,4.4,240,4.9,45,1,,,129,2.8,183,3.9,0.7
13,2019,12,201,4.3,241,4.9,72,1.5,,,134,2.9,212,4.5,0.7
13,2020,1,193,4.1,238,4.8,55,1.2,,,131,2.8,198,4.2,0.8
13,2020,2,203,4.3,227,4.6,73,1.6,,,131,2.8,214,4.6,0.8
13,2020,3,170,3.7,182,3.8,291,6.3,,,77,1.7,377,8.1,1.1
13,2020,4,141,3.5,156,3.7,248,6.1,,,84,2.1,343,8.4,4
13,2020,5,205,4.9,217,4.9,64,1.5,,,86,2,164,3.9,2.3
13,2020,6,201,4.7,235,5.2,68,1.6,,,80,1.9,159,3.7,1.8
13,2020,7,203,4.7,254,5.5,65,1.5,,,121,2.8,198,4.6,1.5
13,2020,8,215,4.9,255,5.5,53,1.2,,,159,3.6,222,5.1,1.3
13,2020,9,203,4.6,235,5.1,46,1,,,127,2.9,194,4.4,1.4
13,2020,10,216,4.9,241,5.1,47,1.1,,,126,2.8,183,4.1,1.2
13,2020,11,217,4.9,253,5.4,62,1.4,,,130,2.9,202,4.5,1.1
13,2020,12,214,4.8,292,6.1,56,1.2,,,150,3.3,227,5.1,0.9
13,2021,1,203,4.5,314,6.5,46,1,,,142,3.2,200,4.4,0.8
13,2021,2,216,4.8,310,6.4,61,1.4,,,141,3.1,210,4.7,0.8
13,2021,3,232,5.1,315,6.5,57,1.3,,,143,3.2,211,4.7,0.7
13,2021,4,247,5.5,333,6.8,65,1.4,,,181,4,259,5.7,0.7
13,2021,5,265,5.8,379,7.7,47,1,,,162,3.6,224,4.9,0.6
13,2021,6,264,5.8,381,7.7,62,1.4,,,190,4.2,270,5.9,0.5
13,2021,7,224,4.8,393,7.8,54,1.2,,,154,3.3,215,4.6,0.5
13,2021,8,233,5,420,8.3,39,0.8,,,192,4.2,251,5.4,0.5
13,2021,9,262,5.7,417,8.3,63,1.4,,,172,3.7,255,5.5,0.4
13,2021,10,263,5.6,436,8.5,53,1.1,,,151,3.2,221,4.7,0.4
13,2021,11,261,5.6,438,8.5,50,1.1,,,213,4.5,287,6.1,0.4
13,2021,12,252,5.3,434,8.4,74,1.6,,,184,3.9,268,5.7,0.4
13,2022,1,265,5.6,430,8.3,54,1.1,,,188,4,265,5.6,0.4
13,2022,2,315,6.6,440,8.5,47,1,,,201,4.2,261,5.5,0.4
13,2022,3,257,5.4,432,8.3,73,1.5,,,159,3.3,249,5.2,0.4
13,2022,4,262,5.5,441,8.4,61,1.3,,,187,3.9,267,5.6,0.4
13,2022,5,275,5.7,404,7.8,73,1.5,,,193,4,276,5.8,0.4
13,2022,6,304,6.3,469,8.9,63,1.3,,,243,5.1,328,6.8,0.3
13,2022,7,268,5.5,457,8.6,71,1.5,,,185,3.8,266,5.5,0.4
13,2022,8,269,5.6,384,7.4,77,1.6,,,183,3.8,271,5.6,0.4
13,2022,9,253,5.2,404,7.7,40,0.8,,,192,4,244,5,0.4
13,2022,10,247,5.1,392,7.5,63,1.3,,,164,3.4,236,4.9,0.4
13,2022,11,236,4.8,424,8,52,1.1,,,177,3.6,240,4.9,0.4
13,2022,12,237,4.9,366,7,46,0.9,,,153,3.1,209,4.3,0.5
13,2023,1,246,5,405,7.6,67,1.4,,,164,3.4,240,4.9,0.4
13,2023,2,236,4.8,442,8.3,36,0.7,,,198,4,244,5,0.4
13,2023,3,242,4.9,401,7.6,59,1.2,,,164,3.3,233,4.8,0.4
13,2023,4,231,4.7,370,7,50,1,,,141,2.9,199,4.1,0.5
13,2023,5,227,4.6,347,6.6,80,1.6,,,154,3.1,244,5,0.5
13,2023,6,226,4.6,332,6.3,50,1,,,123,2.5,184,3.7,0.5
13,2023,7,235,4.8,320,6.1,47,1,,,139,2.8,193,3.9,0.5
13,2023,8,229,4.7,320,6.1,46,0.9,,,133,2.7,192,3.9,0.5
13,2023,9,211,4.3,338,6.4,41,0.8,,,138,2.8,189,3.8,0.5
13,2023,10,216,4.4,326,6.2,42,0.9,,,137,2.8,190,3.9,0.5
13,2023,11,204,4.1,289,5.5,49,1,,,122,2.5,181,3.7,0.6
13,2023,12,173,3.5,280,5.4,39,0.8,,,140,2.8,189,3.8,0.6
13,2024,1,202,4.1,264,5.1,47,1,,,114,2.3,170,3.4,0.7
13,2024,2,191,3.9,269,5.2,46,0.9,,,103,2.1,156,3.2,0.7
13,2024,3,186,3.7,254,4.9,37,0.7,,,111,2.2,157,3.2,0.7
13,2024,4,193,3.9,262,5,41,0.8,,,104,2.1,153,3.1,0.7
13,2024,5,187,3.8,254,4.9,46,0.9,,,116,2.3,171,3.4,0.7
13,2024,6,154,3.1,252,4.8,42,0.8,,,122,2.5,172,3.5,0.8
13,2024,7,170,3.4,246,4.7,55,1.1,,,110,2.2,174,3.5,0.8
13,2024,8,172,3.5,265,5.1,70,1.4,,,105,2.1,183,3.7,0.7
13,2024,9,183,3.7,225,4.3,65,1.3,,,107,2.2,178,3.6,0.8
13,2024,10,181,3.6,267,5.1,56,1.1,,,112,2.3,175,3.5,0.7
13,2024,11,179,3.6,270,5.1,58,1.2,,,98,2,163,3.3,0.7
13,2024,12,190,3.8,277,5.3,54,1.1,,,100,2,161,3.2,0.7
13,2025,1,166,3.3,265,5.1,63,1.3,,,99,2,168,3.4,0.7
13,2025,2,149,3,268,5.1,52,1,,,99,2,164,3.3,0.7
13,2025,3,176,3.5,245,4.7,50,1,,,127,2.6,182,3.7,0.7
13,2025,4,162,3.2,272,5.2,64,1.3,,,88,1.8,168,3.4,0.7
13,2025,5,159,3.2,328,6.2,41,0.8,,,120,2.4,171,3.4,0.5
13,2025,6,161,3.2,284,5.4,44,0.9,,,81,1.6,135,2.7,0.6
13,2025,7,190,3.8,291,5.5,51,1,,,94,1.9,153,3.1,0.6
13,2025,8,160,3.2,297,5.6,50,1,,,101,2,160,3.2,0.6
13,2025,9,159,3.2,319,6,44,0.9,,,85,1.7,147,2.9,0.6
13,2025,10,151,3,304,5.8,49,1,,,95,1.9,152,3.1,
13,2025,11,155,3.1,308,5.8,49,1,,,116,2.3,176,3.5,0.6
13,2025,12,142,2.8,279,5.3,54,1.1,,,79,1.6,146,2.9,0.7
15,2012,1,19,3.2,16,2.6,7,1.2,,,9,1.5,17,2.9,2.7
15,2012,2,20,3.3,17,2.7,7,1.2,,,9,1.5,17,2.8,2.5
15,2012,3,16,2.7,15,2.4,5,0.8,,,8,1.3,14,2.3,2.7
15,2012,4,19,3.1,18,2.9,7,1.2,,,8,1.3,16,2.6,2.3
15,2012,5,20,3.3,17,2.7,7,1.2,,,8,1.3,16,2.6,2.4
15,2012,6,17,2.8,19,3,7,1.2,,,8,1.3,16,2.6,2.1
15,2012,7,19,3.1,16,2.6,8,1.3,,,8,1.3,18,3,2.4
15,2012,8,20,3.3,18,2.8,7,1.1,,,8,1.3,16,2.6,2.1
15,2012,9,15,2.5,17,2.7,7,1.1,,,8,1.3,16,2.6,2.1
15,2012,10,20,3.3,16,2.5,7,1.1,,,9,1.5,17,2.8,2.2
15,2012,11,19,3.1,18,2.8,7,1.1,,,9,1.5,19,3.1,1.9
15,2012,12,21,3.4,18,2.8,7,1.1,,,9,1.5,17,2.8,1.9
15,2013,1,15,2.5,16,2.6,6,1,,,9,1.5,16,2.6,2.1
15,2013,2,20,3.2,19,3,7,1.1,,,8,1.3,16,2.6,1.7
15,2013,3,20,3.2,19,3,6,1,,,9,1.5,17,2.8,1.7
15,2013,4,19,3.1,15,2.4,9,1.5,,,10,1.6,20,3.2,2.1
15,2013,5,18,2.9,17,2.7,7,1.1,,,9,1.5,18,2.9,1.8
15,2013,6,18,2.9,16,2.5,7,1.1,,,8,1.3,16,2.6,1.9
15,2013,7,20,3.2,16,2.5,7,1.1,,,9,1.4,17,2.7,1.9
15,2013,8,18,2.9,16,2.5,8,1.3,,,11,1.8,21,3.4,1.9
15,2013,9,18,2.9,15,2.4,8,1.3,,,9,1.4,18,2.9,2.1
15,2013,10,19,3,17,2.7,5,0.8,,,9,1.4,15,2.4,1.8
15,2013,11,19,3,17,2.7,9,1.4,,,9,1.4,19,3,1.8
15,2013,12,18,2.9,16,2.5,7,1.1,,,10,1.6,18,2.9,1.9
15,2014,1,18,2.9,18,2.8,10,1.6,,,9,1.4,21,3.4,1.7
15,2014,2,17,2.7,16,2.5,6,1,,,9,1.4,16,2.6,1.9
15,2014,3,20,3.2,18,2.8,10,1.6,,,9,1.4,20,3.2,1.7
15,2014,4,20,3.2,20,3.1,8,1.3,,,10,1.6,18,2.9,1.5
15,2014,5,19,3,19,2.9,7,1.1,,,10,1.6,18,2.9,1.5
15,2014,6,22,3.5,19,2.9,7,1.1,,,9,1.4,17,2.7,1.5
15,2014,7,16,2.5,16,2.5,6,1,,,10,1.6,17,2.7,1.8
15,2014,8,18,2.9,20,3.1,6,1,,,13,2.1,20,3.2,1.4
15,2014,9,21,3.3,20,3.1,6,1,,,10,1.6,19,3,1.4
15,2014,10,20,3.2,17,2.6,6,1,,,11,1.7,18,2.9,1.6
15,2014,11,18,2.8,18,2.8,6,0.9,,,10,1.6,17,2.7,1.5
15,2014,12,20,3.2,18,2.8,6,1,,,11,1.7,19,3,1.5
15,2015,1,22,3.5,22,3.4,7,1.1,,,10,1.6,18,2.8,1.2
15,2015,2,21,3.3,19,2.9,7,1.1,,,15,2.4,23,3.6,1.3
15,2015,3,20,3.1,20,3.1,7,1.1,,,12,1.9,21,3.3,1.2
15,2015,4,19,3,19,2.9,7,1.1,,,10,1.6,18,2.8,1.3
15,2015,5,21,3.3,19,2.9,8,1.3,,,11,1.7,20,3.1,1.3
15,2015,6,21,3.3,17,2.6,6,0.9,,,11,1.7,18,2.8,1.4
15,2015,7,22,3.4,22,3.3,9,1.4,,,12,1.9,23,3.6,1
15,2015,8,22,3.4,19,2.9,8,1.2,,,11,1.7,20,3.1,1.2
15,2015,9,23,3.6,21,3.2,9,1.4,,,11,1.7,21,3.3,1.1
15,2015,10,22,3.4,21,3.2,8,1.2,,,12,1.9,21,3.3,1
15,2015,11,24,3.7,20,3,8,1.2,,,12,1.9,21,3.3,1.1
15,2015,12,23,3.6,22,3.3,9,1.4,,,11,1.7,22,3.4,1
15,2016,1,23,3.6,21,3.2,8,1.2,,,13,2,23,3.6,1
15,2016,2,22,3.4,23,3.4,8,1.2,,,13,2,23,3.6,0.9
15,2016,3,22,3.4,22,3.3,7,1.1,,,12,1.9,21,3.3,1
15,2016,4,25,3.9,24,3.6,9,1.4,,,13,2,24,3.7,0.9
15,2016,5,26,4,24,3.6,9,1.4,,,14,2.2,24,3.7,0.9
15,2016,6,26,4,24,3.6,10,1.5,,,13,2,24,3.7,0.9
15,2016,7,26,4,25,3.7,10,1.5,,,13,2,24,3.7,0.8
15,2016,8,34,5.2,31,4.5,13,2,,,17,2.6,31,4.8,0.6
15,2016,9,25,3.8,24,3.6,8,1.2,,,16,2.5,25,3.8,0.8
15,2016,10,18,2.8,21,3.1,6,0.9,,,12,1.8,20,3.1,0.9
15,2016,11,23,3.5,25,3.7,7,1.1,,,12,1.8,21,3.2,0.8
15,2016,12,20,3.1,24,3.6,6,0.9,,,12,1.8,20,3.1,0.8
15,2017,1,24,3.7,25,3.7,6,0.9,,,15,2.3,23,3.5,0.7
15,2017,2,22,3.4,24,3.5,6,0.9,,,13,2,20,3.1,0.7
15,2017,3,21,3.2,24,3.5,6,0.9,,,13,2,20,3.1,0.7
15,2017,4,22,3.4,27,4,5,0.8,,,13,2,20,3.1,0.6
15,2017,5,20,3.1,24,3.5,4,0.6,,,13,2,18,2.7,0.7
15,2017,6,22,3.4,28,4.1,5,0.8,,,15,2.3,21,3.2,0.6
15,2017,7,20,3.1,28,4.1,6,0.9,,,14,2.1,22,3.4,0.5
15,2017,8,23,3.5,27,4,6,0.9,,,13,2,20,3.1,0.5
15,2017,9,22,3.3,27,3.9,6,0.9,,,14,2.1,22,3.3,0.5
15,2017,10,21,3.2,29,4.2,7,1.1,,,13,2,21,3.2,0.5
15,2017,11,22,3.4,28,4.1,6,0.9,,,14,2.1,21,3.2,0.5
15,2017,12,24,3.7,28,4.1,6,0.9,,,15,2.3,22,3.3,0.5
15,2018,1,20,3,27,4,8,1.2,,,12,1.8,21,3.2,0.5
15,2018,2,21,3.2,26,3.8,7,1.1,,,13,2,21,3.2,0.6
15,2018,3,23,3.5,28,4.1,6,0.9,,,14,2.1,21,3.2,0.5
15,2018,4,21,3.2,28,4.1,6,0.9,,,16,2.4,23,3.5,0.6
15,2018,5,25,3.8,28,4.1,5,0.8,,,15,2.3,22,3.3,0.6
15,2018,6,22,3.3,28,4.1,6,0.9,,,13,2,21,3.2,0.6
15,2018,7,20,3,26,3.8,5,0.8,,,14,2.1,20,3,0.6
15,2018,8,23,3.5,29,4.2,6,0.9,,,14,2.1,21,3.2,0.6
15,2018,9,20,3,30,4.4,5,0.8,,,14,2.1,20,3,0.6
15,2018,10,24,3.6,30,4.4,7,1.1,,,15,2.3,23,3.5,0.6
15,2018,11,24,3.6,31,4.5,8,1.2,,,16,2.4,25,3.8,0.6
15,2018,12,25,3.8,32,4.6,7,1.1,,,13,2,22,3.3,0.6
15,2019,1,34,5.2,40,5.7,7,1.1,,,20,3,29,4.4,0.5
15,2019,2,22,3.3,32,4.6,6,0.9,,,18,2.7,25,3.8,0.6
15,2019,3,23,3.5,31,4.5,7,1.1,,,15,2.3,23,3.5,0.6
15,2019,4,22,3.3,25,3.7,8,1.2,,,15,2.3,24,3.7,0.7
15,2019,5,22,3.3,31,4.5,7,1.1,,,15,2.3,23,3.5,0.6
15,2019,6,22,3.4,32,4.6,7,1.1,,,16,2.4,24,3.7,0.5
15,2019,7,24,3.7,32,4.6,9,1.4,,,17,2.6,27,4.1,0.5
15,2019,8,24,3.7,30,4.4,6,0.9,,,14,2.1,22,3.4,0.6
15,2019,9,23,3.5,31,4.5,7,1.1,,,16,2.4,24,3.6,0.5
15,2019,10,23,3.5,30,4.3,7,1.1,,,17,2.6,26,3.9,0.5
15,2019,11,21,3.2,29,4.2,7,1.1,,,15,2.3,24,3.6,0.6
15,2019,12,23,3.5,28,4.1,7,1.1,,,19,2.9,27,4.1,0.6
15,2020,1,28,4.2,34,4.9,4,0.6,,,13,2,19,2.9,0.4
15,2020,2,24,3.6,26,3.8,7,1.1,,,15,2.3,23,3.5,0.6
15,2020,3,20,3,23,3.4,57,8.7,,,13,2,71,10.8,0.6
15,2020,4,13,2.6,17,3.2,63,12.4,,,12,2.4,77,15.1,8.6
15,2020,5,36,7.1,26,4.9,11,2.2,,,13,2.6,25,4.9,5.3
15,2020,6,27,5.1,21,3.8,10,1.9,,,11,2.1,22,4.2,5.5
15,2020,7,22,4.2,22,4,9,1.7,,,16,3,27,5.1,4.8
15,2020,8,18,3.4,20,3.6,3,0.6,,,12,2.3,16,3,4.4
15,2020,9,17,3.3,18,3.4,11,2.1,,,21,4.1,34,6.6,4.6
15,2020,10,37,7,32,5.7,5,0.9,,,11,2.1,18,3.4,2.3
15,2020,11,32,5.9,32,5.6,7,1.3,,,10,1.8,18,3.3,2.2
15,2020,12,25,4.5,29,5,6,1.1,,,8,1.5,15,2.7,2.3
15,2021,1,21,3.8,26,4.5,6,1.1,,,11,2,18,3.3,2.5
15,2021,2,19,3.4,26,4.5,5,0.9,,,12,2.2,18,3.2,2.4
15,2021,3,25,4.4,33,5.5,8,1.4,,,13,2.3,22,3.9,1.7
15,2021,4,34,5.9,46,7.4,5,0.9,,,16,2.8,23,4,1.1
15,2021,5,29,5,44,7,4,0.7,,,15,2.6,21,3.6,1.1
15,2021,6,29,4.9,46,7.2,4,0.7,,,15,2.5,21,3.5,0.9
15,2021,7,29,4.8,44,6.8,6,1,,,16,2.7,23,3.8,0.8
15,2021,8,24,4,39,6.1,4,0.7,,,15,2.5,21,3.5,0.8
15,2021,9,23,3.8,38,6,5,0.8,,,18,3,24,4,0.7
15,2021,10,21,3.5,38,5.9,4,0.7,,,17,2.8,22,3.7,0.6
15,2021,11,24,4,38,5.9,4,0.7,,,16,2.7,21,3.5,0.6
15,2021,12,23,3.8,42,6.5,5,0.8,,,16,2.6,23,3.8,0.5
15,2022,1,25,4.1,42,6.5,5,0.8,,,17,2.8,22,3.6,0.5
15,2022,2,25,4.1,41,6.3,5,0.8,,,16,2.6,22,3.6,0.5
15,2022,3,24,3.9,44,6.7,3,0.5,,,17,2.8,21,3.4,0.5
15,2022,4,26,4.2,41,6.3,3,0.5,,,15,2.4,19,3.1,0.5
15,2022,5,22,3.6,41,6.3,6,1,,,15,2.4,22,3.6,0.5
15,2022,6,22,3.6,39,6,5,0.8,,,15,2.4,21,3.4,0.6
15,2022,7,22,3.5,42,6.3,5,0.8,,,12,1.9,20,3.2,0.5
15,2022,8,25,4,39,5.9,6,1,,,15,2.4,22,3.5,0.6
15,2022,9,24,3.8,37,5.6,5,0.8,,,14,2.2,21,3.4,0.6
15,2022,10,22,3.5,33,5,6,1,,,12,1.9,20,3.2,0.7
15,2022,11,21,3.3,33,5,5,0.8,,,15,2.4,21,3.3,0.7
15,2022,12,24,3.8,43,6.4,5,0.8,,,16,2.5,22,3.5,0.5
15,2023,1,21,3.3,33,5,5,0.8,,,14,2.2,20,3.2,0.6
15,2023,2,24,3.8,36,5.4,5,0.8,,,14,2.2,20,3.2,0.6
15,2023,3,22,3.5,33,5,7,1.1,,,14,2.2,22,3.5,0.6
15,2023,4,19,3,37,5.5,6,0.9,,,13,2.1,20,3.2,0.5
15,2023,5,20,3.2,31,4.7,5,0.8,,,13,2.1,19,3,0.6
15,2023,6,20,3.2,31,4.7,5,0.8,,,13,2,18,2.8,0.6
15,2023,7,18,2.8,30,4.5,5,0.8,,,13,2,20,3.2,0.6
15,2023,8,21,3.3,33,5,7,1.1,,,15,2.4,24,3.8,0.6
15,2023,9,21,3.3,34,5.1,7,1.1,,,18,2.9,26,4.1,0.6
15,2023,10,18,2.9,25,3.8,4,0.6,,,11,1.7,16,2.5,0.8
15,2023,11,19,3,31,4.7,6,0.9,,,12,1.9,19,3,0.6
15,2023,12,20,3.2,29,4.4,6,0.9,,,12,1.9,19,3,0.7
15,2024,1,20,3.1,27,4.1,5,0.8,,,12,1.9,18,2.8,0.7
15,2024,2,21,3.3,31,4.6,6,0.9,,,13,2,21,3.3,0.6
15,2024,3,19,3,27,4.1,6,0.9,,,13,2,20,3.1,0.7
15,2024,4,19,3,21,3.2,6,0.9,,,13,2,21,3.3,0.9
15,2024,5,23,3.6,31,4.6,8,1.3,,,13,2,22,3.4,0.6
15,2024,6,20,3.1,26,3.9,6,0.9,,,13,2,21,3.3,0.7
15,2024,7,23,3.6,26,3.9,7,1.1,,,11,1.7,19,3,0.7
15,2024,8,18,2.8,25,3.8,6,0.9,,,11,1.7,18,2.8,0.8
15,2024,9,21,3.3,24,3.6,6,0.9,,,9,1.4,16,2.5,0.8
15,2024,10,23,3.6,32,4.8,7,1.1,,,16,2.5,24,3.7,0.6
15,2024,11,21,3.3,27,4,6,0.9,,,14,2.2,21,3.3,0.7
15,2024,12,19,3,26,3.9,7,1.1,,,14,2.2,22,3.4,0.7
15,2025,1,19,3,29,4.3,5,0.8,,,11,1.7,17,2.6,0.6
15,2025,2,18,2.8,24,3.6,7,1.1,,,11,1.7,19,3,0.7
15,2025,3,18,2.8,24,3.6,6,0.9,,,12,1.9,19,3,0.7
15,2025,4,18,2.8,22,3.3,5,0.8,,,11,1.7,17,2.6,0.8
15,2025,5,20,3.1,21,3.2,6,0.9,,,12,1.9,19,3,0.8
15,2025,6,20,3.1,22,3.3,8,1.3,,,14,2.2,22,3.4,0.7
15,2025,7,22,3.4,28,4.2,6,0.9,,,12,1.9,19,3,0.5
15,2025,8,18,2.8,22,3.3,5,0.8,,,12,1.9,19,3,0.7
15,2025,9,19,3,23,3.5,5,0.8,,,11,1.7,18,2.8,0.6
15,2025,10,25,3.9,28,4.2,7,1.1,,,12,1.9,20,3.1,
15,2025,11,17,2.6,19,2.9,6,0.9,,,13,2,21,3.3,0.8
15,2025,12,18,2.8,19,2.9,5,0.8,,,13,2,20,3.1,0.8
16,2012,1,27,4.4,19,3,11,1.8,,,12,2,25,4.1,3.2
16,2012,2,26,4.2,16,2.5,11,1.8,,,13,2.1,25,4.1,3.8
16,2012,3,26,4.2,19,3,8,1.3,,,13,2.1,22,3.6,3.1
16,2012,4,27,4.4,17,2.7,10,1.6,,,13,2.1,26,4.2,3.5
16,2012,5,30,4.8,21,3.3,10,1.6,,,15,2.4,28,4.5,2.8
16,2012,6,26,4.2,21,3.3,12,1.9,,,13,2.1,27,4.4,2.8
16,2012,7,27,4.3,19,3,11,1.8,,,11,1.8,24,3.9,3.1
16,2012,8,28,4.5,19,3,12,1.9,,,12,1.9,25,4,3.1
16,2012,9,24,3.8,20,3.1,10,1.6,,,11,1.8,23,3.7,2.8
16,2012,10,27,4.3,18,2.8,12,1.9,,,13,2.1,26,4.1,3.1
16,2012,11,32,5.1,24,3.7,11,1.7,,,14,2.2,27,4.3,2.3
16,2012,12,26,4.1,22,3.4,10,1.6,,,13,2.1,25,4,2.5
16,2013,1,22,3.5,17,2.6,10,1.6,,,13,2.1,25,4,3.3
16,2013,2,27,4.3,22,3.4,10,1.6,,,13,2.1,26,4.1,2.5
16,2013,3,28,4.4,23,3.5,9,1.4,,,13,2.1,23,3.6,2.4
16,2013,4,30,4.7,23,3.5,15,2.4,,,14,2.2,31,4.9,2.4
16,2013,5,29,4.6,23,3.5,11,1.7,,,13,2,27,4.2,2.4
16,2013,6,27,4.2,21,3.2,10,1.6,,,12,1.9,24,3.8,2.7
16,2013,7,26,4.1,21,3.2,11,1.7,,,14,2.2,27,4.2,2.7
16,2013,8,26,4.1,22,3.3,10,1.6,,,14,2.2,27,4.2,2.5
16,2013,9,28,4.4,22,3.3,12,1.9,,,13,2,27,4.2,2.5
16,2013,10,29,4.5,23,3.5,8,1.2,,,14,2.2,24,3.7,2.4
16,2013,11,27,4.2,23,3.4,15,2.3,,,14,2.2,31,4.8,2.2
16,2013,12,27,4.2,23,3.4,11,1.7,,,14,2.2,27,4.2,2.1
16,2014,1,29,4.5,25,3.7,11,1.7,,,14,2.2,26,4,1.8
16,2014,2,31,4.8,27,4,11,1.7,,,14,2.2,27,4.2,1.5
16,2014,3,28,4.3,21,3.1,10,1.5,,,14,2.2,26,4,1.8
16,2014,4,28,4.3,27,4,10,1.5,,,14,2.1,26,4,1.3
16,2014,5,25,3.8,27,4,10,1.5,,,15,2.3,27,4.1,1.3
16,2014,6,29,4.4,29,4.2,10,1.5,,,12,1.8,24,3.7,1.1
16,2014,7,30,4.6,31,4.5,10,1.5,,,17,2.6,29,4.4,1
16,2014,8,29,4.4,31,4.5,10,1.5,,,16,2.4,28,4.3,1
16,2014,9,30,4.6,29,4.2,9,1.4,,,17,2.6,28,4.3,1.1
16,2014,10,29,4.4,31,4.5,8,1.2,,,17,2.6,27,4.1,1
16,2014,11,28,4.3,28,4.1,9,1.4,,,15,2.3,25,3.8,1.1
16,2014,12,31,4.7,27,3.9,11,1.7,,,13,2,26,3.9,1.1
16,2015,1,30,4.5,30,4.3,9,1.4,,,16,2.4,27,4.1,1
16,2015,2,29,4.4,30,4.3,9,1.4,,,18,2.7,28,4.2,1
16,2015,3,30,4.5,30,4.3,12,1.8,,,17,2.6,31,4.7,1
16,2015,4,28,4.2,29,4.2,10,1.5,,,15,2.3,26,3.9,1.1
16,2015,5,28,4.2,28,4,9,1.3,,,15,2.2,26,3.9,1.1
16,2015,6,30,4.5,27,3.9,9,1.3,,,16,2.4,27,4,1.2
16,2015,7,32,4.8,35,4.9,10,1.5,,,16,2.4,27,4,0.9
16,2015,8,26,3.9,26,3.7,9,1.3,,,16,2.4,27,4,1.2
16,2015,9,31,4.6,30,4.2,10,1.5,,,16,2.4,27,4,1
16,2015,10,29,4.3,28,4,10,1.5,,,15,2.2,27,4,1.1
16,2015,11,31,4.6,30,4.2,10,1.5,,,16,2.4,27,4,1
16,2015,12,32,4.7,32,4.5,9,1.3,,,16,2.3,28,4.1,1
16,2016,1,29,4.2,27,3.8,8,1.2,,,15,2.2,27,4,1.1
16,2016,2,30,4.4,28,3.9,10,1.5,,,16,2.3,29,4.2,1.1
16,2016,3,29,4.2,33,4.6,8,1.2,,,16,2.3,25,3.6,0.9
16,2016,4,32,4.6,38,5.2,12,1.7,,,20,2.9,34,4.9,0.8
16,2016,5,32,4.6,34,4.7,9,1.3,,,18,2.6,29,4.2,0.9
16,2016,6,34,4.9,35,4.8,7,1,,,18,2.6,27,3.9,0.9
16,2016,7,32,4.6,35,4.8,8,1.1,,,18,2.6,28,4,0.9
16,2016,8,31,4.4,32,4.4,9,1.3,,,16,2.3,27,3.9,1
16,2016,9,33,4.7,31,4.2,9,1.3,,,17,2.4,28,4,1
16,2016,10,26,3.7,30,4.1,8,1.1,,,16,2.3,26,3.7,1
16,2016,11,32,4.6,34,4.6,9,1.3,,,18,2.6,29,4.1,0.9
16,2016,12,30,4.3,31,4.2,9,1.3,,,16,2.3,27,3.8,0.9
16,2017,1,33,4.7,34,4.6,9,1.3,,,21,3,32,4.5,0.8
16,2017,2,30,4.2,31,4.2,8,1.1,,,16,2.3,26,3.7,0.9
16,2017,3,31,4.4,31,4.2,9,1.3,,,18,2.5,29,4.1,0.9
16,2017,4,26,3.7,32,4.3,7,1,,,17,2.4,26,3.7,0.8
16,2017,5,32,4.5,32,4.3,7,1,,,18,2.5,27,3.8,0.8
16,2017,6,29,4.1,34,4.5,10,1.4,,,17,2.4,29,4.1,0.8
16,2017,7,26,3.6,29,3.9,9,1.3,,,14,2,24,3.4,0.9
16,2017,8,34,4.7,35,4.7,9,1.3,,,18,2.5,30,4.2,0.7
16,2017,9,33,4.6,34,4.5,9,1.3,,,19,2.6,30,4.2,0.8
16,2017,10,34,4.7,36,4.8,10,1.4,,,19,2.6,31,4.3,0.7
16,2017,11,35,4.8,36,4.7,8,1.1,,,19,2.6,28,3.9,0.7
16,2017,12,35,4.8,34,4.5,8,1.1,,,19,2.6,28,3.9,0.8
16,2018,1,31,4.3,33,4.3,10,1.4,,,18,2.5,30,4.1,0.8
16,2018,2,32,4.4,35,4.6,9,1.2,,,17,2.3,28,3.8,0.7
16,2018,3,29,4,33,4.3,9,1.2,,,21,2.9,32,4.4,0.7
16,2018,4,37,5,36,4.7,9,1.2,,,20,2.7,31,4.2,0.7
16,2018,5,35,4.8,39,5,8,1.1,,,20,2.7,30,4.1,0.6
16,2018,6,33,4.5,39,5,11,1.5,,,19,2.6,32,4.3,0.6
16,2018,7,33,4.5,39,5,10,1.4,,,20,2.7,32,4.3,0.6
16,2018,8,33,4.4,40,5.1,10,1.3,,,21,2.8,32,4.3,0.6
16,2018,9,32,4.3,40,5.1,8,1.1,,,20,2.7,29,3.9,0.6
16,2018,10,34,4.6,42,5.3,11,1.5,,,20,2.7,33,4.4,0.6
16,2018,11,32,4.3,39,5,10,1.3,,,21,2.8,32,4.3,0.7
16,2018,12,32,4.3,40,5.1,9,1.2,,,20,2.7,31,4.1,0.7
16,2019,1,35,4.7,40,5.1,7,0.9,,,21,2.8,30,4,0.7
16,2019,2,34,4.5,41,5.2,8,1.1,,,26,3.5,35,4.7,0.6
16,2019,3,36,4.8,40,5,10,1.3,,,22,2.9,34,4.5,0.6
16,2019,4,37,4.9,35,4.4,10,1.3,,,19,2.5,31,4.1,0.7
16,2019,5,34,4.5,39,4.9,12,1.6,,,22,2.9,36,4.7,0.6
16,2019,6,34,4.5,40,5,8,1.1,,,23,3,32,4.2,0.6
16,2019,7,35,4.6,47,5.8,13,1.7,,,23,3,37,4.9,0.5
16,2019,8,38,5,38,4.7,9,1.2,,,23,3,34,4.5,0.7
16,2019,9,37,4.9,41,5.1,11,1.4,,,23,3,36,4.7,0.6
16,2019,10,36,4.7,39,4.8,10,1.3,,,23,3,36,4.7,0.7
16,2019,11,37,4.8,40,4.9,11,1.4,,,23,3,36,4.7,0.6
16,2019,12,41,5.3,41,5,10,1.3,,,25,3.2,37,4.8,0.6
16,2020,1,38,4.9,39,4.8,8,1,,,22,2.8,32,4.1,0.6
16,2020,2,43,5.6,40,4.9,12,1.6,,,22,2.8,36,4.7,0.6
16,2020,3,39,5,37,4.6,56,7.2,,,15,1.9,73,9.4,0.7
16,2020,4,36,5.2,36,4.9,62,8.9,,,13,1.9,77,11.1,2.9
16,2020,5,70,9.7,36,4.8,11,1.5,,,13,1.8,26,3.6,2.3
16,2020,6,46,6.2,33,4.3,10,1.4,,,18,2.4,30,4.1,2
16,2020,7,39,5.2,35,4.5,10,1.3,,,19,2.5,31,4.1,1.7
16,2020,8,35,4.6,35,4.4,6,0.8,,,17,2.2,25,3.3,1.4
16,2020,9,37,4.9,36,4.5,10,1.3,,,16,2.1,27,3.6,1.2
16,2020,10,40,5.2,38,4.7,8,1,,,21,2.7,31,4,1.1
16,2020,11,36,4.7,40,4.9,15,1.9,,,20,2.6,38,4.9,1
16,2020,12,40,5.2,41,5,11,1.4,,,21,2.7,34,4.4,0.9
16,2021,1,38,4.9,43,5.2,10,1.3,,,20,2.6,32,4.1,0.9
16,2021,2,38,4.9,43,5.2,9,1.1,,,21,2.7,32,4.1,0.9
16,2021,3,37,4.7,47,5.6,9,1.1,,,23,2.9,34,4.3,0.8
16,2021,4,35,4.4,51,6.1,9,1.1,,,31,3.9,41,5.2,0.7
16,2021,5,39,4.9,57,6.7,8,1,,,29,3.7,39,4.9,0.6
16,2021,6,45,5.7,68,7.9,6,0.8,,,30,3.8,38,4.8,0.5
16,2021,7,45,5.6,62,7.2,7,0.9,,,28,3.5,37,4.6,0.5
16,2021,8,43,5.4,67,7.7,7,0.9,,,29,3.6,39,4.9,0.5
16,2021,9,40,5,62,7.2,7,0.9,,,30,3.7,39,4.9,0.5
16,2021,10,34,4.2,54,6.3,7,0.9,,,29,3.6,38,4.7,0.5
16,2021,11,48,5.9,63,7.2,8,1,,,28,3.5,37,4.6,0.4
16,2021,12,44,5.4,68,7.7,9,1.1,,,28,3.4,39,4.8,0.4
16,2022,1,41,5,62,7.1,8,1,,,27,3.3,38,4.7,0.4
16,2022,2,52,6.3,69,7.8,9,1.1,,,27,3.3,38,4.6,0.4
16,2022,3,43,5.2,69,7.7,6,0.7,,,28,3.4,35,4.2,0.4
16,2022,4,42,5.1,64,7.2,9,1.1,,,34,4.1,45,5.5,0.4
16,2022,5,44,5.3,69,7.7,9,1.1,,,26,3.2,36,4.4,0.4
16,2022,6,41,5,66,7.4,10,1.2,,,25,3,37,4.5,0.4
16,2022,7,41,4.9,67,7.5,15,1.8,,,25,3,44,5.3,0.4
16,2022,8,48,5.8,59,6.6,11,1.3,,,28,3.4,41,4.9,0.5
16,2022,9,48,5.8,63,7,10,1.2,,,28,3.4,40,4.8,0.5
16,2022,10,36,4.3,54,6.1,13,1.6,,,27,3.2,42,5,0.5
16,2022,11,46,5.5,65,7.2,11,1.3,,,28,3.3,41,4.9,0.4
16,2022,12,43,5.1,77,8.4,10,1.2,,,40,4.8,52,6.2,0.4
16,2023,1,51,6.1,66,7.3,9,1.1,,,28,3.3,40,4.8,0.4
16,2023,2,40,4.8,56,6.2,10,1.2,,,27,3.2,39,4.6,0.5
16,2023,3,39,4.7,58,6.5,12,1.4,,,26,3.1,41,4.9,0.5
16,2023,4,40,4.7,64,7,12,1.4,,,28,3.3,42,5,0.5
16,2023,5,39,4.6,54,6,9,1.1,,,27,3.2,38,4.5,0.6
16,2023,6,36,4.2,55,6.1,8,0.9,,,24,2.8,33,3.9,0.6
16,2023,7,36,4.3,50,5.6,10,1.2,,,25,3,37,4.4,0.6
16,2023,8,36,4.2,58,6.4,12,1.4,,,29,3.4,43,5.1,0.6
16,2023,9,40,4.7,54,6,9,1.1,,,31,3.6,43,5.1,0.6
16,2023,10,38,4.4,49,5.4,10,1.2,,,23,2.7,35,4.1,0.7
16,2023,11,37,4.3,50,5.5,11,1.3,,,25,2.9,38,4.4,0.7
16,2023,12,33,3.8,47,5.2,11,1.3,,,20,2.3,32,3.7,0.7
16,2024,1,37,4.3,46,5.1,12,1.4,,,25,2.9,39,4.6,0.7
16,2024,2,39,4.6,50,5.5,12,1.4,,,25,2.9,40,4.7,0.7
16,2024,3,38,4.4,50,5.5,12,1.4,,,23,2.7,38,4.4,0.7
16,2024,4,41,4.8,44,4.9,10,1.2,,,22,2.6,36,4.2,0.8
16,2024,5,38,4.4,47,5.2,15,1.7,,,23,2.7,40,4.6,0.8
16,2024,6,39,4.5,44,4.8,11,1.3,,,23,2.7,36,4.2,0.8
16,2024,7,41,4.7,43,4.7,12,1.4,,,21,2.4,34,3.9,0.8
16,2024,8,37,4.3,43,4.7,11,1.3,,,23,2.6,36,4.1,0.8
16,2024,9,36,4.1,38,4.2,12,1.4,,,20,2.3,34,3.9,1
16,2024,10,39,4.5,47,5.1,9,1,,,21,2.4,32,3.7,0.8
16,2024,11,35,4,42,4.6,11,1.3,,,22,2.5,35,4,0.9
16,2024,12,37,4.2,43,4.7,11,1.3,,,22,2.5,35,4,0.9
16,2025,1,36,4.1,49,5.3,10,1.1,,,21,2.4,35,4,0.8
16,2025,2,35,4,41,4.5,13,1.5,,,21,2.4,36,4.1,0.9
16,2025,3,35,4,39,4.3,12,1.4,,,21,2.4,34,3.9,0.9
16,2025,4,35,4,44,4.8,8,0.9,,,21,2.4,31,3.5,0.8
16,2025,5,46,5.2,40,4.3,13,1.5,,,23,2.6,38,4.3,0.9
16,2025,6,38,4.3,40,4.4,19,2.2,,,22,2.5,43,4.9,0.9
16,2025,7,36,4.1,41,4.4,9,1,,,27,3.1,38,4.3,0.9
16,2025,8,34,3.9,38,4.1,12,1.4,,,21,2.4,35,4,1
16,2025,9,34,3.9,39,4.2,13,1.5,,,21,2.4,36,4.1,0.9
16,2025,10,40,4.6,41,4.5,10,1.1,,,17,1.9,29,3.3,
16,2025,11,33,3.7,34,3.7,39,4.4,,,21,2.4,62,7,1.1
16,2025,12,34,3.9,34,3.7,96,10.9,,,23,2.6,121,13.7,1.1
17,2012,1,172,3,142,2.4,66,1.2,,,75,1.3,151,2.6,4.3
17,2012,2,152,2.7,160,2.7,64,1.1,,,87,1.5,158,2.8,3.7
17,2012,3,210,3.7,159,2.7,79,1.4,,,91,1.6,179,3.1,3.7
17,2012,4,172,3,142,2.4,74,1.3,,,74,1.3,159,2.8,4.2
17,2012,5,163,2.8,162,2.7,79,1.4,,,87,1.5,178,3.1,3.7
17,2012,6,182,3.2,147,2.5,74,1.3,,,72,1.3,154,2.7,4.1
17,2012,7,154,2.7,153,2.6,69,1.2,,,74,1.3,152,2.6,3.9
17,2012,8,177,3.1,162,2.7,70,1.2,,,74,1.3,161,2.8,3.7
17,2012,9,176,3.1,160,2.7,53,0.9,,,71,1.2,137,2.4,3.7
17,2012,10,160,2.8,158,2.7,66,1.1,,,74,1.3,151,2.6,3.8
17,2012,11,166,2.9,152,2.6,63,1.1,,,70,1.2,150,2.6,3.9
17,2012,12,160,2.8,164,2.8,72,1.2,,,78,1.4,167,2.9,3.7
17,2013,1,152,2.6,158,2.7,42,0.7,,,82,1.4,136,2.4,3.8
17,2013,2,172,3,164,2.8,63,1.1,,,89,1.5,165,2.8,3.7
17,2013,3,169,2.9,155,2.6,55,0.9,,,85,1.5,153,2.6,3.9
17,2013,4,179,3.1,163,2.7,55,1,,,93,1.6,158,2.7,3.8
17,2013,5,186,3.2,146,2.5,64,1.1,,,90,1.6,165,2.9,4.2
17,2013,6,162,2.8,162,2.7,67,1.2,,,82,1.4,163,2.8,3.7
17,2013,7,201,3.5,138,2.3,55,0.9,,,82,1.4,150,2.6,4.4
17,2013,8,197,3.4,152,2.5,88,1.5,,,95,1.6,198,3.4,3.9
17,2013,9,198,3.4,159,2.7,89,1.5,,,92,1.6,193,3.3,3.7
17,2013,10,212,3.6,171,2.9,52,0.9,,,97,1.7,157,2.7,3.4
17,2013,11,199,3.4,174,2.9,67,1.2,,,117,2,197,3.4,3.3
17,2013,12,245,4.2,166,2.8,81,1.4,,,94,1.6,184,3.2,3.4
17,2014,1,218,3.7,174,2.9,81,1.4,,,100,1.7,199,3.4,3.2
17,2014,2,203,3.5,165,2.7,65,1.1,,,91,1.6,170,2.9,3.2
17,2014,3,186,3.2,178,3,76,1.3,,,78,1.3,162,2.8,2.9
17,2014,4,216,3.7,203,3.3,67,1.1,,,127,2.2,203,3.5,2.5
17,2014,5,227,3.9,212,3.5,67,1.1,,,93,1.6,170,2.9,2.3
17,2014,6,219,3.7,216,3.5,78,1.3,,,132,2.2,223,3.8,2.2
17,2014,7,238,4,223,3.7,66,1.1,,,133,2.3,210,3.6,2
17,2014,8,226,3.8,241,3.9,68,1.2,,,110,1.9,185,3.1,1.8
17,2014,9,233,4,208,3.4,81,1.4,,,144,2.4,236,4,2.1
17,2014,10,217,3.7,203,3.3,76,1.3,,,127,2.2,217,3.7,2.1
17,2014,11,241,4.1,219,3.6,93,1.6,,,104,1.8,217,3.7,1.9
17,2014,12,215,3.6,211,3.4,46,0.8,,,63,1.1,119,2,1.9
17,2015,1,222,3.8,210,3.4,69,1.2,,,117,2,195,3.3,1.9
17,2015,2,207,3.5,225,3.7,71,1.2,,,106,1.8,189,3.2,1.8
17,2015,3,196,3.3,215,3.5,67,1.1,,,111,1.9,189,3.2,1.8
17,2015,4,216,3.6,213,3.5,86,1.4,,,107,1.8,229,3.9,1.9
17,2015,5,208,3.5,221,3.6,66,1.1,,,116,1.9,193,3.2,1.8
17,2015,6,207,3.5,222,3.6,66,1.1,,,103,1.7,181,3,1.8
17,2015,7,189,3.2,268,4.3,108,1.8,,,105,1.8,235,3.9,1.4
17,2015,8,199,3.3,219,3.5,66,1.1,,,101,1.7,183,3.1,1.8
17,2015,9,175,2.9,222,3.6,77,1.3,,,78,1.3,164,2.7,1.7
17,2015,10,211,3.5,234,3.8,79,1.3,,,90,1.5,183,3.1,1.7
17,2015,11,200,3.3,228,3.7,74,1.2,,,103,1.7,189,3.2,1.7
17,2015,12,224,3.7,246,3.9,67,1.1,,,99,1.7,185,3.1,1.6
17,2016,1,222,3.7,240,3.8,102,1.7,,,116,1.9,241,4,1.7
17,2016,2,215,3.6,237,3.8,88,1.5,,,132,2.2,239,4,1.7
17,2016,3,223,3.7,224,3.6,86,1.4,,,114,1.9,214,3.6,1.8
17,2016,4,202,3.4,227,3.6,83,1.4,,,134,2.2,233,3.9,1.8
17,2016,5,183,3.1,251,4,60,1,,,116,1.9,198,3.3,1.6
17,2016,6,222,3.7,215,3.5,76,1.3,,,116,1.9,201,3.4,1.8
17,2016,7,217,3.6,237,3.8,78,1.3,,,98,1.6,185,3.1,1.6
17,2016,8,211,3.5,205,3.3,75,1.2,,,118,2,210,3.5,1.9
17,2016,9,203,3.4,208,3.3,61,1,,,113,1.9,190,3.2,1.8
17,2016,10,193,3.2,217,3.5,58,1,,,119,2,204,3.4,1.7
17,2016,11,234,3.9,210,3.4,90,1.5,,,118,2,225,3.7,1.8
17,2016,12,223,3.7,219,3.5,88,1.5,,,118,2,215,3.6,1.6
17,2017,1,237,3.9,229,3.7,94,1.6,,,141,2.3,242,4,1.5
17,2017,2,229,3.8,222,3.5,78,1.3,,,124,2.1,215,3.6,1.5
17,2017,3,232,3.8,228,3.6,76,1.3,,,135,2.2,223,3.7,1.4
17,2017,4,221,3.7,232,3.7,85,1.4,,,119,2,219,3.6,1.4
17,2017,5,213,3.5,228,3.6,73,1.2,,,124,2.1,208,3.4,1.4
17,2017,6,280,4.6,263,4.2,82,1.4,,,147,2.4,243,4,1.2
17,2017,7,239,3.9,261,4.1,78,1.3,,,136,2.2,225,3.7,1.2
17,2017,8,225,3.7,258,4.1,80,1.3,,,142,2.3,234,3.9,1.3
17,2017,9,236,3.9,285,4.5,80,1.3,,,138,2.3,229,3.8,1.1
17,2017,10,218,3.6,259,4.1,79,1.3,,,116,1.9,204,3.4,1.2
17,2017,11,197,3.2,243,3.8,84,1.4,,,127,2.1,221,3.6,1.3
17,2017,12,213,3.5,233,3.7,60,1,,,136,2.2,205,3.4,1.3
17,2018,1,209,3.4,240,3.8,64,1.1,,,132,2.2,209,3.4,1.2
17,2018,2,231,3.8,243,3.8,57,0.9,,,112,1.8,181,3,1.2
17,2018,3,262,4.3,240,3.8,75,1.2,,,123,2,208,3.4,1.2
17,2018,4,265,4.4,261,4.1,68,1.1,,,117,1.9,193,3.2,1.1
17,2018,5,248,4.1,287,4.5,98,1.6,,,124,2,231,3.8,1
17,2018,6,237,3.9,306,4.8,78,1.3,,,141,2.3,231,3.8,0.9
17,2018,7,203,3.3,282,4.4,72,1.2,,,144,2.4,225,3.7,1
17,2018,8,260,4.3,305,4.8,74,1.2,,,135,2.2,215,3.5,0.9
17,2018,9,242,4,343,5.3,80,1.3,,,137,2.2,226,3.7,0.8
17,2018,10,245,4,300,4.7,97,1.6,,,144,2.4,248,4.1,1
17,2018,11,242,4,327,5.1,73,1.2,,,142,2.3,228,3.7,0.9
17,2018,12,232,3.8,305,4.8,75,1.2,,,131,2.1,216,3.5,1
17,2019,1,225,3.7,316,4.9,53,0.9,,,123,2,183,3,1
17,2019,2,224,3.7,296,4.6,62,1,,,140,2.3,210,3.4,1
17,2019,3,175,2.9,311,4.8,58,0.9,,,123,2,194,3.2,0.9
17,2019,4,221,3.6,293,4.6,54,0.9,,,123,2,187,3.1,0.9
17,2019,5,215,3.5,260,4.1,61,1,,,137,2.2,205,3.3,1
17,2019,6,215,3.5,274,4.3,67,1.1,,,104,1.7,184,3,0.9
17,2019,7,204,3.3,254,4,74,1.2,,,117,1.9,203,3.3,1
17,2019,8,213,3.5,250,3.9,69,1.1,,,134,2.2,212,3.5,1
17,2019,9,214,3.5,252,3.9,56,0.9,,,117,1.9,181,3,1
17,2019,10,210,3.4,279,4.4,53,0.9,,,146,2.4,209,3.4,0.9
17,2019,11,208,3.4,253,4,44,0.7,,,131,2.1,184,3,0.9
17,2019,12,233,3.8,269,4.2,63,1,,,127,2.1,202,3.3,0.9
17,2020,1,208,3.4,256,4,56,0.9,,,134,2.2,201,3.3,0.9
17,2020,2,229,3.7,261,4.1,69,1.1,,,143,2.3,220,3.6,1
17,2020,3,164,2.7,226,3.6,551,9.1,,,114,1.9,673,11.1,1.4
17,2020,4,220,4.1,151,2.8,303,5.7,,,106,2,436,8.2,7.6
17,2020,5,250,4.7,191,3.5,83,1.6,,,108,2,204,3.8,4.8
17,2020,6,293,5.4,211,3.7,79,1.4,,,106,1.9,196,3.6,3.7
17,2020,7,251,4.5,238,4.1,77,1.4,,,129,2.3,219,3.9,3
17,2020,8,242,4.3,232,4,76,1.3,,,111,2,199,3.5,2.6
17,2020,9,240,4.2,240,4.1,98,1.7,,,123,2.2,231,4.1,2.4
17,2020,10,227,4,264,4.4,113,2,,,118,2.1,245,4.3,1.9
17,2020,11,232,4.1,265,4.5,117,2.1,,,122,2.2,251,4.4,1.9
17,2020,12,242,4.3,275,4.6,87,1.5,,,157,2.8,255,4.5,1.7
17,2021,1,288,5.1,270,4.5,76,1.3,,,128,2.2,212,3.7,1.7
17,2021,2,256,4.5,264,4.4,95,1.7,,,128,2.2,233,4.1,1.7
17,2021,3,260,4.5,317,5.2,82,1.4,,,150,2.6,244,4.2,1.4
17,2021,4,239,4.1,320,5.3,88,1.5,,,158,2.7,259,4.5,1.3
17,2021,5,230,4,341,5.6,69,1.2,,,157,2.7,235,4.1,1.2
17,2021,6,271,4.7,388,6.3,62,1.1,,,159,2.8,234,4,1.1
17,2021,7,283,4.9,395,6.4,54,0.9,,,153,2.6,216,3.7,1
17,2021,8,232,4,416,6.7,53,0.9,,,187,3.2,252,4.3,0.9
17,2021,9,271,4.6,438,7,51,0.9,,,174,3,246,4.2,0.8
17,2021,10,271,4.6,448,7.1,56,0.9,,,133,2.3,203,3.4,0.7
17,2021,11,294,5,419,6.6,52,0.9,,,175,3,239,4,0.8
17,2021,12,286,4.8,466,7.3,53,0.9,,,154,2.6,219,3.7,0.7
17,2022,1,262,4.4,479,7.4,73,1.2,,,155,2.6,243,4.1,0.6
17,2022,2,266,4.5,477,7.4,60,1,,,157,2.6,232,3.9,0.6
17,2022,3,262,4.4,473,7.3,55,0.9,,,148,2.5,215,3.6,0.6
17,2022,4,262,4.4,484,7.4,49,0.8,,,176,2.9,237,3.9,0.6
17,2022,5,259,4.3,425,6.6,70,1.2,,,145,2.4,230,3.8,0.7
17,2022,6,239,4,438,6.8,64,1.1,,,136,2.3,210,3.5,0.7
17,2022,7,259,4.3,467,7.2,61,1,,,139,2.3,208,3.4,0.6
17,2022,8,264,4.4,391,6.1,53,0.9,,,134,2.2,200,3.3,0.7
17,2022,9,261,4.3,432,6.6,69,1.1,,,178,2.9,258,4.2,0.7
17,2022,10,239,3.9,354,5.5,70,1.2,,,135,2.2,218,3.6,0.8
17,2022,11,234,3.8,407,6.3,109,1.8,,,135,2.2,254,4.2,0.7
17,2022,12,247,4.1,445,6.8,73,1.2,,,139,2.3,222,3.7,0.7
17,2023,1,257,4.2,438,6.7,65,1.1,,,138,2.3,213,3.5,0.7
17,2023,2,241,3.9,400,6.1,64,1,,,133,2.2,210,3.4,0.7
17,2023,3,235,3.8,381,5.9,81,1.3,,,131,2.1,218,3.6,0.7
17,2023,4,223,3.6,392,6,74,1.2,,,138,2.3,223,3.6,0.7
17,2023,5,242,4,403,6.2,65,1.1,,,126,2.1,197,3.2,0.7
17,2023,6,237,3.9,363,5.6,49,0.8,,,137,2.2,202,3.3,0.8
17,2023,7,214,3.5,360,5.6,70,1.1,,,121,2,205,3.3,0.8
17,2023,8,227,3.7,401,6.1,94,1.5,,,115,1.9,220,3.6,0.7
17,2023,9,180,2.9,392,6,52,0.8,,,128,2.1,188,3.1,0.8
17,2023,10,218,3.6,318,4.9,49,0.8,,,136,2.2,191,3.1,1
17,2023,11,220,3.6,401,6.1,46,0.8,,,138,2.3,197,3.2,0.8
17,2023,12,221,3.6,374,5.8,69,1.1,,,133,2.2,214,3.5,0.9
17,2024,1,221,3.6,347,5.4,66,1.1,,,120,2,205,3.3,0.9
17,2024,2,187,3.1,391,6,61,1,,,120,2,199,3.2,0.8
17,2024,3,219,3.6,397,6.1,71,1.2,,,125,2,210,3.4,0.8
17,2024,4,231,3.8,308,4.8,68,1.1,,,131,2.1,215,3.5,1.1
17,2024,5,249,4.1,329,5.1,77,1.3,,,132,2.1,217,3.5,1
17,2024,6,205,3.3,308,4.8,64,1,,,123,2,193,3.1,1.1
17,2024,7,216,3.5,328,5.1,65,1.1,,,102,1.7,177,2.9,1
17,2024,8,188,3.1,281,4.4,72,1.2,,,129,2.1,211,3.4,1.2
17,2024,9,196,3.2,265,4.1,75,1.2,,,103,1.7,188,3.1,1.3
17,2024,10,190,3.1,258,4,68,1.1,,,113,1.8,186,3,1.3
17,2024,11,182,3,264,4.1,70,1.1,,,102,1.7,181,2.9,1.2
17,2024,12,184,3,268,4.2,74,1.2,,,86,1.4,166,2.7,1.2
17,2025,1,172,2.8,268,4.2,73,1.2,,,119,1.9,201,3.3,1.2
17,2025,2,197,3.2,272,4.2,75,1.2,,,125,2,208,3.4,1.1
17,2025,3,190,3.1,292,4.5,72,1.2,,,136,2.2,216,3.5,1
17,2025,4,230,3.7,264,4.1,68,1.1,,,119,1.9,194,3.1,1.1
17,2025,5,200,3.2,283,4.4,72,1.2,,,135,2.2,218,3.5,1
17,2025,6,220,3.6,281,4.4,108,1.8,,,148,2.4,264,4.3,1
17,2025,7,213,3.5,268,4.2,83,1.3,,,135,2.2,226,3.7,1
17,2025,8,217,3.5,284,4.4,76,1.2,,,126,2,211,3.4,1
17,2025,9,222,3.6,279,4.3,78,1.3,,,103,1.7,191,3.1,1
17,2025,10,256,4.2,279,4.3,77,1.3,,,93,1.5,178,2.9,
17,2025,11,230,3.7,240,3.8,63,1,,,125,2,194,3.2,1.3
17,2025,12,227,3.7,211,3.3,61,1,,,127,2.1,195,3.2,1.5
18,2012,1,120,4.2,79,2.7,65,2.3,,,58,2,135,4.7,3.4
18,2012,2,105,3.6,83,2.8,59,2,,,54,1.9,121,4.2,3.2
18,2012,3,124,4.3,97,3.2,63,2.2,,,57,2,130,4.5,2.7
18,2012,4,114,3.9,78,2.6,43,1.5,,,57,2,111,3.8,3.3
18,2012,5,124,4.3,79,2.7,58,2,,,64,2.2,133,4.6,3.3
18,2012,6,128,4.4,77,2.6,46,1.6,,,63,2.2,120,4.1,3.4
18,2012,7,114,3.9,74,2.5,67,2.3,,,56,1.9,133,4.6,3.5
18,2012,8,138,4.8,70,2.4,59,2,,,58,2,125,4.3,3.7
18,2012,9,100,3.4,93,3.1,57,2,,,50,1.7,114,3.9,2.8
18,2012,10,105,3.6,76,2.5,64,2.2,,,50,1.7,123,4.2,3.4
18,2012,11,105,3.6,77,2.6,64,2.2,,,54,1.9,127,4.4,3.4
18,2012,12,108,3.7,93,3.1,42,1.4,,,47,1.6,97,3.3,2.8
18,2013,1,107,3.7,72,2.4,31,1.1,,,51,1.7,89,3,3.6
18,2013,2,97,3.3,84,2.8,32,1.1,,,50,1.7,87,3,3.1
18,2013,3,92,3.1,75,2.5,26,0.9,,,49,1.7,81,2.8,3.4
18,2013,4,105,3.6,61,2,40,1.4,,,44,1.5,89,3,4.2
18,2013,5,97,3.3,71,2.4,52,1.8,,,48,1.6,104,3.6,3.5
18,2013,6,84,2.9,79,2.6,29,1,,,51,1.7,86,2.9,3.1
18,2013,7,93,3.2,72,2.4,30,1,,,47,1.6,87,3,3.3
18,2013,8,100,3.4,78,2.6,32,1.1,,,45,1.5,84,2.9,3
18,2013,9,101,3.4,82,2.7,32,1.1,,,64,2.2,103,3.5,2.8
18,2013,10,75,2.5,81,2.7,28,0.9,,,47,1.6,82,2.8,2.7
18,2013,11,107,3.6,84,2.8,26,0.9,,,49,1.7,81,2.7,2.6
18,2013,12,113,3.8,75,2.5,38,1.3,,,47,1.6,93,3.1,2.8
18,2014,1,79,2.7,85,2.8,35,1.2,,,52,1.8,96,3.3,2.4
18,2014,2,113,3.8,63,2.1,67,2.3,,,61,2.1,134,4.5,3.2
18,2014,3,107,3.6,82,2.7,35,1.2,,,57,1.9,100,3.4,2.4
18,2014,4,110,3.7,87,2.8,38,1.3,,,59,2,105,3.5,2.3
18,2014,5,100,3.4,89,2.9,32,1.1,,,52,1.7,93,3.1,2.2
18,2014,6,111,3.7,92,3,38,1.3,,,48,1.6,94,3.1,2.1
18,2014,7,106,3.6,93,3,24,0.8,,,55,1.8,83,2.8,2.1
18,2014,8,91,3,91,3,26,0.9,,,54,1.8,90,3,2.1
18,2014,9,90,3,89,2.9,27,0.9,,,51,1.7,85,2.8,2.1
18,2014,10,106,3.5,101,3.3,29,1,,,54,1.8,89,3,1.8
18,2014,11,123,4.1,105,3.4,36,1.2,,,62,2.1,106,3.5,1.7
18,2014,12,97,3.2,104,3.3,32,1.1,,,52,1.7,90,3,1.7
18,2015,1,98,3.3,98,3.1,30,1,,,68,2.3,102,3.4,1.8
18,2015,2,95,3.2,103,3.3,31,1,,,51,1.7,89,3,1.7
18,2015,3,102,3.4,101,3.2,63,2.1,,,55,1.8,124,4.1,1.6
18,2015,4,110,3.6,115,3.7,32,1.1,,,59,2,97,3.2,1.4
18,2015,5,105,3.5,117,3.7,36,1.2,,,58,1.9,98,3.2,1.3
18,2015,6,114,3.8,111,3.5,35,1.2,,,60,2,103,3.4,1.4
18,2015,7,109,3.6,114,3.6,38,1.3,,,62,2,107,3.5,1.3
18,2015,8,105,3.5,103,3.3,41,1.3,,,54,1.8,100,3.3,1.5
18,2015,9,119,3.9,109,3.5,37,1.2,,,73,2.4,116,3.8,1.4
18,2015,10,116,3.8,106,3.4,29,1,,,71,2.3,105,3.4,1.4
18,2015,11,114,3.7,96,3,25,0.8,,,58,1.9,89,2.9,1.6
18,2015,12,119,3.9,101,3.2,28,0.9,,,64,2.1,100,3.3,1.5
18,2016,1,110,3.6,111,3.5,34,1.1,,,67,2.2,107,3.5,1.4
18,2016,2,123,4,116,3.6,26,0.8,,,69,2.3,100,3.3,1.3
18,2016,3,113,3.7,115,3.6,31,1,,,62,2,99,3.2,1.3
18,2016,4,111,3.6,106,3.3,26,0.8,,,66,2.2,99,3.2,1.4
18,2016,5,143,4.7,116,3.6,35,1.1,,,68,2.2,108,3.5,1.3
18,2016,6,109,3.6,110,3.5,35,1.1,,,64,2.1,106,3.5,1.4
18,2016,7,108,3.5,125,3.9,35,1.1,,,59,1.9,102,3.3,1.2
18,2016,8,113,3.7,113,3.5,44,1.4,,,59,1.9,114,3.7,1.3
18,2016,9,111,3.6,112,3.5,39,1.3,,,64,2.1,110,3.6,1.3
18,2016,10,121,3.9,103,3.2,34,1.1,,,86,2.8,126,4.1,1.3
18,2016,11,126,4.1,111,3.5,47,1.5,,,64,2.1,119,3.9,1.2
18,2016,12,114,3.7,120,3.7,36,1.2,,,60,1.9,101,3.3,1.1
18,2017,1,141,4.6,102,3.2,38,1.2,,,66,2.1,108,3.5,1.3
18,2017,2,98,3.2,111,3.5,39,1.3,,,74,2.4,119,3.8,1.1
18,2017,3,138,4.5,119,3.7,43,1.4,,,77,2.5,125,4,1
18,2017,4,125,4,139,4.3,38,1.2,,,72,2.3,115,3.7,0.8
18,2017,5,142,4.6,113,3.5,38,1.2,,,72,2.3,118,3.8,1
18,2017,6,135,4.3,126,3.9,58,1.9,,,69,2.2,132,4.2,0.9
18,2017,7,128,4.1,122,3.8,27,0.9,,,62,2,93,3,1
18,2017,8,132,4.2,131,4,42,1.4,,,71,2.3,118,3.8,0.9
18,2017,9,137,4.4,164,5,37,1.2,,,69,2.2,113,3.6,0.7
18,2017,10,119,3.8,139,4.3,64,2.1,,,64,2.1,134,4.3,0.8
18,2017,11,108,3.5,139,4.3,26,0.8,,,68,2.2,100,3.2,0.8
18,2017,12,123,3.9,140,4.3,33,1.1,,,78,2.5,116,3.7,0.8
18,2018,1,125,4,146,4.5,39,1.2,,,76,2.4,120,3.8,0.8
18,2018,2,154,4.9,162,4.9,43,1.4,,,72,2.3,120,3.8,0.7
18,2018,3,145,4.6,194,5.8,40,1.3,,,92,2.9,139,4.4,0.6
18,2018,4,143,4.6,169,5.1,47,1.5,,,77,2.5,130,4.1,0.7
18,2018,5,142,4.5,170,5.1,59,1.9,,,79,2.5,144,4.6,0.7
18,2018,6,148,4.7,177,5.3,42,1.3,,,90,2.9,138,4.4,0.7
18,2018,7,148,4.7,163,4.9,39,1.2,,,96,3.1,139,4.4,0.7
18,2018,8,160,5.1,178,5.4,44,1.4,,,101,3.2,149,4.7,0.7
18,2018,9,149,4.7,155,4.7,51,1.6,,,83,2.6,139,4.4,0.8
18,2018,10,139,4.4,154,4.7,50,1.6,,,81,2.6,137,4.4,0.8
18,2018,11,131,4.2,175,5.3,65,2.1,,,88,2.8,159,5.1,0.7
18,2018,12,139,4.4,172,5.2,54,1.7,,,82,2.6,148,4.7,0.7
18,2019,1,135,4.3,174,5.2,39,1.2,,,86,2.7,130,4.1,0.7
18,2019,2,129,4.1,160,4.8,58,1.8,,,79,2.5,143,4.5,0.7
18,2019,3,129,4.1,142,4.3,41,1.3,,,85,2.7,133,4.2,0.8
18,2019,4,147,4.7,165,5,50,1.6,,,85,2.7,141,4.5,0.7
18,2019,5,130,4.1,152,4.6,50,1.6,,,82,2.6,139,4.4,0.7
18,2019,6,124,3.9,163,4.9,48,1.5,,,79,2.5,132,4.2,0.7
18,2019,7,174,5.5,165,5,64,2,,,110,3.5,182,5.8,0.7
18,2019,8,144,4.6,155,4.7,47,1.5,,,83,2.6,136,4.3,0.7
18,2019,9,146,4.6,158,4.8,54,1.7,,,83,2.6,143,4.5,0.7
18,2019,10,152,4.8,176,5.3,52,1.6,,,89,2.8,149,4.7,0.6
18,2019,11,158,5,144,4.4,45,1.4,,,88,2.8,140,4.4,0.8
18,2019,12,151,4.8,128,3.9,50,1.6,,,90,2.8,144,4.5,0.9
18,2020,1,143,4.5,160,4.8,54,1.7,,,90,2.8,152,4.8,0.7
18,2020,2,148,4.7,149,4.5,41,1.3,,,89,2.8,138,4.4,0.8
18,2020,3,121,3.9,120,3.7,255,8.1,,,75,2.4,338,10.8,1
18,2020,4,102,3.8,80,2.9,293,11,,,52,1.9,354,13.3,6.8
18,2020,5,249,8.9,127,4.3,30,1.1,,,49,1.8,84,3,3.2
18,2020,6,165,5.7,128,4.2,37,1.3,,,53,1.8,95,3.3,2.6
18,2020,7,136,4.6,145,4.7,31,1,,,76,2.6,113,3.8,2
18,2020,8,127,4.2,141,4.5,21,0.7,,,66,2.2,94,3.1,1.7
18,2020,9,116,3.9,150,4.7,39,1.3,,,82,2.7,130,4.3,1.4
18,2020,10,113,3.7,146,4.6,44,1.5,,,67,2.2,119,3.9,1.3
18,2020,11,137,4.5,155,4.9,44,1.5,,,73,2.4,125,4.1,1.1
18,2020,12,123,4.1,141,4.4,31,1,,,82,2.7,119,3.9,1.2
18,2021,1,110,3.6,157,4.9,29,1,,,74,2.4,109,3.6,1
18,2021,2,122,4,159,5,28,0.9,,,76,2.5,113,3.7,1
18,2021,3,120,3.9,189,5.8,37,1.2,,,82,2.7,126,4.1,0.8
18,2021,4,134,4.4,188,5.8,35,1.1,,,90,2.9,134,4.4,0.8
18,2021,5,138,4.5,219,6.7,34,1.1,,,98,3.2,141,4.6,0.6
18,2021,6,158,5.1,237,7.2,33,1.1,,,109,3.5,153,5,0.6
18,2021,7,164,5.3,233,7,33,1.1,,,93,3,135,4.3,0.6
18,2021,8,152,4.9,225,6.8,28,0.9,,,112,3.6,148,4.8,0.6
18,2021,9,160,5.2,237,7.1,25,0.8,,,102,3.3,132,4.3,0.5
18,2021,10,151,4.8,250,7.4,24,0.8,,,107,3.4,138,4.4,0.4
18,2021,11,148,4.7,239,7.1,21,0.7,,,109,3.5,135,4.3,0.4
18,2021,12,160,5.1,261,7.7,31,1,,,103,3.3,144,4.6,0.4
18,2022,1,148,4.7,226,6.7,24,0.8,,,103,3.3,136,4.3,0.4
18,2022,2,135,4.3,243,7.1,24,0.8,,,105,3.3,135,4.3,0.4
18,2022,3,153,4.8,247,7.2,23,0.7,,,104,3.3,135,4.3,0.4
18,2022,4,135,4.2,229,6.7,21,0.7,,,123,3.9,151,4.7,0.4
18,2022,5,133,4.2,210,6.2,24,0.8,,,92,2.9,122,3.8,0.5
18,2022,6,145,4.6,211,6.2,27,0.9,,,85,2.7,119,3.7,0.5
18,2022,7,138,4.3,253,7.3,28,0.9,,,91,2.8,124,3.9,0.4
18,2022,8,144,4.5,188,5.5,42,1.3,,,89,2.8,143,4.5,0.6
18,2022,9,142,4.4,207,6.1,35,1.1,,,87,2.7,130,4,0.5
18,2022,10,133,4.1,203,5.9,38,1.2,,,81,2.5,128,4,0.5
18,2022,11,141,4.4,204,6,31,1,,,97,3,131,4.1,0.5
18,2022,12,144,4.5,202,5.9,37,1.2,,,97,3,141,4.4,0.5
18,2023,1,144,4.5,191,5.6,40,1.2,,,90,2.8,137,4.3,0.6
18,2023,2,150,4.6,178,5.2,39,1.2,,,87,2.7,134,4.1,0.6
18,2023,3,134,4.1,168,4.9,45,1.4,,,84,2.6,132,4.1,0.7
18,2023,4,137,4.2,179,5.2,44,1.4,,,86,2.7,136,4.2,0.6
18,2023,5,142,4.4,175,5.1,38,1.2,,,89,2.7,132,4.1,0.7
18,2023,6,117,3.6,164,4.8,36,1.1,,,90,2.8,132,4.1,0.7
18,2023,7,128,4,164,4.8,49,1.5,,,87,2.7,143,4.4,0.7
18,2023,8,129,4,169,5,29,0.9,,,86,2.7,119,3.7,0.7
18,2023,9,110,3.4,164,4.8,31,1,,,80,2.5,116,3.6,0.7
18,2023,10,133,4.1,155,4.6,32,1,,,79,2.4,114,3.5,0.8
18,2023,11,112,3.4,143,4.2,35,1.1,,,82,2.5,122,3.8,0.9
18,2023,12,108,3.3,153,4.5,36,1.1,,,70,2.2,112,3.4,0.8
18,2024,1,119,3.7,150,4.4,30,0.9,,,77,2.4,116,3.6,0.9
18,2024,2,111,3.4,180,5.2,33,1,,,89,2.7,130,4,0.7
18,2024,3,108,3.3,152,4.5,40,1.2,,,71,2.2,119,3.7,0.9
18,2024,4,130,4,140,4.1,31,1,,,80,2.5,117,3.6,1
18,2024,5,116,3.6,170,4.9,34,1,,,73,2.2,118,3.6,0.8
18,2024,6,125,3.8,140,4.1,32,1,,,75,2.3,110,3.4,1
18,2024,7,118,3.6,142,4.2,33,1,,,68,2.1,107,3.3,1
18,2024,8,112,3.4,141,4.1,35,1.1,,,77,2.4,120,3.7,1
18,2024,9,116,3.6,134,3.9,33,1,,,92,2.8,130,4,1.1
18,2024,10,123,3.8,150,4.4,32,1,,,90,2.8,128,3.9,1
18,2024,11,125,3.8,157,4.6,46,1.4,,,84,2.6,135,4.1,0.9
18,2024,12,137,4.2,151,4.4,40,1.2,,,66,2,114,3.5,0.9
18,2025,1,130,4,155,4.5,50,1.5,,,81,2.5,137,4.2,0.9
18,2025,2,125,3.8,148,4.3,43,1.3,,,89,2.7,136,4.2,0.9
18,2025,3,156,4.8,142,4.2,44,1.3,,,92,2.8,140,4.3,0.9
18,2025,4,136,4.2,122,3.6,41,1.3,,,77,2.4,123,3.8,1.1
18,2025,5,131,4,136,4,41,1.3,,,99,3,146,4.5,0.9
18,2025,6,130,4,142,4.2,49,1.5,,,94,2.9,149,4.6,0.9
18,2025,7,135,4.1,141,4.1,48,1.5,,,86,2.6,142,4.3,0.9
18,2025,8,129,3.9,142,4.1,48,1.5,,,64,1.9,115,3.5,0.9
18,2025,9,133,4.1,138,4,52,1.6,,,85,2.6,146,4.5,0.9
18,2025,10,128,3.9,143,4.2,53,1.6,,,93,2.9,151,4.6,
18,2025,11,132,4.1,141,4.2,53,1.6,,,82,2.5,140,4.3,0.9
18,2025,12,114,3.5,123,3.7,55,1.7,,,105,3.2,165,5.1,1
19,2012,1,43,2.9,40,2.6,19,1.3,,,23,1.5,45,3,2.2
19,2012,2,53,3.5,40,2.6,18,1.2,,,25,1.7,46,3.1,2.1
19,2012,3,54,3.6,39,2.5,19,1.3,,,22,1.5,46,3.1,2.2
19,2012,4,40,2.7,39,2.5,20,1.3,,,22,1.5,46,3.1,2.1
19,2012,5,49,3.3,45,2.9,18,1.2,,,24,1.6,45,3,1.9
19,2012,6,58,3.8,47,3,23,1.5,,,30,2,56,3.7,1.8
19,2012,7,53,3.5,47,3,18,1.2,,,23,1.5,47,3.1,1.8
19,2012,8,47,3.1,42,2.7,23,1.5,,,25,1.7,52,3.4,2
19,2012,9,46,3,43,2.8,16,1.1,,,22,1.5,41,2.7,1.9
19,2012,10,44,2.9,43,2.8,16,1.1,,,24,1.6,43,2.8,1.9
19,2012,11,43,2.8,42,2.7,18,1.2,,,18,1.2,40,2.6,2
19,2012,12,38,2.5,43,2.8,14,0.9,,,23,1.5,40,2.6,1.9
19,2013,1,44,2.9,42,2.7,12,0.8,,,22,1.5,38,2.5,2
19,2013,2,39,2.6,43,2.8,14,0.9,,,23,1.5,40,2.6,1.9
19,2013,3,39,2.6,43,2.8,16,1.1,,,23,1.5,42,2.8,1.9
19,2013,4,43,2.8,49,3.1,16,1.1,,,24,1.6,44,2.9,1.7
19,2013,5,54,3.5,46,2.9,17,1.1,,,23,1.5,44,2.9,1.8
19,2013,6,46,3,46,2.9,8,0.5,,,21,1.4,34,2.2,1.7
19,2013,7,46,3,40,2.5,14,0.9,,,27,1.8,44,2.9,2
19,2013,8,52,3.4,46,2.9,17,1.1,,,24,1.6,45,2.9,1.7
19,2013,9,51,3.3,53,3.3,20,1.3,,,24,1.6,48,3.1,1.5
19,2013,10,39,2.5,51,3.2,20,1.3,,,24,1.6,47,3.1,1.5
19,2013,11,45,2.9,48,3,18,1.2,,,23,1.5,44,2.9,1.6
19,2013,12,50,3.3,49,3.1,20,1.3,,,23,1.5,47,3.1,1.5
19,2014,1,50,3.3,51,3.2,16,1,,,23,1.5,42,2.7,1.5
19,2014,2,47,3.1,48,3,17,1.1,,,24,1.6,45,2.9,1.6
19,2014,3,48,3.1,49,3.1,13,0.8,,,26,1.7,42,2.7,1.5
19,2014,4,51,3.3,50,3.1,16,1,,,26,1.7,44,2.8,1.5
19,2014,5,51,3.3,42,2.6,26,1.7,,,25,1.6,54,3.5,1.8
19,2014,6,46,3,49,3.1,14,0.9,,,29,1.9,46,3,1.5
19,2014,7,50,3.2,48,3,19,1.2,,,28,1.8,50,3.2,1.5
19,2014,8,51,3.3,55,3.4,12,0.8,,,28,1.8,43,2.8,1.3
19,2014,9,50,3.2,47,2.9,11,0.7,,,28,1.8,45,2.9,1.5
19,2014,10,50,3.2,50,3.1,25,1.6,,,25,1.6,52,3.4,1.4
19,2014,11,47,3,47,2.9,17,1.1,,,19,1.2,40,2.6,1.5
19,2014,12,52,3.3,48,3,15,1,,,22,1.4,41,2.6,1.4
19,2015,1,48,3.1,47,2.9,17,1.1,,,28,1.8,47,3,1.4
19,2015,2,50,3.2,53,3.3,13,0.8,,,25,1.6,44,2.8,1.2
19,2015,3,55,3.5,51,3.2,21,1.3,,,27,1.7,51,3.3,1.3
19,2015,4,60,3.9,55,3.4,19,1.2,,,32,2.1,55,3.5,1.2
19,2015,5,50,3.2,56,3.5,16,1,,,30,1.9,50,3.2,1.1
19,2015,6,48,3.1,50,3.1,23,1.5,,,26,1.7,51,3.3,1.3
19,2015,7,49,3.1,56,3.5,16,1,,,26,1.7,46,2.9,1.1
19,2015,8,43,2.8,55,3.4,16,1,,,27,1.7,46,2.9,1.1
19,2015,9,54,3.5,56,3.5,22,1.4,,,29,1.9,55,3.5,1.1
19,2015,10,54,3.5,56,3.5,14,0.9,,,29,1.9,47,3,1.1
19,2015,11,58,3.7,58,3.6,15,1,,,35,2.2,54,3.5,1.1
19,2015,12,58,3.7,59,3.6,17,1.1,,,35,2.2,55,3.5,1.1
19,2016,1,55,3.5,64,3.9,20,1.3,,,30,1.9,54,3.4,1
19,2016,2,54,3.4,58,3.6,20,1.3,,,32,2,55,3.5,1.1
19,2016,3,59,3.7,67,4.1,14,0.9,,,33,2.1,58,3.7,0.9
19,2016,4,49,3.1,60,3.7,16,1,,,31,2,51,3.2,1
19,2016,5,51,3.3,55,3.4,15,1,,,30,1.9,48,3.1,1.1
19,2016,6,60,3.8,55,3.4,13,0.8,,,29,1.9,45,2.9,1.1
19,2016,7,55,3.5,69,4.2,28,1.8,,,31,2,62,3.9,0.9
19,2016,8,50,3.2,53,3.3,17,1.1,,,28,1.8,48,3.1,1.2
19,2016,9,51,3.2,55,3.4,11,0.7,,,29,1.8,43,2.7,1.1
19,2016,10,53,3.4,53,3.3,18,1.1,,,30,1.9,51,3.2,1.1
19,2016,11,51,3.2,58,3.6,17,1.1,,,29,1.8,49,3.1,1
19,2016,12,51,3.2,64,3.9,26,1.7,,,32,2,60,3.8,0.9
19,2017,1,55,3.5,53,3.3,25,1.6,,,31,2,59,3.8,1.1
19,2017,2,54,3.4,59,3.6,17,1.1,,,30,1.9,51,3.2,0.9
19,2017,3,51,3.2,55,3.4,22,1.4,,,29,1.8,54,3.4,1
19,2017,4,55,3.5,61,3.7,20,1.3,,,29,1.8,54,3.4,0.9
19,2017,5,51,3.2,58,3.6,19,1.2,,,31,2,55,3.5,0.9
19,2017,6,56,3.6,67,4.1,16,1,,,29,1.8,48,3.1,0.8
19,2017,7,54,3.4,64,3.9,17,1.1,,,29,1.8,48,3.1,0.8
19,2017,8,52,3.3,67,4.1,18,1.1,,,29,1.8,49,3.1,0.8
19,2017,9,58,3.7,75,4.5,16,1,,,33,2.1,52,3.3,0.7
19,2017,10,59,3.7,69,4.2,23,1.5,,,27,1.7,53,3.4,0.7
19,2017,11,55,3.5,64,3.9,14,0.9,,,30,1.9,48,3,0.8
19,2017,12,54,3.4,66,4,17,1.1,,,29,1.8,49,3.1,0.7
19,2018,1,54,3.4,74,4.5,15,1,,,32,2,50,3.2,0.6
19,2018,2,58,3.7,71,4.3,18,1.1,,,29,1.8,49,3.1,0.7
19,2018,3,54,3.4,76,4.6,16,1,,,34,2.2,54,3.4,0.6
19,2018,4,50,3.2,71,4.3,16,1,,,31,2,50,3.2,0.6
19,2018,5,57,3.6,83,5,19,1.2,,,30,1.9,51,3.2,0.5
19,2018,6,55,3.5,83,5,23,1.4,,,43,2.7,69,4.3,0.5
19,2018,7,55,3.5,80,4.8,16,1,,,35,2.2,55,3.5,0.5
19,2018,8,59,3.7,82,4.9,18,1.1,,,33,2.1,57,3.6,0.5
19,2018,9,60,3.8,82,4.9,20,1.3,,,34,2.1,56,3.5,0.5
19,2018,10,56,3.5,80,4.8,18,1.1,,,34,2.1,55,3.5,0.5
19,2018,11,54,3.4,79,4.7,22,1.4,,,35,2.2,59,3.7,0.6
19,2018,12,60,3.8,82,4.9,18,1.1,,,33,2.1,54,3.4,0.5
19,2019,1,55,3.5,74,4.5,16,1,,,32,2,50,3.1,0.6
19,2019,2,53,3.3,76,4.6,18,1.1,,,34,2.1,55,3.5,0.6
19,2019,3,55,3.5,78,4.7,13,0.8,,,30,1.9,47,3,0.6
19,2019,4,59,3.7,81,4.9,23,1.4,,,33,2.1,59,3.7,0.6
19,2019,5,56,3.5,77,4.6,15,0.9,,,39,2.5,57,3.6,0.6
19,2019,6,65,4.1,79,4.7,25,1.6,,,48,3,76,4.8,0.6
19,2019,7,55,3.5,74,4.5,20,1.3,,,33,2.1,56,3.5,0.6
19,2019,8,62,3.9,71,4.3,23,1.4,,,34,2.1,59,3.7,0.7
19,2019,9,54,3.4,75,4.5,15,0.9,,,32,2,51,3.2,0.6
19,2019,10,53,3.3,76,4.6,17,1.1,,,33,2.1,54,3.4,0.6
19,2019,11,56,3.5,73,4.4,20,1.3,,,34,2.1,57,3.6,0.6
19,2019,12,52,3.3,68,4.1,18,1.1,,,33,2.1,55,3.5,0.7
19,2020,1,54,3.4,76,4.6,17,1.1,,,37,2.3,57,3.6,0.6
19,2020,2,56,3.5,74,4.5,21,1.3,,,36,2.3,61,3.8,0.6
19,2020,3,51,3.2,57,3.5,112,7.1,,,30,1.9,150,9.5,0.8
19,2020,4,46,3.3,46,3.2,68,4.8,,,16,1.1,87,6.2,4.1
19,2020,5,65,4.6,55,3.7,22,1.5,,,20,1.4,45,3.2,2.5
19,2020,6,61,4.2,61,4,22,1.5,,,23,1.6,49,3.3,1.8
19,2020,7,68,4.6,72,4.6,20,1.3,,,38,2.6,61,4.1,1.4
19,2020,8,62,4.1,63,4,20,1.3,,,35,2.3,59,3.9,1.3
19,2020,9,69,4.6,68,4.3,20,1.3,,,32,2.1,54,3.6,1.1
19,2020,10,57,3.8,72,4.5,24,1.6,,,37,2.4,64,4.2,1
19,2020,11,62,4.1,69,4.4,22,1.5,,,32,2.1,58,3.8,1
19,2020,12,71,4.7,67,4.2,11,0.7,,,29,1.9,43,2.8,1
19,2021,1,55,3.6,77,4.8,11,0.7,,,36,2.4,49,3.2,0.9
19,2021,2,66,4.3,81,5.1,14,0.9,,,39,2.6,57,3.7,0.9
19,2021,3,70,4.6,90,5.6,13,0.9,,,41,2.7,57,3.7,0.8
19,2021,4,64,4.2,88,5.4,12,0.8,,,44,2.9,60,3.9,0.8
19,2021,5,62,4,99,6.1,13,0.8,,,41,2.7,57,3.7,0.7
19,2021,6,68,4.4,96,5.9,13,0.8,,,46,3,63,4.1,0.7
19,2021,7,66,4.3,110,6.6,12,0.8,,,40,2.6,55,3.6,0.6
19,2021,8,61,3.9,102,6.2,13,0.8,,,44,2.8,60,3.9,0.6
19,2021,9,65,4.2,107,6.5,18,1.2,,,39,2.5,63,4.1,0.6
19,2021,10,58,3.7,108,6.5,15,1,,,38,2.4,57,3.7,0.5
19,2021,11,61,3.9,117,7,18,1.2,,,48,3.1,70,4.5,0.4
19,2021,12,63,4,127,7.5,16,1,,,41,2.6,61,3.9,0.4
19,2022,1,56,3.6,113,6.8,16,1,,,40,2.6,60,3.9,0.4
19,2022,2,59,3.8,123,7.3,11,0.7,,,40,2.6,53,3.4,0.4
19,2022,3,67,4.3,122,7.2,12,0.8,,,40,2.6,55,3.5,0.4
19,2022,4,56,3.6,116,6.9,10,0.6,,,52,3.3,67,4.3,0.4
19,2022,5,61,3.9,112,6.7,16,1,,,43,2.7,62,4,0.4
19,2022,6,67,4.3,118,7,13,0.8,,,39,2.5,54,3.4,0.4
19,2022,7,63,4,110,6.5,14,0.9,,,40,2.5,56,3.6,0.4
19,2022,8,63,4,100,6,15,1,,,42,2.7,62,3.9,0.5
19,2022,9,58,3.7,118,6.9,13,0.8,,,44,2.8,61,3.9,0.4
19,2022,10,63,4,120,7.1,16,1,,,45,2.8,67,4.2,0.4
19,2022,11,65,4.1,110,6.5,12,0.8,,,42,2.7,57,3.6,0.5
19,2022,12,66,4.2,114,6.7,17,1.1,,,40,2.5,61,3.9,0.5
19,2023,1,67,4.2,103,6.1,17,1.1,,,40,2.5,59,3.7,0.5
19,2023,2,61,3.8,95,5.6,17,1.1,,,40,2.5,61,3.8,0.5
19,2023,3,57,3.6,91,5.4,22,1.4,,,36,2.3,60,3.8,0.6
19,2023,4,61,3.8,95,5.6,21,1.3,,,37,2.3,61,3.8,0.5
19,2023,5,59,3.7,98,5.8,19,1.2,,,37,2.3,59,3.7,0.5
19,2023,6,51,3.2,85,5.1,27,1.7,,,34,2.1,65,4.1,0.6
19,2023,7,55,3.5,82,4.9,18,1.1,,,36,2.3,58,3.6,0.6
19,2023,8,58,3.6,85,5.1,16,1,,,42,2.6,60,3.8,0.6
19,2023,9,51,3.2,79,4.7,16,1,,,32,2,50,3.1,0.7
19,2023,10,56,3.5,78,4.6,15,0.9,,,35,2.2,52,3.3,0.7
19,2023,11,52,3.3,84,5,13,0.8,,,39,2.4,55,3.4,0.6
19,2023,12,48,3,80,4.8,14,0.9,,,32,2,49,3.1,0.6
19,2024,1,53,3.3,80,4.8,15,0.9,,,35,2.2,55,3.5,0.6
19,2024,2,61,3.8,87,5.1,17,1.1,,,32,2,52,3.2,0.5
19,2024,3,49,3.1,72,4.3,20,1.2,,,34,2.1,57,3.6,0.7
19,2024,4,51,3.2,61,3.7,18,1.1,,,32,2,53,3.3,0.8
19,2024,5,49,3.1,67,4,16,1,,,31,1.9,51,3.2,0.8
19,2024,6,49,3.1,67,4,14,0.9,,,33,2.1,48,3,0.8
19,2024,7,57,3.6,72,4.3,18,1.1,,,32,2,52,3.3,0.8
19,2024,8,44,2.7,72,4.3,17,1.1,,,30,1.9,51,3.2,0.8
19,2024,9,48,3,65,3.9,16,1,,,34,2.1,52,3.3,0.9
19,2024,10,48,3,72,4.3,11,0.7,,,29,1.8,42,2.6,0.8
19,2024,11,50,3.1,63,3.8,16,1,,,31,1.9,49,3.1,0.9
19,2024,12,48,3,68,4.1,16,1,,,32,2,51,3.2,0.9
19,2025,1,55,3.4,77,4.6,15,0.9,,,30,1.9,48,3,0.8
19,2025,2,44,2.8,66,4,15,0.9,,,32,2,49,3.1,0.9
19,2025,3,48,3,67,4,15,0.9,,,34,2.1,51,3.2,0.9
19,2025,4,52,3.3,61,3.7,13,0.8,,,33,2.1,50,3.1,1
19,2025,5,94,5.9,63,3.8,17,1.1,,,29,1.8,48,3,1
19,2025,6,50,3.1,64,3.9,17,1.1,,,37,2.3,58,3.6,1
19,2025,7,46,2.9,66,4,15,0.9,,,32,2,51,3.2,0.9
19,2025,8,51,3.2,63,3.8,15,0.9,,,28,1.8,45,2.8,1
19,2025,9,55,3.5,65,3.9,33,2.1,,,29,1.8,65,4.1,0.9
19,2025,10,51,3.2,59,3.6,13,0.8,,,26,1.6,42,2.7,
19,2025,11,45,2.8,59,3.6,17,1.1,,,32,2,51,3.2,1
19,2025,12,50,3.2,57,3.5,14,0.9,,,36,2.3,53,3.4,1.1
20,2012,1,50,3.7,35,2.5,12,0.9,,,22,1.6,37,2.7,2.5
20,2012,2,43,3.2,37,2.7,15,1.1,,,25,1.8,43,3.2,2.3
20,2012,3,45,3.3,43,3.1,22,1.6,,,25,1.8,50,3.7,2
20,2012,4,37,2.7,32,2.3,13,1,,,19,1.4,36,2.7,2.7
20,2012,5,47,3.5,35,2.5,18,1.3,,,23,1.7,44,3.2,2.4
20,2012,6,46,3.4,34,2.4,18,1.3,,,24,1.8,45,3.3,2.5
20,2012,7,45,3.3,34,2.4,15,1.1,,,21,1.6,39,2.9,2.5
20,2012,8,44,3.2,33,2.4,21,1.5,,,23,1.7,47,3.5,2.5
20,2012,9,40,2.9,35,2.5,16,1.2,,,19,1.4,38,2.8,2.4
20,2012,10,43,3.2,35,2.5,15,1.1,,,21,1.5,40,2.9,2.4
20,2012,11,41,3,36,2.6,17,1.2,,,22,1.6,43,3.2,2.3
20,2012,12,40,2.9,37,2.6,13,1,,,22,1.6,39,2.9,2.2
20,2013,1,41,3,32,2.3,14,1,,,24,1.8,41,3,2.6
20,2013,2,36,2.6,35,2.5,13,1,,,22,1.6,38,2.8,2.4
20,2013,3,35,2.6,33,2.4,13,1,,,21,1.5,37,2.7,2.5
20,2013,4,40,2.9,36,2.6,15,1.1,,,23,1.7,41,3,2.3
20,2013,5,42,3.1,33,2.4,15,1.1,,,24,1.8,42,3.1,2.5
20,2013,6,40,2.9,39,2.8,14,1,,,21,1.5,38,2.8,2.1
20,2013,7,42,3.1,31,2.2,13,0.9,,,26,1.9,41,3,2.6
20,2013,8,48,3.5,38,2.7,19,1.4,,,24,1.7,47,3.4,2.1
20,2013,9,46,3.3,40,2.8,14,1,,,21,1.5,44,3.2,1.9
20,2013,10,41,3,42,3,13,0.9,,,22,1.6,36,2.6,1.8
20,2013,11,42,3,37,2.6,15,1.1,,,24,1.7,43,3.1,2
20,2013,12,42,3,34,2.4,18,1.3,,,23,1.7,44,3.2,2.1
20,2014,1,41,3,40,2.8,16,1.2,,,22,1.6,41,3,1.8
20,2014,2,46,3.3,37,2.6,15,1.1,,,21,1.5,39,2.8,1.9
20,2014,3,45,3.2,41,2.9,13,0.9,,,25,1.8,42,3,1.7
20,2014,4,48,3.5,43,3,13,0.9,,,26,1.9,43,3.1,1.6
20,2014,5,46,3.3,51,3.5,15,1.1,,,27,1.9,45,3.2,1.4
20,2014,6,45,3.2,46,3.2,14,1,,,25,1.8,43,3.1,1.5
20,2014,7,47,3.4,43,3,14,1,,,25,1.8,42,3,1.6
20,2014,8,48,3.4,47,3.3,16,1.1,,,24,1.7,43,3.1,1.4
20,2014,9,47,3.4,42,2.9,19,1.4,,,26,1.9,47,3.4,1.6
20,2014,10,45,3.2,42,2.9,16,1.1,,,23,1.6,42,3,1.6
20,2014,11,47,3.4,42,2.9,18,1.3,,,21,1.5,42,3,1.5
20,2014,12,50,3.6,44,3.1,17,1.2,,,20,1.4,40,2.9,1.5
20,2015,1,49,3.5,46,3.2,14,1,,,26,1.9,43,3.1,1.4
20,2015,2,49,3.5,54,3.7,14,1,,,26,1.9,44,3.1,1.2
20,2015,3,52,3.7,47,3.3,21,1.5,,,27,1.9,51,3.6,1.4
20,2015,4,52,3.7,45,3.1,17,1.2,,,27,1.9,50,3.6,1.5
20,2015,5,49,3.5,48,3.3,17,1.2,,,25,1.8,45,3.2,1.3
20,2015,6,47,3.4,47,3.2,21,1.5,,,25,1.8,51,3.6,1.3
20,2015,7,44,3.1,49,3.4,17,1.2,,,22,1.6,44,3.1,1.3
20,2015,8,44,3.1,45,3.1,15,1.1,,,25,1.8,43,3.1,1.3
20,2015,9,52,3.7,51,3.5,15,1.1,,,31,2.2,50,3.6,1.2
20,2015,10,52,3.7,50,3.4,22,1.6,,,28,2,53,3.8,1.2
20,2015,11,51,3.6,51,3.5,14,1,,,32,2.3,50,3.6,1.2
20,2015,12,53,3.8,54,3.7,14,1,,,31,2.2,48,3.4,1.1
20,2016,1,49,3.5,53,3.6,17,1.2,,,26,1.9,48,3.4,1.1
20,2016,2,50,3.6,53,3.6,15,1.1,,,29,2.1,47,3.3,1.1
20,2016,3,51,3.6,55,3.8,18,1.3,,,29,2.1,51,3.6,1.1
20,2016,4,45,3.2,55,3.8,18,1.3,,,27,1.9,52,3.7,1.1
20,2016,5,48,3.4,55,3.8,25,1.8,,,31,2.2,60,4.3,1.1
20,2016,6,58,4.1,55,3.8,21,1.5,,,29,2.1,53,3.8,1.1
20,2016,7,54,3.8,60,4.1,19,1.4,,,31,2.2,55,3.9,1
20,2016,8,57,4.1,52,3.6,15,1.1,,,31,2.2,50,3.6,1.2
20,2016,9,52,3.7,51,3.5,10,0.7,,,29,2.1,44,3.1,1.2
20,2016,10,50,3.6,54,3.7,16,1.1,,,31,2.2,52,3.7,1.1
20,2016,11,50,3.6,57,3.9,17,1.2,,,28,2,49,3.5,1.1
20,2016,12,52,3.7,55,3.8,23,1.6,,,37,2.6,64,4.6,1.1
20,2017,1,62,4.4,63,4.3,19,1.4,,,39,2.8,63,4.5,0.9
20,2017,2,52,3.7,55,3.8,14,1,,,31,2.2,50,3.6,1
20,2017,3,43,3.1,53,3.6,15,1.1,,,29,2.1,48,3.4,1
20,2017,4,44,3.1,54,3.7,18,1.3,,,30,2.1,52,3.7,1
20,2017,5,45,3.2,53,3.7,12,0.9,,,28,2,45,3.2,1
20,2017,6,54,3.9,59,4,35,2.5,,,30,2.1,68,4.9,0.9
20,2017,7,60,4.3,59,4,12,0.9,,,29,2.1,43,3.1,0.9
20,2017,8,50,3.6,61,4.2,24,1.7,,,31,2.2,58,4.1,0.9
20,2017,9,51,3.6,66,4.5,18,1.3,,,31,2.2,52,3.7,0.8
20,2017,10,52,3.7,68,4.6,16,1.1,,,31,2.2,49,3.5,0.8
20,2017,11,55,3.9,63,4.3,14,1,,,31,2.2,48,3.4,0.8
20,2017,12,54,3.8,67,4.5,16,1.1,,,33,2.3,51,3.6,0.8
20,2018,1,55,3.9,74,5,14,1,,,32,2.3,50,3.5,0.7
20,2018,2,54,3.8,70,4.7,14,1,,,33,2.3,49,3.5,0.7
20,2018,3,54,3.8,75,5,18,1.3,,,38,2.7,59,4.2,0.7
20,2018,4,54,3.8,76,5.1,16,1.1,,,34,2.4,52,3.7,0.7
20,2018,5,60,4.2,87,5.8,17,1.2,,,34,2.4,54,3.8,0.6
20,2018,6,49,3.5,84,5.6,14,1,,,34,2.4,51,3.6,0.6
20,2018,7,51,3.6,76,5.1,14,1,,,33,2.3,49,3.5,0.6
20,2018,8,50,3.5,78,5.2,17,1.2,,,36,2.5,55,3.9,0.6
20,2018,9,54,3.8,85,5.6,18,1.3,,,35,2.5,56,3.9,0.6
20,2018,10,54,3.8,83,5.5,20,1.4,,,40,2.8,62,4.4,0.6
20,2018,11,53,3.7,86,5.7,18,1.3,,,37,2.6,58,4.1,0.6
20,2018,12,55,3.9,82,5.5,15,1.1,,,35,2.5,52,3.7,0.6
20,2019,1,48,3.4,75,5,14,1,,,31,2.2,47,3.3,0.7
20,2019,2,54,3.8,77,5.1,17,1.2,,,35,2.5,54,3.8,0.6
20,2019,3,52,3.7,76,5.1,13,0.9,,,36,2.5,52,3.7,0.6
20,2019,4,61,4.3,83,5.5,15,1.1,,,36,2.5,54,3.8,0.6
20,2019,5,60,4.2,70,4.7,14,1,,,37,2.6,54,3.8,0.7
20,2019,6,53,3.7,73,4.9,14,1,,,37,2.6,54,3.8,0.6
20,2019,7,54,3.8,72,4.8,15,1.1,,,36,2.5,55,3.9,0.6
20,2019,8,57,4,74,4.9,16,1.1,,,33,2.3,53,3.7,0.6
20,2019,9,55,3.9,69,4.6,15,1.1,,,33,2.3,51,3.6,0.7
20,2019,10,52,3.6,68,4.6,15,1.1,,,32,2.2,50,3.5,0.7
20,2019,11,50,3.5,66,4.4,19,1.3,,,33,2.3,56,3.9,0.7
20,2019,12,50,3.5,60,4,14,1,,,33,2.3,51,3.6,0.8
20,2020,1,51,3.6,66,4.4,15,1,,,37,2.6,55,3.8,0.7
20,2020,2,51,3.6,70,4.7,19,1.3,,,36,2.5,58,4.1,0.7
20,2020,3,45,3.2,56,3.8,117,8.2,,,26,1.8,146,10.3,0.8
20,2020,4,41,3.2,52,3.9,63,5,,,16,1.3,84,6.6,3.5
20,2020,5,59,4.5,58,4.3,13,1,,,14,1.1,30,2.3,2.4
20,2020,6,49,3.7,58,4.2,20,1.5,,,22,1.7,46,3.5,1.9
20,2020,7,53,3.9,62,4.4,16,1.2,,,30,2.2,49,3.6,1.6
20,2020,8,51,3.8,64,4.5,11,0.8,,,25,1.8,39,2.9,1.4
20,2020,9,48,3.5,61,4.3,13,1,,,29,2.1,44,3.3,1.3
20,2020,10,47,3.5,68,4.8,15,1.1,,,29,2.1,48,3.5,1.1
20,2020,11,47,3.5,64,4.5,16,1.2,,,29,2.1,48,3.5,1.1
20,2020,12,45,3.3,67,4.7,11,0.8,,,29,2.1,43,3.2,1
20,2021,1,48,3.5,65,4.5,11,0.8,,,33,2.4,48,3.5,0.9
20,2021,2,48,3.5,68,4.8,13,1,,,34,2.5,50,3.7,0.9
20,2021,3,62,4.5,90,6.2,11,0.8,,,31,2.3,44,3.2,0.6
20,2021,4,50,3.6,74,5.1,11,0.8,,,33,2.4,48,3.5,0.8
20,2021,5,53,3.8,87,5.9,19,1.4,,,35,2.5,58,4.2,0.6
20,2021,6,69,5,84,5.7,11,0.8,,,37,2.7,51,3.7,0.7
20,2021,7,70,5.1,92,6.2,11,0.8,,,38,2.7,52,3.8,0.6
20,2021,8,55,4,84,5.7,9,0.6,,,44,3.2,58,4.2,0.6
20,2021,9,55,4,89,6.1,11,0.8,,,35,2.5,49,3.6,0.5
20,2021,10,57,4.1,104,7,10,0.7,,,40,2.9,54,3.9,0.4
20,2021,11,59,4.2,101,6.8,11,0.8,,,43,3.1,57,4.1,0.4
20,2021,12,57,4.1,102,6.8,11,0.8,,,39,2.8,54,3.9,0.4
20,2022,1,51,3.6,96,6.4,10,0.7,,,35,2.5,49,3.5,0.4
20,2022,2,52,3.7,108,7.1,12,0.9,,,34,2.4,50,3.6,0.4
20,2022,3,52,3.7,98,6.5,11,0.8,,,35,2.5,49,3.5,0.4
20,2022,4,53,3.8,108,7.1,9,0.6,,,41,2.9,53,3.8,0.4
20,2022,5,50,3.5,100,6.6,12,0.9,,,36,2.6,51,3.6,0.4
20,2022,6,56,4,103,6.8,16,1.1,,,36,2.6,55,3.9,0.4
20,2022,7,79,5.6,119,7.7,10,0.7,,,47,3.3,59,4.2,0.4
20,2022,8,55,3.9,95,6.3,13,0.9,,,33,2.3,49,3.4,0.5
20,2022,9,55,3.9,101,6.6,13,0.9,,,38,2.7,53,3.7,0.4
20,2022,10,56,3.9,88,5.8,14,1,,,37,2.6,55,3.9,0.5
20,2022,11,53,3.7,89,5.9,13,0.9,,,36,2.5,51,3.6,0.5
20,2022,12,62,4.3,105,6.8,15,1,,,37,2.6,56,3.9,0.4
20,2023,1,57,3.9,87,5.7,16,1.1,,,35,2.4,53,3.7,0.5
20,2023,2,56,3.9,87,5.7,14,1,,,35,2.4,53,3.7,0.5
20,2023,3,54,3.8,86,5.6,17,1.2,,,36,2.5,55,3.8,0.5
20,2023,4,54,3.8,85,5.6,18,1.3,,,33,2.3,55,3.8,0.5
20,2023,5,55,3.8,83,5.4,14,1,,,35,2.4,52,3.6,0.5
20,2023,6,54,3.7,82,5.4,15,1,,,36,2.5,55,3.8,0.5
20,2023,7,48,3.3,75,4.9,14,1,,,34,2.4,50,3.5,0.6
20,2023,8,52,3.6,80,5.3,13,0.9,,,39,2.7,54,3.7,0.5
20,2023,9,45,3.1,80,5.2,18,1.2,,,33,2.3,54,3.7,0.5
20,2023,10,46,3.2,69,4.6,12,0.8,,,24,1.7,38,2.6,0.6
20,2023,11,48,3.3,80,5.2,11,0.8,,,33,2.3,48,3.3,0.6
20,2023,12,46,3.2,76,5,12,0.8,,,30,2.1,46,3.2,0.6
20,2024,1,51,3.5,80,5.2,14,1,,,33,2.3,57,3.9,0.6
20,2024,2,48,3.3,76,5,12,0.8,,,29,2,45,3.1,0.6
20,2024,3,45,3.1,74,4.8,16,1.1,,,33,2.3,52,3.6,0.7
20,2024,4,54,3.7,68,4.5,14,1,,,34,2.3,53,3.6,0.8
20,2024,5,47,3.2,66,4.3,13,0.9,,,33,2.3,48,3.3,0.8
20,2024,6,43,2.9,67,4.4,11,0.8,,,25,1.7,38,2.6,0.8
20,2024,7,45,3.1,65,4.3,17,1.2,,,28,1.9,47,3.2,0.9
20,2024,8,47,3.2,71,4.6,15,1,,,33,2.3,50,3.4,0.8
20,2024,9,46,3.1,67,4.4,14,1,,,27,1.8,43,2.9,0.9
20,2024,10,45,3.1,72,4.7,14,1,,,29,2,46,3.2,0.8
20,2024,11,47,3.2,68,4.4,17,1.2,,,26,1.8,46,3.1,0.9
20,2024,12,46,3.1,70,4.6,16,1.1,,,28,1.9,46,3.1,0.8
20,2025,1,42,2.9,64,4.2,14,1,,,28,1.9,44,3,0.9
20,2025,2,48,3.3,67,4.4,12,0.8,,,30,2.1,45,3.1,0.9
20,2025,3,50,3.4,76,4.9,13,0.9,,,30,2,45,3.1,0.8
20,2025,4,56,3.8,62,4.1,14,1,,,31,2.1,47,3.2,1
20,2025,5,43,2.9,67,4.4,15,1,,,30,2.1,47,3.2,0.9
20,2025,6,47,3.2,64,4.2,16,1.1,,,40,2.7,60,4.1,0.9
20,2025,7,51,3.5,70,4.6,15,1,,,28,1.9,45,3.1,0.8
20,2025,8,44,3,61,4,19,1.3,,,24,1.6,46,3.1,1
20,2025,9,49,3.3,63,4.1,22,1.5,,,30,2,55,3.8,0.9
20,2025,10,51,3.5,64,4.2,17,1.2,,,30,2.1,50,3.4,
20,2025,11,45,3.1,62,4.1,13,0.9,,,35,2.4,50,3.4,1
20,2025,12,49,3.3,61,4,15,1,,,37,2.5,55,3.8,1
21,2012,1,65,3.6,62,3.3,25,1.4,,,26,1.4,56,3.1,2.8
21,2012,2,75,4.2,47,2.5,28,1.6,,,35,1.9,66,3.7,3.6
21,2012,3,74,4.1,59,3.2,32,1.8,,,34,1.9,73,4,2.9
21,2012,4,64,3.5,58,3.1,28,1.5,,,34,1.9,67,3.7,2.9
21,2012,5,69,3.8,57,3.1,22,1.2,,,29,1.6,56,3.1,3
21,2012,6,69,3.8,60,3.2,28,1.5,,,33,1.8,66,3.6,2.8
21,2012,7,65,3.6,55,2.9,22,1.2,,,32,1.8,59,3.3,3.1
21,2012,8,58,3.2,51,2.7,31,1.7,,,30,1.7,65,3.6,3.3
21,2012,9,63,3.5,49,2.6,25,1.4,,,32,1.8,63,3.5,3.4
21,2012,10,59,3.2,52,2.8,33,1.8,,,32,1.8,73,4,3.2
21,2012,11,62,3.4,56,3,25,1.4,,,29,1.6,59,3.2,3
21,2012,12,70,3.9,51,2.7,24,1.3,,,31,1.7,61,3.4,3.3
21,2013,1,66,3.6,57,3,29,1.6,,,37,2,72,4,2.9
21,2013,2,74,4.1,55,2.9,24,1.3,,,34,1.9,65,3.6,3
21,2013,3,64,3.5,54,2.9,22,1.2,,,32,1.8,59,3.2,3.1
21,2013,4,68,3.7,57,3,21,1.2,,,34,1.9,65,3.6,2.9
21,2013,5,71,3.9,59,3.1,21,1.2,,,33,1.8,60,3.3,2.8
21,2013,6,69,3.8,56,3,32,1.8,,,33,1.8,70,3.8,3
21,2013,7,67,3.7,43,2.3,23,1.3,,,35,1.9,63,3.4,3.9
21,2013,8,71,3.9,51,2.7,21,1.1,,,34,1.9,61,3.3,3.2
21,2013,9,64,3.5,47,2.5,26,1.4,,,34,1.9,64,3.5,3.5
21,2013,10,65,3.5,49,2.6,25,1.4,,,35,1.9,63,3.4,3.3
21,2013,11,71,3.9,49,2.6,19,1,,,42,2.3,66,3.6,3.2
21,2013,12,67,3.6,53,2.8,21,1.1,,,36,2,62,3.4,2.9
21,2014,1,71,3.9,52,2.7,21,1.1,,,41,2.2,69,3.7,2.9
21,2014,2,72,3.9,60,3.2,27,1.5,,,40,2.2,72,3.9,2.5
21,2014,3,73,4,63,3.3,24,1.3,,,40,2.2,70,3.8,2.3
21,2014,4,74,4,63,3.3,26,1.4,,,37,2,68,3.7,2.2
21,2014,5,71,3.8,71,3.7,28,1.5,,,43,2.3,77,4.2,1.9
21,2014,6,73,3.9,72,3.7,21,1.1,,,44,2.4,70,3.8,1.8
21,2014,7,83,4.5,77,4,25,1.3,,,44,2.4,76,4.1,1.6
21,2014,8,77,4.1,90,4.6,29,1.6,,,45,2.4,78,4.2,1.3
21,2014,9,83,4.4,79,4.1,28,1.5,,,42,2.3,74,4,1.5
21,2014,10,88,4.7,80,4.1,23,1.2,,,44,2.4,72,3.9,1.4
21,2014,11,75,4,73,3.8,35,1.9,,,43,2.3,83,4.4,1.5
21,2014,12,73,3.9,75,3.8,27,1.4,,,39,2.1,73,3.9,1.4
21,2015,1,76,4,74,3.8,27,1.4,,,39,2.1,71,3.8,1.4
21,2015,2,69,3.7,74,3.8,21,1.1,,,43,2.3,69,3.7,1.4
21,2015,3,74,4,75,3.9,22,1.2,,,41,2.2,67,3.6,1.4
21,2015,4,77,4.1,85,4.3,22,1.2,,,41,2.2,68,3.6,1.2
21,2015,5,83,4.4,77,3.9,28,1.5,,,44,2.3,77,4.1,1.4
21,2015,6,80,4.2,76,3.9,26,1.4,,,50,2.7,82,4.3,1.4
21,2015,7,73,3.9,81,4.1,21,1.1,,,41,2.2,67,3.6,1.3
21,2015,8,75,4,88,4.4,22,1.2,,,47,2.5,73,3.9,1.2
21,2015,9,76,4,88,4.4,20,1.1,,,35,1.9,60,3.2,1.2
21,2015,10,75,4,91,4.6,27,1.4,,,41,2.2,73,3.8,1.1
21,2015,11,90,4.7,97,4.9,24,1.3,,,39,2.1,69,3.6,1.1
21,2015,12,84,4.4,92,4.6,32,1.7,,,51,2.7,88,4.6,1.1
21,2016,1,68,3.6,93,4.7,27,1.4,,,41,2.2,72,3.8,1.1
21,2016,2,78,4.1,92,4.6,26,1.4,,,41,2.2,72,3.8,1.1
21,2016,3,88,4.6,115,5.7,28,1.5,,,45,2.4,78,4.1,0.9
21,2016,4,84,4.4,89,4.5,22,1.2,,,43,2.3,71,3.7,1.1
21,2016,5,71,3.7,87,4.4,22,1.2,,,41,2.2,68,3.6,1.1
21,2016,6,71,3.7,83,4.2,24,1.3,,,45,2.4,73,3.8,1.2
21,2016,7,82,4.3,92,4.6,23,1.2,,,43,2.2,71,3.7,1.1
21,2016,8,69,3.6,74,3.7,22,1.1,,,43,2.2,69,3.6,1.4
21,2016,9,74,3.9,75,3.8,19,1,,,44,2.3,68,3.6,1.4
21,2016,10,70,3.7,68,3.4,21,1.1,,,45,2.4,71,3.7,1.5
21,2016,11,70,3.7,72,3.6,29,1.5,,,42,2.2,76,4,1.4
21,2016,12,91,4.8,76,3.8,20,1,,,41,2.1,69,3.6,1.4
21,2017,1,76,4,76,3.8,24,1.3,,,46,2.4,75,3.9,1.4
21,2017,2,80,4.2,77,3.9,20,1,,,47,2.4,72,3.8,1.3
21,2017,3,78,4.1,77,3.9,25,1.3,,,48,2.5,77,4,1.3
21,2017,4,73,3.8,84,4.2,25,1.3,,,49,2.6,79,4.1,1.2
21,2017,5,74,3.9,73,3.7,27,1.4,,,46,2.4,78,4.1,1.4
21,2017,6,76,4,81,4,25,1.3,,,50,2.6,82,4.3,1.2
21,2017,7,82,4.3,94,4.7,25,1.3,,,53,2.8,83,4.3,1
21,2017,8,94,4.9,92,4.6,26,1.4,,,53,2.8,83,4.3,1
21,2017,9,85,4.4,78,3.9,23,1.2,,,47,2.4,76,4,1.2
21,2017,10,79,4.1,73,3.7,23,1.2,,,47,2.4,76,3.9,1.3
21,2017,11,83,4.3,83,4.1,23,1.2,,,48,2.5,75,3.9,1.1
21,2017,12,77,4,80,4,26,1.4,,,49,2.5,79,4.1,1.1
21,2018,1,85,4.4,95,4.7,26,1.4,,,44,2.3,75,3.9,0.9
21,2018,2,78,4.1,82,4.1,22,1.1,,,49,2.5,75,3.9,1.1
21,2018,3,80,4.2,85,4.2,22,1.1,,,47,2.4,75,3.9,1
21,2018,4,80,4.1,82,4.1,33,1.7,,,46,2.4,82,4.2,1
21,2018,5,83,4.3,92,4.5,18,0.9,,,52,2.7,74,3.8,0.9
21,2018,6,93,4.8,93,4.6,23,1.2,,,49,2.5,77,4,0.9
21,2018,7,73,3.8,81,4,27,1.4,,,42,2.2,73,3.8,1.1
21,2018,8,85,4.4,92,4.6,27,1.4,,,51,2.6,83,4.3,0.9
21,2018,9,77,4,99,4.9,22,1.1,,,55,2.8,82,4.2,0.9
21,2018,10,108,5.6,93,4.6,27,1.4,,,61,3.2,92,4.8,0.9
21,2018,11,83,4.3,93,4.6,22,1.1,,,58,3,84,4.3,0.9
21,2018,12,89,4.6,100,4.9,26,1.3,,,64,3.3,94,4.9,0.9
21,2019,1,84,4.3,90,4.4,25,1.3,,,52,2.7,81,4.2,1
21,2019,2,89,4.6,94,4.6,26,1.3,,,53,2.7,85,4.4,0.9
21,2019,3,82,4.2,95,4.7,24,1.2,,,54,2.8,83,4.3,0.9
21,2019,4,80,4.1,90,4.4,27,1.4,,,57,2.9,90,4.6,0.9
21,2019,5,81,4.2,89,4.4,18,0.9,,,47,2.4,69,3.5,1
21,2019,6,79,4.1,86,4.2,23,1.2,,,44,2.3,71,3.7,1
21,2019,7,80,4.1,88,4.3,23,1.2,,,50,2.6,78,4,1
21,2019,8,78,4,89,4.4,23,1.2,,,46,2.4,72,3.7,1
21,2019,9,82,4.2,94,4.6,29,1.5,,,47,2.4,81,4.2,0.9
21,2019,10,79,4.1,96,4.7,20,1,,,46,2.4,70,3.6,0.9
21,2019,11,92,4.7,93,4.5,24,1.2,,,47,2.4,81,4.1,0.9
21,2019,12,83,4.3,81,4,20,1,,,48,2.5,73,3.7,1
21,2020,1,85,4.4,98,4.8,21,1.1,,,61,3.1,89,4.6,0.9
21,2020,2,87,4.5,88,4.3,25,1.3,,,48,2.5,77,3.9,1
21,2020,3,77,4,90,4.4,140,7.2,,,41,2.1,186,9.6,0.9
21,2020,4,64,3.8,70,4,150,9,,,35,2.1,189,11.4,4.9
21,2020,5,87,5.1,91,5.1,26,1.5,,,37,2.2,67,4,2.9
21,2020,6,119,6.7,104,5.5,27,1.5,,,35,2,66,3.7,1
21,2020,7,97,5.3,102,5.3,18,1,,,31,1.7,54,3,1.1
21,2020,8,92,5,98,5.1,19,1,,,54,2.9,77,4.2,1
21,2020,9,104,5.6,92,4.7,18,1,,,58,3.1,83,4.5,1.1
21,2020,10,111,6,101,5.2,22,1.2,,,73,3.9,102,5.5,1
21,2020,11,102,5.5,102,5.2,34,1.8,,,63,3.4,103,5.5,0.9
21,2020,12,100,5.4,97,5,25,1.3,,,59,3.2,88,4.7,1
21,2021,1,98,5.2,117,5.9,20,1.1,,,63,3.4,86,4.6,0.8
21,2021,2,84,4.5,116,5.8,22,1.2,,,52,2.8,81,4.3,0.8
21,2021,3,99,5.2,125,6.2,23,1.2,,,54,2.9,82,4.3,0.7
21,2021,4,107,5.7,164,8,21,1.1,,,71,3.8,97,5.1,0.6
21,2021,5,91,4.8,157,7.7,17,0.9,,,59,3.1,80,4.2,0.6
21,2021,6,111,5.9,157,7.6,22,1.2,,,67,3.5,94,5,0.6
21,2021,7,112,5.9,162,7.8,27,1.4,,,69,3.6,100,5.2,0.6
21,2021,8,98,5.1,168,8.1,25,1.3,,,73,3.8,103,5.4,0.5
21,2021,9,94,4.9,140,6.8,30,1.6,,,68,3.6,102,5.3,0.6
21,2021,10,108,5.6,157,7.5,26,1.3,,,64,3.3,101,5.2,0.6
21,2021,11,107,5.5,141,6.8,18,0.9,,,72,3.7,95,4.9,0.6
21,2021,12,99,5.1,156,7.4,28,1.4,,,65,3.4,97,5,0.5
21,2022,1,91,4.7,145,7,22,1.1,,,67,3.5,94,4.9,0.6
21,2022,2,91,4.7,168,7.9,16,0.8,,,68,3.5,89,4.6,0.5
21,2022,3,117,6,219,10.1,23,1.2,,,68,3.5,96,4.9,0.4
21,2022,4,101,5.2,166,7.8,24,1.2,,,71,3.6,100,5.1,0.5
21,2022,5,93,4.8,164,7.7,19,1,,,65,3.3,89,4.5,0.5
21,2022,6,95,4.9,165,7.8,16,0.8,,,65,3.3,87,4.4,0.5
21,2022,7,99,5,156,7.3,18,0.9,,,57,2.9,79,4,0.5
21,2022,8,106,5.4,155,7.3,26,1.3,,,70,3.5,102,5.2,0.5
21,2022,9,103,5.2,158,7.4,16,0.8,,,69,3.5,89,4.5,0.5
21,2022,10,92,4.6,134,6.3,17,0.9,,,58,2.9,78,3.9,0.6
21,2022,11,97,4.9,158,7.4,22,1.1,,,62,3.1,88,4.4,0.5
21,2022,12,92,4.6,146,6.8,18,0.9,,,69,3.5,93,4.7,0.6
21,2023,1,103,5.1,157,7.3,25,1.2,,,68,3.4,97,4.8,0.5
21,2023,2,98,4.9,136,6.3,20,1,,,66,3.3,90,4.5,0.6
21,2023,3,82,4.1,135,6.3,20,1,,,65,3.2,88,4.4,0.6
21,2023,4,78,3.9,138,6.4,19,0.9,,,58,2.9,80,4,0.6
21,2023,5,87,4.3,134,6.2,20,1,,,68,3.4,93,4.6,0.6
21,2023,6,86,4.3,121,5.7,24,1.2,,,56,2.8,84,4.2,0.7
21,2023,7,77,3.8,103,4.9,21,1,,,51,2.5,76,3.8,0.8
21,2023,8,91,4.5,115,5.4,20,1,,,58,2.9,81,4,0.8
21,2023,9,105,5.2,122,5.7,20,1,,,58,2.9,82,4.1,0.7
21,2023,10,73,3.6,113,5.3,17,0.8,,,52,2.6,73,3.6,0.8
21,2023,11,76,3.8,109,5.1,19,0.9,,,53,2.6,77,3.8,0.8
21,2023,12,105,5.2,112,5.2,18,0.9,,,46,2.3,67,3.3,0.8
21,2024,1,81,4,102,4.8,20,1,,,50,2.5,75,3.7,0.9
21,2024,2,75,3.7,110,5.1,18,0.9,,,49,2.4,71,3.5,0.9
21,2024,3,71,3.5,118,5.5,17,0.8,,,44,2.2,65,3.2,0.8
21,2024,4,66,3.2,122,5.7,19,0.9,,,50,2.5,73,3.6,0.8
21,2024,5,78,3.8,125,5.8,19,0.9,,,57,2.8,80,3.9,0.8
21,2024,6,66,3.2,125,5.8,17,0.8,,,48,2.4,70,3.4,0.8
21,2024,7,73,3.6,126,5.8,19,0.9,,,48,2.4,75,3.7,0.8
21,2024,8,72,3.5,136,6.2,19,0.9,,,38,1.9,66,3.2,0.8
21,2024,9,73,3.6,115,5.3,23,1.1,,,42,2.1,69,3.4,0.9
21,2024,10,77,3.8,133,6.1,26,1.3,,,52,2.6,83,4.1,0.8
21,2024,11,77,3.8,135,6.2,22,1.1,,,38,1.9,64,3.1,0.8
21,2024,12,69,3.4,124,5.7,26,1.3,,,41,2,70,3.4,0.8
21,2025,1,61,3,122,5.7,26,1.3,,,40,2,69,3.4,0.8
21,2025,2,85,4.2,104,4.9,24,1.2,,,39,1.9,66,3.2,1
21,2025,3,76,3.7,103,4.8,17,0.8,,,46,2.3,65,3.2,1
21,2025,4,83,4.1,104,4.9,23,1.1,,,39,1.9,66,3.2,1
21,2025,5,74,3.6,108,5,25,1.2,,,41,2,70,3.4,0.9
21,2025,6,72,3.5,96,4.5,23,1.1,,,40,2,67,3.3,1
21,2025,7,72,3.5,102,4.8,25,1.2,,,42,2.1,70,3.4,1
21,2025,8,71,3.5,94,4.4,33,1.6,,,38,1.9,74,3.6,1
21,2025,9,70,3.4,96,4.5,22,1.1,,,39,1.9,66,3.2,1
21,2025,10,66,3.3,95,4.5,22,1.1,,,43,2.1,69,3.4,
21,2025,11,62,3.1,97,4.6,17,0.8,,,44,2.2,63,3.1,1
21,2025,12,70,3.4,92,4.3,20,1,,,43,2.1,68,3.4,1
22,2012,1,70,3.6,59,3,35,1.8,,,37,1.9,76,4,2.5
22,2012,2,72,3.7,52,2.6,32,1.7,,,35,1.8,72,3.7,2.8
22,2012,3,71,3.7,51,2.6,28,1.5,,,40,2.1,72,3.7,2.9
22,2012,4,72,3.7,54,2.7,24,1.2,,,37,1.9,67,3.5,2.7
22,2012,5,77,4,54,2.7,34,1.8,,,38,2,77,4,2.7
22,2012,6,67,3.5,63,3.2,37,1.9,,,34,1.8,75,3.9,2.3
22,2012,7,71,3.7,49,2.5,23,1.2,,,35,1.8,63,3.3,2.8
22,2012,8,67,3.5,51,2.6,24,1.2,,,36,1.9,65,3.4,2.7
22,2012,9,68,3.5,49,2.5,25,1.3,,,32,1.7,67,3.5,2.7
22,2012,10,65,3.4,53,2.7,25,1.3,,,36,1.9,65,3.4,2.5
22,2012,11,65,3.4,52,2.6,25,1.3,,,33,1.7,64,3.3,2.6
22,2012,12,74,3.8,58,2.9,27,1.4,,,38,2,72,3.7,2.4
22,2013,1,73,3.8,57,2.9,22,1.1,,,33,1.7,62,3.2,2.4
22,2013,2,79,4.1,56,2.8,29,1.5,,,40,2.1,76,3.9,2.5
22,2013,3,71,3.6,56,2.8,27,1.4,,,34,1.7,66,3.4,2.5
22,2013,4,72,3.7,53,2.6,26,1.3,,,34,1.7,66,3.4,2.7
22,2013,5,72,3.7,58,2.9,23,1.2,,,39,2,69,3.5,2.4
22,2013,6,65,3.3,55,2.7,25,1.3,,,31,1.6,61,3.1,2.5
22,2013,7,72,3.7,48,2.4,24,1.2,,,40,2,68,3.5,2.8
22,2013,8,86,4.4,61,3,27,1.4,,,38,1.9,70,3.6,2.2
22,2013,9,75,3.8,55,2.7,28,1.4,,,37,1.9,69,3.5,2.4
22,2013,10,68,3.5,59,2.9,37,1.9,,,33,1.7,73,3.7,2.1
22,2013,11,81,4.1,58,2.9,20,1,,,36,1.8,61,3.1,2.1
22,2013,12,68,3.5,54,2.7,22,1.1,,,35,1.8,61,3.1,2.2
22,2014,1,70,3.6,53,2.6,26,1.3,,,42,2.1,74,3.8,2.2
22,2014,2,64,3.2,61,3,20,1,,,39,2,64,3.2,1.9
22,2014,3,67,3.4,61,3,23,1.2,,,36,1.8,66,3.3,2
22,2014,4,71,3.6,60,2.9,24,1.2,,,40,2,69,3.5,2
22,2014,5,68,3.4,58,2.8,19,1,,,37,1.9,60,3,2.2
22,2014,6,77,3.9,71,3.5,21,1.1,,,40,2,67,3.4,1.9
22,2014,7,78,3.9,69,3.4,22,1.1,,,41,2.1,70,3.5,2
22,2014,8,75,3.8,73,3.5,26,1.3,,,40,2,74,3.7,1.9
22,2014,9,80,4,76,3.7,43,2.2,,,45,2.3,97,4.9,1.9
22,2014,10,85,4.3,72,3.5,26,1.3,,,46,2.3,79,4,2
22,2014,11,94,4.7,70,3.4,29,1.4,,,52,2.6,88,4.4,2.1
22,2014,12,85,4.2,71,3.4,29,1.4,,,45,2.2,82,4.1,2.1
22,2015,1,81,4,79,3.8,31,1.5,,,48,2.4,86,4.3,1.9
22,2015,2,74,3.7,77,3.7,26,1.3,,,46,2.3,78,3.9,1.9
22,2015,3,78,3.9,72,3.5,33,1.7,,,46,2.3,85,4.3,2
22,2015,4,68,3.4,101,4.8,30,1.5,,,48,2.4,85,4.3,1.4
22,2015,5,80,4,88,4.2,23,1.2,,,44,2.2,75,3.8,1.6
22,2015,6,78,3.9,80,3.9,28,1.4,,,43,2.2,78,3.9,1.7
22,2015,7,72,3.6,86,4.1,17,0.9,,,43,2.2,69,3.5,1.5
22,2015,8,84,4.2,83,4,24,1.2,,,49,2.5,79,4,1.6
22,2015,9,76,3.8,68,3.3,31,1.6,,,42,2.1,80,4,1.9
22,2015,10,70,3.5,85,4.1,32,1.6,,,38,1.9,80,4,1.5
22,2015,11,72,3.6,85,4.1,29,1.5,,,49,2.5,92,4.6,1.5
22,2015,12,75,3.8,86,4.1,25,1.3,,,55,2.8,86,4.3,1.5
22,2016,1,78,3.9,84,4.1,20,1,,,42,2.1,67,3.4,1.5
22,2016,2,77,3.9,87,4.2,34,1.7,,,44,2.2,84,4.2,1.5
22,2016,3,75,3.8,84,4.1,23,1.2,,,42,2.1,70,3.5,1.5
22,2016,4,79,4,76,3.7,28,1.4,,,45,2.3,80,4,1.7
22,2016,5,75,3.8,83,4,31,1.6,,,45,2.3,81,4.1,1.6
22,2016,6,79,4,69,3.4,31,1.6,,,45,2.3,81,4.1,1.9
22,2016,7,85,4.3,74,3.6,46,2.3,,,43,2.2,96,4.9,1.7
22,2016,8,71,3.6,71,3.5,35,1.8,,,49,2.5,94,4.8,1.8
22,2016,9,95,4.8,76,3.7,20,1,,,49,2.5,76,3.9,1.7
22,2016,10,79,4,69,3.4,28,1.4,,,48,2.4,83,4.2,1.8
22,2016,11,79,4,74,3.6,30,1.5,,,49,2.5,86,4.4,1.7
22,2016,12,81,4.1,77,3.8,17,0.9,,,46,2.3,69,3.5,1.6
22,2017,1,81,4.1,79,3.9,27,1.4,,,49,2.5,84,4.3,1.5
22,2017,2,84,4.2,80,3.9,27,1.4,,,50,2.5,82,4.1,1.5
22,2017,3,95,4.8,75,3.7,33,1.7,,,51,2.6,91,4.6,1.6
22,2017,4,77,3.9,79,3.8,26,1.3,,,49,2.5,79,4,1.4
22,2017,5,94,4.8,71,3.5,34,1.7,,,48,2.4,88,4.4,1.5
22,2017,6,82,4.1,71,3.5,28,1.4,,,53,2.7,86,4.3,1.5
22,2017,7,78,4,73,3.6,32,1.6,,,54,2.7,92,4.7,1.4
22,2017,8,79,4,69,3.4,28,1.4,,,46,2.3,79,4,1.5
22,2017,9,85,4.3,70,3.4,25,1.3,,,53,2.7,83,4.2,1.4
22,2017,10,80,4.1,70,3.4,29,1.5,,,55,2.8,89,4.5,1.4
22,2017,11,86,4.4,82,4,24,1.2,,,51,2.6,79,4,1.2
22,2017,12,79,4,76,3.7,36,1.8,,,51,2.6,91,4.6,1.3
22,2018,1,81,4.1,76,3.7,33,1.7,,,49,2.5,86,4.3,1.3
22,2018,2,87,4.4,74,3.6,27,1.4,,,51,2.6,82,4.1,1.3
22,2018,3,97,4.9,83,4,23,1.2,,,52,2.6,80,4,1.2
22,2018,4,85,4.3,83,4,27,1.4,,,54,2.7,85,4.3,1.2
22,2018,5,81,4.1,81,3.9,22,1.1,,,55,2.8,83,4.2,1.3
22,2018,6,78,3.9,91,4.4,24,1.2,,,49,2.5,77,3.9,1.1
22,2018,7,84,4.2,91,4.4,25,1.3,,,51,2.6,80,4,1.1
22,2018,8,86,4.3,85,4.1,25,1.3,,,55,2.8,83,4.2,1.2
22,2018,9,84,4.2,83,4,21,1.1,,,56,2.8,81,4.1,1.2
22,2018,10,82,4.1,87,4.2,22,1.1,,,55,2.8,81,4.1,1.2
22,2018,11,81,4.1,87,4.2,24,1.2,,,51,2.6,80,4,1.2
22,2018,12,89,4.5,90,4.3,27,1.4,,,54,2.7,86,4.3,1.1
22,2019,1,94,4.7,89,4.3,26,1.3,,,60,3,92,4.6,1.1
22,2019,2,94,4.7,85,4.1,24,1.2,,,64,3.2,94,4.7,1.1
22,2019,3,84,4.2,91,4.4,27,1.4,,,59,3,90,4.5,1
22,2019,4,90,4.5,92,4.4,29,1.5,,,56,2.8,92,4.6,1
22,2019,5,83,4.2,91,4.4,23,1.2,,,57,2.9,84,4.2,1
22,2019,6,90,4.5,91,4.4,31,1.6,,,59,3,94,4.7,1
22,2019,7,86,4.3,87,4.2,26,1.3,,,67,3.4,97,4.9,1.1
22,2019,8,89,4.5,101,4.8,28,1.4,,,55,2.8,87,4.4,1
22,2019,9,88,4.4,98,4.7,28,1.4,,,53,2.7,85,4.3,1
22,2019,10,88,4.4,97,4.6,27,1.4,,,54,2.7,85,4.3,1
22,2019,11,100,5,94,4.5,21,1.1,,,57,2.9,83,4.2,1.1
22,2019,12,83,4.2,86,4.1,31,1.6,,,65,3.3,100,5,1.2
22,2020,1,79,4,91,4.4,17,0.9,,,50,2.5,71,3.6,1.1
22,2020,2,81,4.1,98,4.7,29,1.5,,,55,2.8,88,4.4,1
22,2020,3,62,3.1,72,3.5,172,8.7,,,41,2.1,218,11.1,2
22,2020,4,48,2.8,62,3.5,96,5.6,,,34,2,135,7.9,4.3
22,2020,5,92,5.3,87,4.8,41,2.4,,,38,2.2,84,4.8,2.8
22,2020,6,91,5.1,84,4.5,32,1.8,,,42,2.4,85,4.8,2.7
22,2020,7,81,4.5,93,4.9,25,1.4,,,45,2.5,75,4.2,2.3
22,2020,8,84,4.6,98,5.1,22,1.2,,,50,2.8,75,4.1,1.9
22,2020,9,80,4.4,96,5,30,1.7,,,61,3.4,98,5.4,1.9
22,2020,10,96,5.2,105,5.4,16,0.9,,,49,2.7,70,3.8,1.6
22,2020,11,102,5.5,97,5,21,1.1,,,53,2.9,78,4.2,1.6
22,2020,12,84,4.5,93,4.8,17,0.9,,,54,2.9,76,4.1,1.6
22,2021,1,76,4.1,101,5.2,16,0.9,,,52,2.8,72,3.9,1.4
22,2021,2,78,4.2,108,5.5,21,1.1,,,51,2.8,77,4.2,1.3
22,2021,3,91,4.9,110,5.6,18,1,,,51,2.7,74,4,1.2
22,2021,4,85,4.5,113,5.7,21,1.1,,,53,2.8,78,4.2,1.2
22,2021,5,95,5.1,118,5.9,21,1.1,,,59,3.1,85,4.5,1.1
22,2021,6,90,4.8,134,6.6,18,1,,,61,3.2,84,4.5,0.9
22,2021,7,95,5,136,6.7,18,1,,,58,3.1,81,4.3,0.8
22,2021,8,89,4.7,139,6.8,18,1,,,57,3,80,4.2,0.8
22,2021,9,93,5,143,7.2,25,1.3,,,87,4.7,119,6.4,0.7
22,2021,10,128,6.7,175,8.4,17,0.9,,,72,3.8,94,5,0.5
22,2021,11,120,6.3,142,6.9,20,1,,,77,4,104,5.5,0.6
22,2021,12,100,5.2,154,7.5,20,1,,,70,3.7,95,5,0.5
22,2022,1,103,5.4,147,7.2,19,1,,,68,3.6,93,4.9,0.6
22,2022,2,95,5,149,7.2,18,0.9,,,58,3,83,4.3,0.5
22,2022,3,99,5.2,155,7.5,19,1,,,69,3.6,94,4.9,0.5
22,2022,4,92,4.8,158,7.6,19,1,,,64,3.3,87,4.5,0.5
22,2022,5,93,4.8,161,7.7,29,1.5,,,60,3.1,94,4.9,0.5
22,2022,6,92,4.8,153,7.4,22,1.1,,,61,3.2,88,4.6,0.5
22,2022,7,97,5,155,7.4,23,1.2,,,62,3.2,90,4.6,0.5
22,2022,8,101,5.2,135,6.5,24,1.2,,,63,3.2,93,4.8,0.6
22,2022,9,93,4.8,145,6.9,16,0.8,,,61,3.1,82,4.2,0.5
22,2022,10,96,4.9,154,7.4,20,1,,,68,3.5,92,4.7,0.5
22,2022,11,90,4.6,168,8,23,1.2,,,69,3.6,95,4.9,0.4
22,2022,12,105,5.4,178,8.4,23,1.2,,,67,3.4,97,5,0.4
22,2023,1,97,5,158,7.5,33,1.7,,,68,3.5,104,5.3,0.5
22,2023,2,98,5,149,7.1,20,1,,,68,3.5,92,4.7,0.5
22,2023,3,90,4.6,144,6.9,30,1.5,,,65,3.3,99,5.1,0.5
22,2023,4,90,4.6,145,6.9,27,1.4,,,61,3.1,92,4.7,0.5
22,2023,5,107,5.5,141,6.7,22,1.1,,,70,3.6,100,5.1,0.5
22,2023,6,113,5.8,141,6.7,26,1.3,,,61,3.1,93,4.7,0.5
22,2023,7,108,5.5,130,6.2,26,1.3,,,61,3.1,91,4.7,0.6
22,2023,8,105,5.4,142,6.8,24,1.2,,,67,3.4,95,4.8,0.5
22,2023,9,114,5.8,141,6.7,23,1.2,,,62,3.2,90,4.6,0.6
22,2023,10,86,4.4,127,6.1,24,1.2,,,55,2.8,85,4.3,0.6
22,2023,11,83,4.2,111,5.3,22,1.1,,,52,2.6,79,4,0.8
22,2023,12,88,4.5,139,6.6,23,1.2,,,52,2.6,80,4.1,0.6
22,2024,1,91,4.6,122,5.8,24,1.2,,,53,2.7,84,4.3,0.7
22,2024,2,87,4.4,123,5.9,23,1.2,,,51,2.6,78,4,0.7
22,2024,3,87,4.4,112,5.4,19,1,,,48,2.4,72,3.6,0.8
22,2024,4,88,4.4,115,5.5,22,1.1,,,53,2.7,78,3.9,0.7
22,2024,5,81,4.1,111,5.3,28,1.4,,,52,2.6,84,4.2,0.8
22,2024,6,71,3.6,93,4.5,27,1.4,,,58,2.9,89,4.5,0.9
22,2024,7,80,4,118,5.6,26,1.3,,,50,2.5,83,4.2,0.8
22,2024,8,70,3.5,105,5,29,1.5,,,37,1.9,71,3.6,0.9
22,2024,9,77,3.9,84,4.1,29,1.5,,,49,2.5,81,4.1,1.1
22,2024,10,87,4.4,107,5.1,29,1.5,,,54,2.7,87,4.4,0.9
22,2024,11,84,4.2,113,5.4,25,1.3,,,43,2.2,79,4,0.8
22,2024,12,74,3.7,97,4.6,25,1.3,,,46,2.3,75,3.8,0.9
22,2025,1,73,3.7,105,5,29,1.5,,,46,2.3,78,3.9,0.9
22,2025,2,75,3.7,106,5,21,1,,,48,2.4,74,3.7,0.8
22,2025,3,66,3.3,79,3.8,21,1.1,,,54,2.7,77,3.9,1.1
22,2025,4,75,3.8,104,4.9,23,1.2,,,41,2.1,69,3.5,0.9
22,2025,5,62,3.1,111,5.3,20,1,,,46,2.3,71,3.6,0.8
22,2025,6,92,4.6,108,5.1,18,0.9,,,44,2.2,66,3.3,0.8
22,2025,7,73,3.7,100,4.8,21,1.1,,,45,2.3,69,3.5,0.9
22,2025,8,81,4.1,98,4.7,21,1.1,,,46,2.3,71,3.6,0.9
22,2025,9,74,3.7,107,5.1,23,1.2,,,44,2.2,73,3.7,0.8
22,2025,10,72,3.6,107,5.1,23,1.2,,,50,2.5,76,3.8,
22,2025,11,77,3.9,109,5.2,20,1,,,52,2.6,75,3.8,0.8
22,2025,12,78,3.9,101,4.8,22,1.1,,,54,2.7,80,4,0.9
23,2012,1,23,3.9,20,3.2,8,1.3,,,10,1.7,21,3.5,2.6
23,2012,2,22,3.7,19,3.1,9,1.5,,,9,1.5,20,3.3,2.7
23,2012,3,19,3.2,19,3.1,9,1.5,,,12,2,23,3.8,2.7
23,2012,4,20,3.3,19,3.1,7,1.2,,,10,1.7,19,3.2,2.7
23,2012,5,18,3,17,2.8,8,1.3,,,8,1.3,18,3,3
23,2012,6,22,3.7,19,3.1,8,1.3,,,10,1.7,20,3.3,2.7
23,2012,7,19,3.2,17,2.8,9,1.5,,,9,1.5,23,3.8,3
23,2012,8,21,3.5,21,3.4,10,1.7,,,11,1.8,23,3.8,2.4
23,2012,9,21,3.5,19,3.1,8,1.3,,,8,1.3,18,3,2.7
23,2012,10,20,3.3,19,3.1,13,2.2,,,8,1.3,22,3.7,2.6
23,2012,11,21,3.5,17,2.8,9,1.5,,,8,1.3,18,3,2.9
23,2012,12,19,3.2,17,2.8,8,1.3,,,8,1.3,18,3,2.9
23,2013,1,19,3.2,20,3.2,9,1.5,,,13,2.2,24,4,2.5
23,2013,2,22,3.7,18,2.9,9,1.5,,,10,1.7,21,3.5,2.8
23,2013,3,22,3.7,18,2.9,15,2.5,,,8,1.3,24,4,2.7
23,2013,4,19,3.2,18,2.9,10,1.7,,,8,1.3,20,3.3,2.7
23,2013,5,22,3.7,19,3.1,12,2,,,10,1.7,23,3.8,2.5
23,2013,6,21,3.5,23,3.7,10,1.7,,,10,1.7,22,3.6,2.1
23,2013,7,20,3.3,17,2.7,10,1.7,,,9,1.5,20,3.3,2.8
23,2013,8,21,3.5,19,3.1,10,1.7,,,10,1.7,22,3.6,2.4
23,2013,9,20,3.3,21,3.4,13,2.2,,,11,1.8,25,4.1,2.2
23,2013,10,20,3.3,18,2.9,9,1.5,,,10,1.7,21,3.5,2.5
23,2013,11,18,3,21,3.4,9,1.5,,,10,1.7,21,3.5,2.1
23,2013,12,21,3.5,26,4.1,9,1.5,,,7,1.2,18,3,1.7
23,2014,1,23,3.8,16,2.6,9,1.5,,,10,1.7,21,3.5,2.7
23,2014,2,18,3,19,3.1,8,1.3,,,9,1.5,19,3.1,2.2
23,2014,3,19,3.1,19,3.1,9,1.5,,,15,2.5,26,4.3,2.2
23,2014,4,21,3.5,20,3.2,11,1.8,,,10,1.7,23,3.8,2
23,2014,5,20,3.3,22,3.5,20,3.3,,,10,1.7,32,5.3,1.8
23,2014,6,20,3.3,23,3.6,8,1.3,,,9,1.5,19,3.1,1.7
23,2014,7,20,3.3,23,3.7,10,1.7,,,10,1.7,22,3.6,1.7
23,2014,8,20,3.3,22,3.5,8,1.3,,,9,1.5,19,3.1,1.7
23,2014,9,25,4.1,19,3,8,1.3,,,11,1.8,21,3.5,2
23,2014,10,21,3.5,23,3.6,9,1.5,,,11,1.8,22,3.6,1.6
23,2014,11,22,3.6,21,3.3,8,1.3,,,11,1.8,20,3.3,1.7
23,2014,12,23,3.8,27,4.2,10,1.6,,,11,1.8,23,3.8,1.3
23,2015,1,20,3.3,18,2.9,10,1.6,,,10,1.6,21,3.5,1.9
23,2015,2,25,4.1,25,4,10,1.6,,,11,1.8,23,3.8,1.3
23,2015,3,25,4.1,24,3.8,8,1.3,,,11,1.8,21,3.5,1.4
23,2015,4,22,3.6,23,3.6,6,1,,,10,1.6,18,3,1.4
23,2015,5,23,3.8,26,4.1,7,1.1,,,11,1.8,20,3.3,1.2
23,2015,6,22,3.6,24,3.8,9,1.5,,,11,1.8,22,3.6,1.3
23,2015,7,24,3.9,26,4.1,6,1,,,12,2,20,3.3,1.1
23,2015,8,24,3.9,24,3.8,11,1.8,,,13,2.1,26,4.2,1.2
23,2015,9,22,3.6,24,3.8,10,1.6,,,11,1.8,23,3.8,1.2
23,2015,10,23,3.8,24,3.8,9,1.5,,,11,1.8,22,3.6,1.2
23,2015,11,26,4.2,26,4.1,10,1.6,,,11,1.8,23,3.8,1.1
23,2015,12,26,4.2,26,4.1,11,1.8,,,11,1.8,24,3.9,1.1
23,2016,1,25,4.1,29,4.5,8,1.3,,,11,1.8,22,3.6,1
23,2016,2,26,4.2,27,4.2,10,1.6,,,13,2.1,25,4.1,1
23,2016,3,24,3.9,26,4,10,1.6,,,12,1.9,24,3.9,1
23,2016,4,27,4.4,36,5.5,11,1.8,,,15,2.4,28,4.5,0.7
23,2016,5,23,3.7,27,4.2,7,1.1,,,11,1.8,20,3.2,1
23,2016,6,22,3.6,28,4.3,8,1.3,,,12,1.9,22,3.6,0.9
23,2016,7,22,3.5,27,4.2,9,1.5,,,12,1.9,22,3.5,1
23,2016,8,27,4.4,27,4.2,8,1.3,,,14,2.3,25,4,1
23,2016,9,24,3.9,27,4.2,8,1.3,,,12,1.9,23,3.7,1
23,2016,10,25,4,27,4.2,7,1.1,,,13,2.1,22,3.6,1
23,2016,11,24,3.9,28,4.3,8,1.3,,,15,2.4,25,4,0.9
23,2016,12,25,4,27,4.2,9,1.5,,,12,1.9,23,3.7,0.9
23,2017,1,24,3.9,24,3.7,9,1.4,,,12,1.9,23,3.7,1
23,2017,2,24,3.9,29,4.5,13,2.1,,,13,2.1,28,4.5,0.8
23,2017,3,26,4.2,28,4.3,8,1.3,,,12,1.9,22,3.5,0.9
23,2017,4,24,3.9,32,4.9,10,1.6,,,12,1.9,24,3.9,0.8
23,2017,5,26,4.2,28,4.3,10,1.6,,,12,1.9,24,3.9,0.9
23,2017,6,24,3.8,28,4.3,11,1.8,,,12,1.9,24,3.8,0.9
23,2017,7,23,3.7,28,4.3,10,1.6,,,13,2.1,24,3.8,0.9
23,2017,8,21,3.4,28,4.3,10,1.6,,,11,1.8,23,3.7,0.9
23,2017,9,23,3.7,27,4.1,10,1.6,,,11,1.8,23,3.7,0.9
23,2017,10,24,3.8,27,4.1,8,1.3,,,12,1.9,22,3.5,0.9
23,2017,11,31,4.9,28,4.3,14,2.2,,,12,1.9,28,4.5,0.8
23,2017,12,22,3.5,30,4.6,8,1.3,,,13,2.1,22,3.5,0.7
23,2018,1,26,4.1,37,5.6,11,1.8,,,13,2.1,26,4.1,0.6
23,2018,2,24,3.8,28,4.3,7,1.1,,,12,1.9,21,3.3,0.7
23,2018,3,23,3.7,32,4.8,9,1.4,,,13,2.1,24,3.8,0.7
23,2018,4,29,4.6,43,6.4,7,1.1,,,15,2.4,24,3.8,0.5
23,2018,5,25,4,32,4.8,8,1.3,,,13,2.1,23,3.6,0.7
23,2018,6,31,4.9,33,5,19,3,,,12,1.9,33,5.2,0.7
23,2018,7,27,4.3,34,5.1,19,3,,,12,1.9,34,5.4,0.7
23,2018,8,26,4.1,30,4.6,11,1.7,,,12,1.9,25,4,0.8
23,2018,9,25,4,33,5,9,1.4,,,12,1.9,23,3.6,0.7
23,2018,10,25,3.9,33,5,10,1.6,,,11,1.7,22,3.5,0.7
23,2018,11,25,3.9,33,4.9,8,1.3,,,13,2.1,23,3.6,0.7
23,2018,12,23,3.6,31,4.7,9,1.4,,,13,2,23,3.6,0.7
23,2019,1,25,3.9,33,4.9,9,1.4,,,11,1.7,21,3.3,0.7
23,2019,2,25,3.9,31,4.7,9,1.4,,,11,1.7,22,3.5,0.7
23,2019,3,24,3.8,31,4.7,9,1.4,,,15,2.4,26,4.1,0.6
23,2019,4,24,3.8,30,4.5,9,1.4,,,11,1.7,21,3.3,0.6
23,2019,5,27,4.2,33,4.9,9,1.4,,,12,1.9,23,3.6,0.6
23,2019,6,27,4.2,32,4.8,10,1.6,,,15,2.4,27,4.2,0.6
23,2019,7,25,3.9,28,4.2,7,1.1,,,12,1.9,21,3.3,0.7
23,2019,8,26,4.1,31,4.6,8,1.3,,,12,1.9,21,3.3,0.6
23,2019,9,26,4.1,32,4.8,8,1.3,,,13,2,23,3.6,0.6
23,2019,10,25,3.9,32,4.8,11,1.7,,,15,2.4,28,4.4,0.7
23,2019,11,24,3.8,29,4.4,10,1.6,,,13,2,25,3.9,0.7
23,2019,12,26,4.1,31,4.6,8,1.3,,,11,1.7,21,3.3,0.7
23,2020,1,25,3.9,32,4.8,8,1.3,,,13,2,23,3.6,0.7
23,2020,2,28,4.4,32,4.8,8,1.3,,,15,2.4,24,3.8,0.7
23,2020,3,22,3.5,25,3.8,54,8.5,,,10,1.6,65,10.2,0.9
23,2020,4,15,2.8,22,3.9,39,7.2,,,6,1.1,46,8.5,2.8
23,2020,5,33,5.9,22,3.8,12,2.2,,,6,1.1,20,3.6,2.9
23,2020,6,29,5.1,23,3.9,11,1.9,,,10,1.8,22,3.9,1.9
23,2020,7,25,4.3,23,3.8,9,1.6,,,11,1.9,22,3.8,1.8
23,2020,8,27,4.6,26,4.3,6,1,,,12,2.1,19,3.2,1.1
23,2020,9,27,4.5,33,5.2,6,1,,,9,1.5,17,2.8,0.8
23,2020,10,27,4.4,29,4.6,8,1.3,,,11,1.8,21,3.5,0.9
23,2020,11,24,3.9,28,4.4,8,1.3,,,12,2,21,3.4,0.9
23,2020,12,23,3.8,28,4.4,9,1.5,,,12,2,22,3.6,1
23,2021,1,26,4.2,33,5.1,8,1.3,,,14,2.3,24,3.9,0.9
23,2021,2,26,4.2,34,5.2,8,1.3,,,13,2.1,22,3.6,1
23,2021,3,28,4.5,38,5.8,6,1,,,16,2.6,23,3.7,0.9
23,2021,4,27,4.3,43,6.5,7,1.1,,,14,2.3,22,3.5,0.8
23,2021,5,22,3.5,44,6.6,6,1,,,15,2.4,23,3.7,0.8
23,2021,6,23,3.7,44,6.6,6,1,,,16,2.6,24,3.9,0.8
23,2021,7,26,4.2,53,7.8,7,1.1,,,16,2.6,25,4,0.6
23,2021,8,26,4.2,50,7.4,7,1.1,,,16,2.6,24,3.8,0.6
23,2021,9,29,4.7,44,6.6,6,1,,,18,2.9,25,4,0.7
23,2021,10,26,4.1,39,5.9,6,1,,,16,2.6,24,3.8,0.8
23,2021,11,29,4.6,47,7,7,1.1,,,22,3.5,30,4.8,0.6
23,2021,12,30,4.8,49,7.2,5,0.8,,,19,3,26,4.1,0.5
23,2022,1,28,4.5,44,6.5,6,1,,,16,2.5,25,4,0.6
23,2022,2,29,4.6,48,7.1,5,0.8,,,17,2.7,24,3.8,0.5
23,2022,3,27,4.2,51,7.4,5,0.8,,,15,2.4,22,3.5,0.4
23,2022,4,27,4.2,49,7.1,6,0.9,,,17,2.7,23,3.6,0.4
23,2022,5,25,3.9,48,7,6,0.9,,,15,2.4,22,3.5,0.4
23,2022,6,26,4.1,50,7.3,8,1.3,,,19,3,29,4.6,0.4
23,2022,7,27,4.2,49,7.1,5,0.8,,,17,2.7,23,3.6,0.4
23,2022,8,25,3.9,42,6.2,7,1.1,,,15,2.3,24,3.7,0.4
23,2022,9,25,3.9,46,6.7,6,0.9,,,17,2.7,24,3.7,0.4
23,2022,10,24,3.7,42,6.2,7,1.1,,,16,2.5,24,3.7,0.4
23,2022,11,28,4.4,44,6.4,5,0.8,,,15,2.3,22,3.4,0.4
23,2022,12,28,4.4,44,6.4,7,1.1,,,17,2.6,26,4,0.4
23,2023,1,25,3.9,39,5.7,9,1.4,,,14,2.2,25,3.9,0.4
23,2023,2,26,4,46,6.6,6,0.9,,,16,2.5,25,3.9,0.4
23,2023,3,27,4.2,47,6.8,10,1.5,,,16,2.5,27,4.2,0.4
23,2023,4,33,5.1,51,7.3,7,1.1,,,18,2.8,27,4.2,0.3
23,2023,5,26,4,39,5.7,6,0.9,,,18,2.8,26,4,0.5
23,2023,6,26,4,37,5.4,6,0.9,,,13,2,20,3.1,0.5
23,2023,7,23,3.5,44,6.3,7,1.1,,,14,2.1,22,3.4,0.4
23,2023,8,26,4,41,5.9,6,0.9,,,8,1.2,16,2.4,0.5
23,2023,9,25,3.8,43,6.2,6,0.9,,,15,2.3,23,3.5,0.4
23,2023,10,28,4.3,49,7,17,2.6,,,18,2.8,37,5.7,0.4
23,2023,11,23,3.5,41,5.9,8,1.2,,,18,2.8,28,4.3,0.5
23,2023,12,24,3.7,42,6,8,1.2,,,15,2.3,25,3.8,0.5
23,2024,1,24,3.7,42,6,7,1.1,,,14,2.1,22,3.4,0.5
23,2024,2,28,4.3,35,5.1,9,1.4,,,14,2.1,25,3.8,0.6
23,2024,3,24,3.7,37,5.3,8,1.2,,,14,2.1,24,3.7,0.5
23,2024,4,23,3.5,35,5.1,8,1.2,,,14,2.1,24,3.7,0.6
23,2024,5,26,3.9,41,5.9,8,1.2,,,15,2.3,25,3.8,0.5
23,2024,6,25,3.8,34,4.9,6,0.9,,,13,2,21,3.2,0.6
23,2024,7,24,3.6,33,4.8,9,1.4,,,12,1.8,22,3.3,0.6
23,2024,8,26,3.9,35,5,7,1.1,,,14,2.1,23,3.5,0.6
23,2024,9,21,3.2,31,4.5,8,1.2,,,14,2.1,22,3.3,0.7
23,2024,10,24,3.6,31,4.5,6,0.9,,,9,1.4,16,2.4,0.7
23,2024,11,22,3.3,31,4.5,7,1.1,,,8,1.2,16,2.4,0.7
23,2024,12,16,2.4,27,3.9,8,1.2,,,12,1.8,21,3.2,0.9
23,2025,1,24,3.6,32,4.6,8,1.2,,,13,2,22,3.3,0.7
23,2025,2,22,3.3,32,4.6,11,1.7,,,13,2,25,3.8,0.7
23,2025,3,24,3.6,30,4.3,7,1.1,,,14,2.1,22,3.3,0.8
23,2025,4,21,3.2,31,4.5,6,0.9,,,11,1.7,18,2.7,0.8
23,2025,5,27,4.1,36,5.2,9,1.4,,,11,1.7,22,3.3,0.7
23,2025,6,24,3.6,36,5.2,9,1.4,,,13,2,24,3.6,0.7
23,2025,7,21,3.2,32,4.6,8,1.2,,,10,1.5,19,2.9,0.7
23,2025,8,24,3.6,32,4.6,10,1.5,,,12,1.8,22,3.3,0.7
23,2025,9,28,4.2,33,4.8,8,1.2,,,11,1.7,20,3,0.7
23,2025,10,24,3.7,33,4.8,8,1.2,,,10,1.5,19,2.9,
23,2025,11,24,3.6,31,4.5,7,1.1,,,10,1.5,18,2.7,0.8
23,2025,12,20,3,28,4.1,7,1.1,,,13,2,21,3.2,0.8
24,2012,1,100,3.9,86,3.2,32,1.2,,,36,1.4,75,2.9,2.5
24,2012,2,82,3.2,77,2.9,33,1.3,,,36,1.4,74,2.9,2.8
24,2012,3,83,3.2,85,3.2,38,1.5,,,41,1.6,83,3.2,2.5
24,2012,4,65,2.5,75,2.8,49,1.9,,,38,1.5,93,3.6,2.9
24,2012,5,72,2.8,74,2.8,32,1.2,,,34,1.3,70,2.7,2.9
24,2012,6,70,2.7,74,2.8,33,1.3,,,37,1.4,79,3.1,2.9
24,2012,7,67,2.6,70,2.6,25,1,,,35,1.4,65,2.5,3.1
24,2012,8,80,3.1,72,2.7,28,1.1,,,40,1.6,75,2.9,3
24,2012,9,80,3.1,78,2.9,25,1,,,35,1.4,67,2.6,2.7
24,2012,10,86,3.3,82,3.1,26,1,,,42,1.6,73,2.8,2.6
24,2012,11,82,3.2,80,3,29,1.1,,,39,1.5,78,3,2.7
24,2012,12,76,2.9,73,2.7,33,1.3,,,43,1.7,84,3.2,2.9
24,2013,1,78,3,88,3.3,27,1,,,39,1.5,74,2.8,2.5
24,2013,2,94,3.6,79,3,30,1.2,,,50,1.9,86,3.3,2.7
24,2013,3,72,2.8,78,2.9,25,1,,,35,1.3,67,2.6,2.8
24,2013,4,74,2.8,85,3.2,31,1.2,,,44,1.7,79,3,2.5
24,2013,5,75,2.9,85,3.2,32,1.2,,,40,1.5,84,3.2,2.5
24,2013,6,81,3.1,73,2.7,29,1.1,,,35,1.3,70,2.7,2.9
24,2013,7,83,3.2,70,2.6,29,1.1,,,43,1.7,77,3,3
24,2013,8,74,2.8,79,2.9,32,1.2,,,35,1.3,73,2.8,2.6
24,2013,9,80,3.1,71,2.7,33,1.3,,,40,1.5,77,3,2.8
24,2013,10,79,3,77,2.9,36,1.4,,,37,1.4,82,3.1,2.6
24,2013,11,85,3.3,76,2.8,29,1.1,,,33,1.3,68,2.6,2.6
24,2013,12,85,3.3,79,2.9,25,1,,,54,2.1,85,3.3,2.4
24,2014,1,79,3,65,2.4,29,1.1,,,38,1.5,74,2.8,2.9
24,2014,2,84,3.2,81,3,24,0.9,,,43,1.6,72,2.8,2.3
24,2014,3,84,3.2,89,3.3,38,1.5,,,46,1.8,93,3.6,2.1
24,2014,4,75,2.9,85,3.1,28,1.1,,,44,1.7,81,3.1,2.2
24,2014,5,79,3,93,3.4,23,0.9,,,40,1.5,70,2.7,2
24,2014,6,89,3.4,104,3.8,25,1,,,44,1.7,76,2.9,1.8
24,2014,7,88,3.4,99,3.6,35,1.3,,,42,1.6,85,3.2,1.8
24,2014,8,83,3.2,128,4.6,25,1,,,44,1.7,76,2.9,1.4
24,2014,9,80,3,86,3.2,24,0.9,,,53,2,86,3.3,2.1
24,2014,10,79,3,96,3.5,36,1.4,,,43,1.6,85,3.2,1.8
24,2014,11,76,2.9,87,3.2,24,0.9,,,41,1.6,71,2.7,2
24,2014,12,87,3.3,111,4,28,1.1,,,41,1.6,76,2.9,1.5
24,2015,1,78,3,105,3.8,29,1.1,,,44,1.7,78,3,1.6
24,2015,2,82,3.1,113,4.1,28,1.1,,,40,1.5,78,2.9,1.5
24,2015,3,80,3,106,3.9,29,1.1,,,36,1.4,72,2.7,1.6
24,2015,4,96,3.6,112,4.1,25,0.9,,,42,1.6,73,2.8,1.5
24,2015,5,99,3.7,118,4.2,20,0.8,,,48,1.8,76,2.9,1.4
24,2015,6,82,3.1,112,4,29,1.1,,,45,1.7,84,3.2,1.4
24,2015,7,88,3.3,117,4.2,24,0.9,,,44,1.6,76,2.8,1.4
24,2015,8,81,3,112,4,27,1,,,48,1.8,85,3.2,1.4
24,2015,9,88,3.3,110,4,27,1,,,45,1.7,79,3,1.4
24,2015,10,82,3.1,122,4.4,28,1,,,42,1.6,80,3,1.2
24,2015,11,94,3.5,117,4.2,25,0.9,,,48,1.8,85,3.2,1.3
24,2015,12,89,3.3,110,3.9,27,1,,,57,2.1,89,3.3,1.3
24,2016,1,87,3.2,115,4.1,24,0.9,,,47,1.8,78,2.9,1.2
24,2016,2,79,2.9,122,4.4,32,1.2,,,49,1.8,89,3.3,1.1
24,2016,3,103,3.8,122,4.3,25,0.9,,,44,1.6,75,2.8,1.1
24,2016,4,85,3.2,113,4,29,1.1,,,59,2.2,94,3.5,1.2
24,2016,5,93,3.5,100,3.6,26,1,,,61,2.3,94,3.5,1.3
24,2016,6,78,2.9,100,3.6,21,0.8,,,60,2.2,88,3.3,1.3
24,2016,7,81,3,111,4,22,0.8,,,51,1.9,82,3,1.2
24,2016,8,93,3.4,118,4.2,25,0.9,,,57,2.1,90,3.3,1.1
24,2016,9,89,3.3,112,4,39,1.4,,,47,1.7,93,3.4,1.2
24,2016,10,87,3.2,115,4.1,25,0.9,,,55,2,86,3.2,1.2
24,2016,11,103,3.8,112,4,22,0.8,,,48,1.8,76,2.8,1.2
24,2016,12,93,3.4,107,3.8,22,0.8,,,43,1.6,72,2.7,1.3
24,2017,1,93,3.4,93,3.3,30,1.1,,,51,1.9,92,3.4,1.4
24,2017,2,86,3.2,111,3.9,27,1,,,54,2,88,3.2,1.2
24,2017,3,91,3.3,115,4.1,36,1.3,,,54,2,95,3.5,1.1
24,2017,4,85,3.1,121,4.3,32,1.2,,,50,1.8,86,3.2,1.1
24,2017,5,85,3.1,118,4.2,39,1.4,,,53,1.9,97,3.6,1.1
24,2017,6,92,3.4,128,4.5,41,1.5,,,44,1.6,91,3.3,1
24,2017,7,99,3.6,123,4.3,42,1.5,,,62,2.3,110,4,1.1
24,2017,8,95,3.5,116,4.1,40,1.5,,,59,2.2,104,3.8,1.1
24,2017,9,98,3.6,115,4,25,0.9,,,56,2.1,86,3.2,1.2
24,2017,10,102,3.7,107,3.8,26,1,,,59,2.2,92,3.4,1.2
24,2017,11,96,3.5,112,3.9,42,1.5,,,55,2,105,3.8,1.2
24,2017,12,93,3.4,124,4.3,45,1.6,,,57,2.1,108,4,1.1
24,2018,1,91,3.3,127,4.4,44,1.6,,,45,1.6,94,3.4,1
24,2018,2,109,4,114,4,38,1.4,,,54,2,97,3.5,1.2
24,2018,3,93,3.4,122,4.3,35,1.3,,,57,2.1,100,3.6,1.1
24,2018,4,105,3.8,125,4.4,35,1.3,,,49,1.8,97,3.5,1
24,2018,5,97,3.5,134,4.6,43,1.6,,,49,1.8,97,3.5,0.9
24,2018,6,96,3.5,134,4.6,44,1.6,,,51,1.9,101,3.7,0.9
24,2018,7,86,3.1,140,4.8,44,1.6,,,51,1.9,99,3.6,0.9
24,2018,8,83,3,145,5,28,1,,,53,1.9,86,3.1,0.8
24,2018,9,99,3.6,148,5.1,30,1.1,,,56,2,91,3.3,0.8
24,2018,10,118,4.3,139,4.8,31,1.1,,,61,2.2,96,3.5,0.9
24,2018,11,94,3.4,149,5.1,27,1,,,74,2.7,104,3.8,0.8
24,2018,12,76,2.8,141,4.9,51,1.8,,,54,2,118,4.3,0.9
24,2019,1,106,3.8,143,4.9,29,1,,,66,2.4,102,3.7,0.8
24,2019,2,100,3.6,137,4.7,40,1.4,,,73,2.6,120,4.3,0.9
24,2019,3,98,3.5,150,5.1,43,1.5,,,65,2.3,114,4.1,0.8
24,2019,4,100,3.6,136,4.7,32,1.2,,,64,2.3,109,3.9,0.8
24,2019,5,96,3.5,135,4.6,26,0.9,,,62,2.2,94,3.4,0.8
24,2019,6,108,3.9,137,4.7,27,1,,,73,2.6,104,3.7,0.8
24,2019,7,118,4.3,135,4.6,22,0.8,,,60,2.2,88,3.2,0.8
24,2019,8,109,3.9,138,4.7,34,1.2,,,59,2.1,106,3.8,0.8
24,2019,9,106,3.8,142,4.9,41,1.5,,,63,2.3,114,4.1,0.8
24,2019,10,107,3.9,157,5.3,37,1.3,,,58,2.1,102,3.7,0.7
24,2019,11,113,4.1,132,4.5,30,1.1,,,64,2.3,100,3.6,0.8
24,2019,12,106,3.8,144,4.9,28,1,,,64,2.3,97,3.5,0.8
24,2020,1,108,3.9,155,5.3,36,1.3,,,68,2.4,110,3.9,0.7
24,2020,2,108,3.9,151,5.1,23,0.8,,,56,2,83,3,0.8
24,2020,3,86,3.1,131,4.5,232,8.4,,,51,1.8,289,10.4,0.9
24,2020,4,67,2.8,93,3.7,160,6.7,,,37,1.5,202,8.4,3.1
24,2020,5,132,5.4,114,4.5,30,1.2,,,45,1.9,82,3.4,2.5
24,2020,6,93,3.7,140,5.3,29,1.2,,,46,1.9,81,3.3,1.8
24,2020,7,106,4.2,152,5.6,23,0.9,,,52,2,81,3.2,1.7
24,2020,8,98,3.8,144,5.3,24,0.9,,,45,1.8,74,2.9,1.6
24,2020,9,71,2.7,144,5.3,19,0.7,,,42,1.6,65,2.5,1.6
24,2020,10,97,3.7,150,5.4,18,0.7,,,53,2,78,3,1.4
24,2020,11,127,4.9,144,5.2,24,0.9,,,51,2,81,3.1,1.5
24,2020,12,85,3.3,134,4.9,21,0.8,,,46,1.8,72,2.8,1.6
24,2021,1,80,3.1,153,5.5,22,0.8,,,48,1.8,74,2.8,1.3
24,2021,2,83,3.2,171,6.1,18,0.7,,,46,1.8,80,3.1,1.2
24,2021,3,86,3.3,202,7.1,19,0.7,,,42,1.6,65,2.5,1
24,2021,4,86,3.3,208,7.3,19,0.7,,,58,2.2,82,3.1,0.9
24,2021,5,103,3.9,215,7.5,23,0.9,,,57,2.2,87,3.3,0.8
24,2021,6,105,4,194,6.8,28,1.1,,,61,2.3,95,3.6,0.9
24,2021,7,105,3.9,208,7.2,21,0.8,,,65,2.4,91,3.4,0.8
24,2021,8,98,3.7,212,7.3,24,0.9,,,61,2.3,89,3.3,0.8
24,2021,9,103,3.8,211,7.3,28,1,,,62,2.3,96,3.6,0.7
24,2021,10,95,3.5,221,7.6,21,0.8,,,62,2.3,89,3.3,0.6
24,2021,11,100,3.7,217,7.4,25,0.9,,,64,2.4,95,3.5,0.6
24,2021,12,103,3.8,214,7.3,26,1,,,68,2.5,98,3.6,0.5
24,2022,1,108,4,219,7.5,21,0.8,,,80,3,109,4,0.5
24,2022,2,128,4.7,224,7.6,51,1.9,,,67,2.5,126,4.6,0.5
24,2022,3,117,4.3,252,8.5,29,1.1,,,78,2.9,115,4.2,0.4
24,2022,4,125,4.6,229,7.7,28,1,,,75,2.8,110,4,0.4
24,2022,5,110,4,212,7.2,24,0.9,,,72,2.6,102,3.7,0.5
24,2022,6,125,4.6,208,7.1,21,0.8,,,81,3,112,4.1,0.5
24,2022,7,119,4.3,209,7.1,29,1.1,,,61,2.2,95,3.5,0.5
24,2022,8,109,4,186,6.4,34,1.2,,,79,2.9,122,4.4,0.5
24,2022,9,103,3.7,208,7,20,0.7,,,72,2.6,97,3.5,0.4
24,2022,10,124,4.5,195,6.6,44,1.6,,,81,3,130,4.7,0.5
24,2022,11,118,4.3,207,7,30,1.1,,,85,3.1,122,4.4,0.4
24,2022,12,115,4.2,214,7.2,43,1.6,,,76,2.8,125,4.6,0.4
24,2023,1,140,5.1,241,8.1,31,1.1,,,68,2.5,106,3.9,0.3
24,2023,2,109,4,202,6.8,29,1.1,,,86,3.1,123,4.5,0.4
24,2023,3,119,4.3,201,6.8,35,1.3,,,80,2.9,121,4.4,0.3
24,2023,4,114,4.1,196,6.6,31,1.1,,,73,2.6,112,4,0.3
24,2023,5,124,4.5,194,6.5,30,1.1,,,83,3,119,4.3,0.3
24,2023,6,107,3.8,186,6.3,27,1,,,64,2.3,98,3.5,0.3
24,2023,7,110,3.9,169,5.7,36,1.3,,,56,2,100,3.6,0.4
24,2023,8,108,3.9,178,6,26,0.9,,,70,2.5,103,3.7,0.4
24,2023,9,109,3.9,176,5.9,34,1.2,,,72,2.6,112,4,0.4
24,2023,10,91,3.3,170,5.7,34,1.2,,,65,2.3,104,3.7,0.5
24,2023,11,119,4.3,179,6,26,0.9,,,54,1.9,86,3.1,0.5
24,2023,12,130,4.6,166,5.6,19,0.7,,,59,2.1,84,3,0.5
24,2024,1,100,3.5,169,5.6,55,1.9,,,54,1.9,115,4.1,0.5
24,2024,2,96,3.4,176,5.9,28,1,,,56,2,88,3.1,0.5
24,2024,3,95,3.4,159,5.3,26,0.9,,,54,1.9,87,3.1,0.6
24,2024,4,120,4.2,167,5.6,27,1,,,59,2.1,92,3.2,0.6
24,2024,5,96,3.4,135,4.5,26,0.9,,,60,2.1,92,3.2,0.7
24,2024,6,91,3.2,146,4.9,19,0.7,,,54,1.9,79,2.8,0.7
24,2024,7,95,3.3,156,5.2,27,1,,,68,2.4,101,3.6,0.7
24,2024,8,96,3.4,163,5.4,32,1.1,,,53,1.9,90,3.2,0.7
24,2024,9,96,3.4,126,4.2,27,0.9,,,55,1.9,88,3.1,0.9
24,2024,10,114,4,164,5.4,27,0.9,,,48,1.7,82,2.9,0.7
24,2024,11,81,2.8,136,4.6,28,1,,,53,1.9,86,3,0.8
24,2024,12,87,3.1,130,4.4,33,1.2,,,66,2.3,105,3.7,0.9
24,2025,1,87,3.1,125,4.2,25,0.9,,,49,1.7,79,2.8,0.9
24,2025,2,84,3,119,4,25,0.9,,,49,1.7,80,2.8,1
24,2025,3,90,3.2,121,4.1,24,0.8,,,55,1.9,91,3.2,1
24,2025,4,79,2.8,119,4,34,1.2,,,47,1.7,91,3.2,1
24,2025,5,78,2.8,139,4.7,23,0.8,,,48,1.7,84,3,0.9
24,2025,6,85,3,129,4.4,22,0.8,,,49,1.7,80,2.8,1
24,2025,7,84,3,132,4.5,28,1,,,52,1.8,84,3,1
24,2025,8,87,3.1,122,4.2,26,0.9,,,52,1.8,86,3.1,1.1
24,2025,9,85,3,132,4.5,23,0.8,,,59,2.1,90,3.2,1.1
24,2025,10,79,2.8,144,4.9,25,0.9,,,44,1.6,72,2.6,
24,2025,11,74,2.7,133,4.6,27,1,,,59,2.1,96,3.4,1
24,2025,12,89,3.2,127,4.4,24,0.9,,,53,1.9,87,3.1,1.1
25,2012,1,89,2.7,87,2.6,24,0.7,,,47,1.4,76,2.3,2.7
25,2012,2,110,3.3,87,2.6,35,1.1,,,52,1.6,92,2.8,2.7
25,2012,3,98,3,89,2.6,25,0.8,,,42,1.3,73,2.2,2.6
25,2012,4,61,1.9,82,2.4,33,1,,,39,1.2,78,2.4,2.9
25,2012,5,94,2.8,86,2.5,34,1,,,36,1.1,76,2.3,2.7
25,2012,6,103,3.1,88,2.6,33,1,,,39,1.2,78,2.4,2.7
25,2012,7,84,2.5,83,2.4,35,1.1,,,42,1.3,88,2.7,2.8
25,2012,8,76,2.3,90,2.6,31,0.9,,,36,1.1,75,2.3,2.6
25,2012,9,87,2.6,82,2.4,29,0.9,,,36,1.1,73,2.2,2.9
25,2012,10,75,2.3,89,2.6,35,1.1,,,36,1.1,75,2.3,2.7
25,2012,11,101,3,92,2.7,31,0.9,,,35,1.1,72,2.2,2.6
25,2012,12,76,2.3,90,2.6,26,0.8,,,37,1.1,69,2.1,2.6
25,2013,1,79,2.4,99,2.9,41,1.2,,,44,1.3,94,2.8,2.4
25,2013,2,108,3.2,90,2.6,37,1.1,,,36,1.1,81,2.4,2.7
25,2013,3,87,2.6,104,3,51,1.5,,,40,1.2,102,3,2.3
25,2013,4,106,3.2,93,2.7,42,1.3,,,41,1.2,91,2.7,2.6
25,2013,5,96,2.9,95,2.7,33,1,,,43,1.3,91,2.7,2.5
25,2013,6,83,2.5,107,3.1,39,1.2,,,33,1,80,2.4,2.2
25,2013,7,95,2.8,90,2.6,39,1.2,,,40,1.2,86,2.6,2.6
25,2013,8,100,3,104,3,57,1.7,,,36,1.1,100,3,2.3
25,2013,9,93,2.8,112,3.2,43,1.3,,,45,1.3,96,2.8,2.1
25,2013,10,93,2.8,101,2.9,23,0.7,,,48,1.4,79,2.3,2.3
25,2013,11,111,3.3,105,3,34,1,,,47,1.4,97,2.9,2.2
25,2013,12,103,3,104,3,61,1.8,,,37,1.1,106,3.1,2.1
25,2014,1,96,2.8,98,2.8,36,1.1,,,43,1.3,85,2.5,2.2
25,2014,2,96,2.8,110,3.1,34,1,,,50,1.5,91,2.7,2
25,2014,3,92,2.7,109,3.1,37,1.1,,,50,1.5,93,2.7,2
25,2014,4,133,3.9,117,3.3,30,0.9,,,50,1.5,87,2.5,1.8
25,2014,5,96,2.8,128,3.6,41,1.2,,,49,1.4,97,2.8,1.6
25,2014,6,101,2.9,131,3.7,37,1.1,,,60,1.8,106,3.1,1.6
25,2014,7,96,2.8,117,3.3,34,1,,,50,1.5,88,2.6,1.8
25,2014,8,90,2.6,146,4.1,38,1.1,,,51,1.5,98,2.9,1.4
25,2014,9,127,3.7,125,3.5,41,1.2,,,60,1.7,107,3.1,1.6
25,2014,10,94,2.7,138,3.8,36,1,,,46,1.3,89,2.6,1.4
25,2014,11,91,2.6,132,3.7,36,1,,,59,1.7,103,3,1.5
25,2014,12,102,2.9,139,3.8,70,2,,,61,1.8,137,3.9,1.4
25,2015,1,90,2.6,142,3.9,29,0.8,,,53,1.5,89,2.6,1.3
25,2015,2,102,2.9,144,4,38,1.1,,,49,1.4,94,2.7,1.3
25,2015,3,134,3.9,136,3.8,21,0.6,,,48,1.4,75,2.2,1.3
25,2015,4,76,2.2,174,4.8,26,0.7,,,44,1.3,80,2.3,1
25,2015,5,98,2.8,151,4.1,33,0.9,,,51,1.5,89,2.5,1.2
25,2015,6,84,2.4,124,3.4,32,0.9,,,53,1.5,91,2.6,1.4
25,2015,7,88,2.5,142,3.9,27,0.8,,,51,1.5,85,2.4,1.2
25,2015,8,99,2.8,139,3.8,33,0.9,,,59,1.7,97,2.8,1.2
25,2015,9,104,3,144,3.9,28,0.8,,,47,1.3,78,2.2,1.2
25,2015,10,104,3,151,4.1,34,1,,,45,1.3,92,2.6,1.1
25,2015,11,94,2.7,158,4.3,35,1,,,44,1.2,84,2.4,1
25,2015,12,129,3.7,157,4.3,33,0.9,,,58,1.6,102,2.9,1
25,2016,1,102,2.9,145,3.9,36,1,,,45,1.3,90,2.5,1.1
25,2016,2,97,2.7,136,3.7,38,1.1,,,57,1.6,100,2.8,1.1
25,2016,3,106,3,139,3.8,37,1,,,53,1.5,102,2.9,1.1
25,2016,4,108,3,136,3.7,46,1.3,,,46,1.3,96,2.7,1.1
25,2016,5,105,3,143,3.9,31,0.9,,,46,1.3,85,2.4,1
25,2016,6,118,3.3,142,3.8,52,1.5,,,56,1.6,114,3.2,1
25,2016,7,114,3.2,152,4.1,43,1.2,,,57,1.6,106,3,0.9
25,2016,8,127,3.5,143,3.8,28,0.8,,,53,1.5,87,2.4,1
25,2016,9,133,3.7,155,4.1,38,1.1,,,53,1.5,106,3,0.9
25,2016,10,122,3.4,142,3.8,60,1.7,,,63,1.8,132,3.7,1
25,2016,11,131,3.7,142,3.8,46,1.3,,,66,1.8,121,3.4,1
25,2016,12,124,3.5,157,4.2,42,1.2,,,53,1.5,100,2.8,0.9
25,2017,1,112,3.1,150,4,37,1,,,59,1.6,103,2.9,1
25,2017,2,116,3.2,187,5,55,1.5,,,56,1.6,117,3.3,0.8
25,2017,3,102,2.8,154,4.1,49,1.4,,,60,1.7,115,3.2,0.9
25,2017,4,98,2.7,148,3.9,34,0.9,,,45,1.2,89,2.5,1
25,2017,5,109,3,143,3.8,51,1.4,,,59,1.6,123,3.4,1
25,2017,6,107,3,149,4,48,1.3,,,53,1.5,108,3,1
25,2017,7,120,3.3,163,4.3,46,1.3,,,54,1.5,108,3,0.9
25,2017,8,98,2.7,150,4,47,1.3,,,52,1.4,105,2.9,1
25,2017,9,89,2.5,139,3.7,41,1.1,,,49,1.4,95,2.6,1
25,2017,10,115,3.2,156,4.1,35,1,,,69,1.9,109,3,0.9
25,2017,11,96,2.6,143,3.8,45,1.2,,,51,1.4,104,2.9,1
25,2017,12,96,2.6,130,3.5,31,0.9,,,49,1.3,86,2.4,1.1
25,2018,1,105,2.9,145,3.8,36,1,,,49,1.3,92,2.5,1
25,2018,2,102,2.8,152,4,34,0.9,,,50,1.4,93,2.5,0.9
25,2018,3,117,3.2,144,3.8,43,1.2,,,50,1.4,101,2.8,1
25,2018,4,108,3,155,4.1,40,1.1,,,70,1.9,121,3.3,0.9
25,2018,5,119,3.3,162,4.2,33,0.9,,,61,1.7,102,2.8,0.8
25,2018,6,112,3.1,163,4.3,38,1,,,55,1.5,102,2.8,0.8
25,2018,7,116,3.2,159,4.2,58,1.6,,,65,1.8,130,3.6,0.8
25,2018,8,109,3,160,4.2,40,1.1,,,57,1.6,111,3,0.8
25,2018,9,116,3.2,177,4.6,34,0.9,,,52,1.4,92,2.5,0.7
25,2018,10,113,3.1,171,4.5,31,0.8,,,46,1.3,84,2.3,0.7
25,2018,11,136,3.7,200,5.2,39,1.1,,,50,1.4,98,2.7,0.6
25,2018,12,115,3.1,195,5,48,1.3,,,60,1.6,115,3.1,0.6
25,2019,1,125,3.4,194,5,41,1.1,,,56,1.5,104,2.8,0.6
25,2019,2,118,3.2,174,4.5,37,1,,,52,1.4,106,2.9,0.7
25,2019,3,117,3.2,185,4.8,39,1.1,,,78,2.1,123,3.3,0.7
25,2019,4,121,3.3,179,4.6,39,1.1,,,59,1.6,103,2.8,0.7
25,2019,5,123,3.3,177,4.5,35,0.9,,,50,1.3,90,2.4,0.7
25,2019,6,143,3.8,169,4.3,38,1,,,61,1.6,110,3,0.7
25,2019,7,116,3.1,148,3.8,36,1,,,52,1.4,97,2.6,0.8
25,2019,8,125,3.4,181,4.6,37,1,,,77,2.1,118,3.2,0.6
25,2019,9,128,3.4,167,4.3,42,1.1,,,62,1.7,113,3,0.7
25,2019,10,115,3.1,161,4.1,44,1.2,,,71,1.9,120,3.2,0.7
25,2019,11,130,3.5,153,3.9,39,1,,,67,1.8,111,3,0.7
25,2019,12,126,3.4,143,3.7,43,1.2,,,57,1.5,106,2.8,0.8
25,2020,1,114,3.1,166,4.3,49,1.3,,,61,1.6,114,3.1,0.7
25,2020,2,126,3.4,186,4.7,45,1.2,,,70,1.9,120,3.2,0.6
25,2020,3,125,3.4,134,3.5,392,10.6,,,49,1.3,448,12.1,0.9
25,2020,4,77,2.5,117,3.7,227,7.4,,,36,1.2,269,8.8,5.3
25,2020,5,147,4.7,114,3.5,54,1.7,,,38,1.2,100,3.2,4.6
25,2020,6,194,6.1,140,4.2,55,1.7,,,51,1.6,113,3.5,4
25,2020,7,130,4,144,4.2,29,0.9,,,40,1.2,75,2.3,3.3
25,2020,8,134,4,133,3.8,31,0.9,,,43,1.3,80,2.4,2.9
25,2020,9,111,3.3,132,3.8,33,1,,,46,1.4,85,2.5,2.7
25,2020,10,118,3.5,150,4.2,84,2.5,,,59,1.7,149,4.4,2.1
25,2020,11,110,3.2,156,4.3,39,1.1,,,56,1.6,101,2.9,1.9
25,2020,12,109,3.2,140,3.9,42,1.2,,,47,1.4,97,2.8,2
25,2021,1,102,3,149,4.1,32,0.9,,,64,1.9,104,3,1.7
25,2021,2,108,3.1,168,4.6,30,0.9,,,65,1.9,101,2.9,1.4
25,2021,3,174,5,202,5.5,34,1,,,77,2.2,120,3.5,1.1
25,2021,4,131,3.7,217,5.8,39,1.1,,,71,2,116,3.3,1
25,2021,5,119,3.4,229,6.1,36,1,,,73,2.1,116,3.3,0.9
25,2021,6,136,3.9,233,6.2,24,0.7,,,63,1.8,96,2.7,0.9
25,2021,7,135,3.8,286,7.4,22,0.6,,,71,2,102,2.9,0.7
25,2021,8,121,3.4,281,7.3,39,1.1,,,66,1.9,112,3.1,0.7
25,2021,9,130,3.7,281,7.3,52,1.5,,,79,2.2,141,4,0.6
25,2021,10,129,3.6,300,7.7,26,0.7,,,75,2.1,113,3.1,0.6
25,2021,11,129,3.6,296,7.6,23,0.6,,,84,2.3,113,3.1,0.5
25,2021,12,148,4.1,293,7.5,27,0.7,,,103,2.8,137,3.8,0.5
25,2022,1,160,4.4,272,7,31,0.9,,,81,2.2,120,3.3,0.5
25,2022,2,149,4.1,309,7.8,20,0.5,,,82,2.2,108,3,0.5
25,2022,3,129,3.5,301,7.6,21,0.6,,,73,2,102,2.8,0.5
25,2022,4,130,3.5,301,7.6,30,0.8,,,86,2.3,123,3.4,0.5
25,2022,5,126,3.4,341,8.5,18,0.5,,,73,2,96,2.6,0.4
25,2022,6,127,3.5,304,7.6,57,1.6,,,72,2,135,3.7,0.5
25,2022,7,120,3.3,290,7.3,25,0.7,,,97,2.6,128,3.5,0.5
25,2022,8,105,2.8,252,6.4,28,0.8,,,76,2.1,111,3,0.6
25,2022,9,131,3.5,280,7,31,0.8,,,75,2,112,3,0.5
25,2022,10,137,3.7,258,6.5,26,0.7,,,66,1.8,96,2.6,0.5
25,2022,11,130,3.5,245,6.2,22,0.6,,,64,1.7,90,2.4,0.6
25,2022,12,122,3.3,260,6.6,25,0.7,,,66,1.8,98,2.7,0.5
25,2023,1,140,3.8,250,6.3,28,0.8,,,53,1.4,89,2.4,0.5
25,2023,2,121,3.3,251,6.3,24,0.6,,,66,1.8,97,2.6,0.5
25,2023,3,123,3.3,271,6.8,67,1.8,,,61,1.6,132,3.6,0.5
25,2023,4,135,3.6,295,7.4,28,0.8,,,66,1.8,102,2.8,0.4
25,2023,5,135,3.6,246,6.2,24,0.6,,,70,1.9,108,2.9,0.5
25,2023,6,113,3,261,6.6,28,0.8,,,55,1.5,92,2.5,0.5
25,2023,7,109,2.9,239,6,31,0.8,,,50,1.3,85,2.3,0.5
25,2023,8,116,3.1,249,6.3,25,0.7,,,39,1,72,1.9,0.5
25,2023,9,123,3.3,243,6.1,20,0.5,,,60,1.6,86,2.3,0.6
25,2023,10,112,3,224,5.7,39,1,,,55,1.5,101,2.7,0.6
25,2023,11,97,2.6,215,5.5,37,1,,,50,1.3,94,2.5,0.7
25,2023,12,105,2.8,232,5.9,34,0.9,,,56,1.5,97,2.6,0.6
25,2024,1,94,2.5,215,5.5,38,1,,,52,1.4,96,2.6,0.7
25,2024,2,108,2.9,207,5.3,48,1.3,,,54,1.4,109,2.9,0.7
25,2024,3,123,3.3,211,5.4,26,0.7,,,52,1.4,84,2.3,0.7
25,2024,4,89,2.4,191,4.9,28,0.8,,,51,1.4,85,2.3,0.8
25,2024,5,107,2.9,201,5.1,47,1.3,,,67,1.8,119,3.2,0.8
25,2024,6,110,2.9,203,5.2,36,1,,,60,1.6,104,2.8,0.8
25,2024,7,121,3.2,186,4.8,40,1.1,,,54,1.4,101,2.7,0.9
25,2024,8,131,3.5,187,4.8,26,0.7,,,59,1.6,98,2.6,0.9
25,2024,9,111,3,164,4.2,33,0.9,,,54,1.4,91,2.4,1
25,2024,10,100,2.7,185,4.7,35,0.9,,,48,1.3,89,2.4,0.9
25,2024,11,113,3,184,4.7,41,1.1,,,54,1.5,100,2.7,0.9
25,2024,12,107,2.9,191,4.9,38,1,,,57,1.5,100,2.7,0.9
25,2025,1,110,3,207,5.3,37,1,,,59,1.6,103,2.8,0.8
25,2025,2,110,3,192,4.9,65,1.7,,,55,1.5,130,3.5,0.9
25,2025,3,123,3.3,152,3.9,35,0.9,,,69,1.9,115,3.1,1.1
25,2025,4,104,2.8,167,4.3,26,0.7,,,53,1.4,85,2.3,1
25,2025,5,103,2.8,179,4.6,45,1.2,,,52,1.4,104,2.8,1
25,2025,6,101,2.7,178,4.6,29,0.8,,,60,1.6,97,2.6,1
25,2025,7,87,2.3,169,4.4,44,1.2,,,49,1.3,99,2.7,1
25,2025,8,101,2.7,157,4.1,40,1.1,,,50,1.4,97,2.6,1.1
25,2025,9,93,2.5,134,3.5,30,0.8,,,48,1.3,84,2.3,1.4
25,2025,10,98,2.6,160,4.1,39,1.1,,,51,1.4,97,2.6,
25,2025,11,96,2.6,137,3.6,35,0.9,,,46,1.2,90,2.4,1.3
25,2025,12,100,2.7,129,3.4,31,0.8,,,47,1.3,88,2.4,1.4
26,2012,1,164,4.1,120,2.9,84,2.1,,,61,1.5,160,4,3.6
26,2012,2,186,4.6,113,2.7,75,1.9,,,53,1.3,137,3.4,3.8
26,2012,3,150,3.7,134,3.2,61,1.5,,,70,1.7,144,3.6,3.2
26,2012,4,135,3.3,117,2.8,63,1.6,,,80,2,155,3.8,3.6
26,2012,5,119,3,115,2.8,55,1.4,,,72,1.8,136,3.4,3.7
26,2012,6,119,3,124,3,67,1.7,,,64,1.6,139,3.4,3.4
26,2012,7,132,3.3,111,2.7,46,1.1,,,61,1.5,121,3,3.8
26,2012,8,115,2.8,109,2.6,62,1.5,,,59,1.5,136,3.4,3.9
26,2012,9,119,2.9,112,2.7,59,1.5,,,56,1.4,126,3.1,3.8
26,2012,10,105,2.6,97,2.3,52,1.3,,,53,1.3,118,2.9,4.4
26,2012,11,118,2.9,124,3,47,1.2,,,48,1.2,104,2.6,3.4
26,2012,12,108,2.7,142,3.4,41,1,,,45,1.1,98,2.4,3
26,2013,1,128,3.1,106,2.5,42,1,,,63,1.5,116,2.8,4
26,2013,2,124,3,113,2.7,58,1.4,,,70,1.7,136,3.3,3.8
26,2013,3,115,2.8,114,2.7,43,1,,,57,1.4,108,2.6,3.7
26,2013,4,116,2.8,112,2.7,51,1.2,,,59,1.4,120,2.9,3.8
26,2013,5,134,3.3,119,2.8,101,2.5,,,57,1.4,178,4.3,3.5
26,2013,6,141,3.4,126,3,53,1.3,,,64,1.6,127,3.1,3.3
26,2013,7,113,2.8,112,2.7,60,1.5,,,77,1.9,147,3.6,3.8
26,2013,8,134,3.3,110,2.6,49,1.2,,,49,1.2,105,2.5,3.8
26,2013,9,121,2.9,112,2.6,45,1.1,,,57,1.4,111,2.7,3.7
26,2013,10,110,2.7,117,2.7,44,1.1,,,63,1.5,115,2.8,3.5
26,2013,11,101,2.4,115,2.7,44,1.1,,,63,1.5,119,2.9,3.5
26,2013,12,119,2.9,131,3.1,51,1.2,,,51,1.2,109,2.6,3
26,2014,1,110,2.7,97,2.3,69,1.7,,,53,1.3,130,3.1,4
26,2014,2,119,2.9,110,2.6,47,1.1,,,62,1.5,120,2.9,3.4
26,2014,3,125,3,118,2.8,42,1,,,66,1.6,115,2.8,3.2
26,2014,4,132,3.2,121,2.8,55,1.3,,,66,1.6,129,3.1,3
26,2014,5,131,3.1,126,2.9,55,1.3,,,67,1.6,131,3.1,2.9
26,2014,6,131,3.1,128,3,51,1.2,,,74,1.8,133,3.2,2.7
26,2014,7,123,2.9,132,3.1,61,1.5,,,58,1.4,128,3.1,2.6
26,2014,8,139,3.3,139,3.2,54,1.3,,,81,1.9,143,3.4,2.4
26,2014,9,140,3.3,141,3.3,49,1.2,,,81,1.9,140,3.3,2.3
26,2014,10,150,3.6,142,3.3,66,1.6,,,68,1.6,142,3.4,2.2
26,2014,11,151,3.6,133,3.1,57,1.4,,,76,1.8,141,3.3,2.3
26,2014,12,156,3.7,145,3.3,73,1.7,,,84,2,168,4,2
26,2015,1,140,3.3,170,3.9,54,1.3,,,81,1.9,141,3.3,1.7
26,2015,2,130,3.1,161,3.7,41,1,,,81,1.9,141,3.3,1.7
26,2015,3,132,3.1,139,3.2,67,1.6,,,71,1.7,150,3.6,2
26,2015,4,155,3.7,153,3.5,67,1.6,,,75,1.8,151,3.6,1.8
26,2015,5,141,3.3,154,3.5,71,1.7,,,73,1.7,153,3.6,1.7
26,2015,6,138,3.3,158,3.6,50,1.2,,,70,1.6,132,3.1,1.7
26,2015,7,143,3.4,172,3.9,43,1,,,81,1.9,133,3.1,1.5
26,2015,8,143,3.4,167,3.8,51,1.2,,,79,1.9,141,3.3,1.5
26,2015,9,156,3.7,165,3.7,71,1.7,,,87,2,164,3.9,1.5
26,2015,10,172,4,164,3.7,49,1.1,,,81,1.9,140,3.3,1.5
26,2015,11,142,3.3,159,3.6,55,1.3,,,81,1.9,144,3.4,1.5
26,2015,12,131,3.1,161,3.6,47,1.1,,,84,2,137,3.2,1.5
26,2016,1,226,5.3,161,3.6,53,1.2,,,90,2.1,151,3.5,1.5
26,2016,2,178,4.1,167,3.7,44,1,,,87,2,137,3.2,1.4
26,2016,3,176,4.1,162,3.6,106,2.5,,,92,2.1,212,4.9,1.5
26,2016,4,144,3.3,177,3.9,53,1.2,,,89,2.1,149,3.4,1.4
26,2016,5,155,3.6,167,3.7,42,1,,,92,2.1,142,3.3,1.4
26,2016,6,167,3.9,188,4.2,56,1.3,,,93,2.2,158,3.7,1.3
26,2016,7,166,3.8,194,4.3,44,1,,,86,2,139,3.2,1.3
26,2016,8,133,3.1,167,3.7,49,1.1,,,85,2,142,3.3,1.5
26,2016,9,144,3.3,166,3.7,48,1.1,,,86,2,139,3.2,1.5
26,2016,10,153,3.5,178,3.9,48,1.1,,,83,1.9,139,3.2,1.4
26,2016,11,173,4,203,4.5,43,1,,,74,1.7,124,2.8,1.2
26,2016,12,134,3.1,186,4.1,50,1.1,,,88,2,146,3.4,1.3
26,2017,1,149,3.4,193,4.2,57,1.3,,,94,2.2,174,4,1.2
26,2017,2,132,3,191,4.2,44,1,,,86,2,140,3.2,1.2
26,2017,3,140,3.2,195,4.3,64,1.5,,,89,2,162,3.7,1.1
26,2017,4,145,3.3,193,4.2,52,1.2,,,82,1.9,143,3.3,1.1
26,2017,5,141,3.2,188,4.1,55,1.3,,,92,2.1,163,3.7,1.1
26,2017,6,171,3.9,208,4.5,65,1.5,,,86,2,160,3.7,1
26,2017,7,162,3.7,192,4.2,99,2.3,,,80,1.8,187,4.3,1.1
26,2017,8,172,3.9,230,5,71,1.6,,,70,1.6,150,3.4,1
26,2017,9,157,3.6,213,4.6,49,1.1,,,86,2,144,3.3,1.1
26,2017,10,158,3.6,214,4.7,55,1.3,,,82,1.9,143,3.3,1.1
26,2017,11,161,3.7,223,4.8,38,0.9,,,98,2.2,147,3.3,1
26,2017,12,171,3.9,221,4.8,48,1.1,,,103,2.3,158,3.6,1
26,2018,1,182,4.1,225,4.9,48,1.1,,,88,2,141,3.2,1
26,2018,2,159,3.6,214,4.6,46,1,,,93,2.1,145,3.3,1
26,2018,3,158,3.6,216,4.7,28,0.6,,,100,2.3,137,3.1,1
26,2018,4,137,3.1,218,4.7,57,1.3,,,101,2.3,164,3.7,1
26,2018,5,179,4,226,4.9,87,2,,,105,2.4,201,4.5,0.9
26,2018,6,182,4.1,215,4.6,49,1.1,,,106,2.4,165,3.7,0.9
26,2018,7,159,3.6,227,4.9,58,1.3,,,99,2.2,168,3.8,0.9
26,2018,8,171,3.9,238,5.1,47,1.1,,,102,2.3,158,3.6,0.8
26,2018,9,186,4.2,236,5.1,57,1.3,,,107,2.4,182,4.1,0.8
26,2018,10,172,3.9,238,5.1,38,0.9,,,109,2.5,161,3.6,0.9
26,2018,11,170,3.8,222,4.8,58,1.3,,,110,2.5,180,4.1,0.9
26,2018,12,180,4.1,246,5.3,41,0.9,,,90,2,140,3.2,0.9
26,2019,1,151,3.4,223,4.8,50,1.1,,,104,2.3,165,3.7,0.9
26,2019,2,211,4.8,203,4.4,48,1.1,,,109,2.5,165,3.7,1
26,2019,3,168,3.8,239,5.1,42,0.9,,,106,2.4,155,3.5,0.9
26,2019,4,183,4.1,226,4.8,53,1.2,,,114,2.6,177,4,0.9
26,2019,5,172,3.9,223,4.8,38,0.9,,,105,2.4,154,3.5,0.9
26,2019,6,162,3.6,223,4.8,46,1,,,104,2.3,158,3.6,0.9
26,2019,7,160,3.6,211,4.5,41,0.9,,,117,2.6,165,3.7,1
26,2019,8,167,3.8,204,4.4,30,0.7,,,118,2.7,159,3.6,1
26,2019,9,174,3.9,211,4.5,51,1.1,,,99,2.2,161,3.6,1
26,2019,10,152,3.4,238,5.1,61,1.4,,,107,2.4,179,4,0.8
26,2019,11,158,3.6,216,4.6,62,1.4,,,104,2.3,177,4,0.9
26,2019,12,159,3.6,199,4.3,54,1.2,,,100,2.2,164,3.7,0.9
26,2020,1,154,3.5,216,4.6,38,0.9,,,104,2.3,152,3.4,0.9
26,2020,2,172,3.9,211,4.5,62,1.4,,,101,2.3,173,3.9,0.9
26,2020,3,154,3.5,156,3.4,518,11.7,,,97,2.2,634,14.4,1.2
26,2020,4,123,3.6,92,2.6,317,9.3,,,53,1.6,383,11.3,11.3
26,2020,5,296,8.4,131,3.6,87,2.5,,,52,1.5,145,4.1,7.2
26,2020,6,349,9.1,226,5.5,77,2,,,86,2.2,173,4.5,3.2
26,2020,7,234,5.9,219,5.2,60,1.5,,,94,2.4,161,4.1,2.8
26,2020,8,207,5.1,220,5.2,49,1.2,,,107,2.6,164,4.1,2.2
26,2020,9,191,4.7,201,4.7,39,1,,,104,2.5,149,3.7,2.2
26,2020,10,195,4.7,198,4.6,46,1.1,,,117,2.8,175,4.3,1.9
26,2020,11,195,4.7,217,5,104,2.5,,,101,2.5,217,5.3,1.6
26,2020,12,156,3.9,217,5.1,62,1.5,,,114,2.8,190,4.7,1.5
26,2021,1,179,4.4,265,6.1,43,1.1,,,112,2.7,170,4.2,1.2
26,2021,2,251,6.1,280,6.3,52,1.3,,,125,3,188,4.5,1.1
26,2021,3,187,4.5,265,6,39,0.9,,,138,3.3,188,4.5,1.1
26,2021,4,206,5,338,7.5,33,0.8,,,123,3,167,4,0.9
26,2021,5,183,4.4,360,8,41,1,,,120,2.9,171,4.1,0.8
26,2021,6,205,4.9,369,8.1,55,1.3,,,106,2.5,173,4.2,0.8
26,2021,7,247,5.9,392,8.5,51,1.2,,,132,3.1,197,4.7,0.7
26,2021,8,216,5.1,366,8,49,1.2,,,145,3.4,208,4.9,0.7
26,2021,9,197,4.7,365,7.9,45,1.1,,,117,2.8,170,4,0.7
26,2021,10,193,4.5,386,8.3,49,1.1,,,117,2.7,176,4.1,0.6
26,2021,11,209,4.9,344,7.4,37,0.9,,,133,3.1,181,4.2,0.7
26,2021,12,207,4.8,303,6.6,30,0.7,,,126,2.9,165,3.8,0.7
26,2022,1,176,4.1,341,7.3,33,0.8,,,152,3.5,195,4.5,0.6
26,2022,2,190,4.4,347,7.4,25,0.6,,,114,2.6,148,3.4,0.6
26,2022,3,202,4.6,354,7.5,27,0.6,,,109,2.5,148,3.4,0.6
26,2022,4,184,4.2,397,8.3,24,0.5,,,137,3.1,168,3.8,0.5
26,2022,5,161,3.7,360,7.6,39,0.9,,,119,2.7,164,3.8,0.6
26,2022,6,187,4.3,310,6.6,43,1,,,96,2.2,145,3.3,0.6
26,2022,7,164,3.7,342,7.2,35,0.8,,,104,2.4,145,3.3,0.6
26,2022,8,168,3.8,259,5.6,32,0.7,,,89,2,129,2.9,0.7
26,2022,9,168,3.8,327,6.9,49,1.1,,,106,2.4,162,3.7,0.6
26,2022,10,163,3.7,272,5.8,37,0.8,,,103,2.3,147,3.3,0.7
26,2022,11,166,3.8,271,5.8,39,0.9,,,99,2.2,145,3.3,0.7
26,2022,12,178,4,293,6.2,46,1,,,111,2.5,164,3.7,0.7
26,2023,1,183,4.1,273,5.8,47,1.1,,,97,2.2,151,3.4,0.7
26,2023,2,155,3.5,252,5.4,47,1.1,,,88,2,144,3.2,0.8
26,2023,3,158,3.6,242,5.2,58,1.3,,,92,2.1,157,3.5,0.8
26,2023,4,151,3.4,318,6.7,53,1.2,,,82,1.8,142,3.2,0.6
26,2023,5,176,3.9,260,5.5,62,1.4,,,100,2.2,172,3.8,0.7
26,2023,6,161,3.6,245,5.2,42,0.9,,,104,2.3,161,3.6,0.8
26,2023,7,160,3.6,225,4.8,54,1.2,,,96,2.1,159,3.5,0.9
26,2023,8,152,3.4,233,5,54,1.2,,,88,2,150,3.4,0.9
26,2023,9,135,3,260,5.5,51,1.1,,,92,2.1,150,3.3,0.8
26,2023,10,156,3.5,231,4.9,46,1,,,88,2,140,3.1,0.9
26,2023,11,155,3.5,256,5.4,46,1,,,124,2.8,177,4,0.8
26,2023,12,149,3.3,258,5.4,46,1,,,82,1.8,139,3.1,0.8
26,2024,1,148,3.3,241,5.1,49,1.1,,,83,1.9,148,3.3,0.8
26,2024,2,157,3.5,234,5,45,1,,,91,2,145,3.2,0.9
26,2024,3,151,3.4,237,5,64,1.4,,,96,2.1,169,3.8,0.9
26,2024,4,152,3.4,225,4.8,66,1.5,,,88,2,165,3.7,1
26,2024,5,187,4.2,222,4.7,45,1,,,88,2,141,3.1,1
26,2024,6,161,3.6,208,4.4,26,0.6,,,92,2,125,2.8,1.1
26,2024,7,173,3.9,201,4.3,52,1.2,,,84,1.9,145,3.2,1.2
26,2024,8,169,3.8,207,4.4,59,1.3,,,119,2.6,183,4.1,1.2
26,2024,9,198,4.4,220,4.7,61,1.4,,,99,2.2,166,3.7,1.2
26,2024,10,158,3.5,202,4.3,62,1.4,,,95,2.1,162,3.6,1.3
26,2024,11,154,3.4,203,4.3,93,2.1,,,88,2,187,4.2,1.3
26,2024,12,158,3.5,193,4.1,66,1.5,,,89,2,160,3.6,1.4
26,2025,1,170,3.8,192,4.1,66,1.5,,,94,2.1,166,3.7,1.4
26,2025,2,166,3.7,198,4.2,59,1.3,,,99,2.2,167,3.7,1.4
26,2025,3,192,4.3,198,4.2,36,0.8,,,88,2,130,2.9,1.3
26,2025,4,205,4.6,240,5.1,52,1.2,,,109,2.4,170,3.8,1.1
26,2025,5,171,3.8,233,4.9,53,1.2,,,104,2.3,163,3.6,1.1
26,2025,6,165,3.7,239,5.1,61,1.4,,,108,2.4,176,3.9,1.1
26,2025,7,173,3.9,250,5.3,60,1.3,,,85,1.9,152,3.4,1
26,2025,8,157,3.5,241,5.1,60,1.3,,,97,2.2,165,3.7,1
26,2025,9,169,3.8,233,4.9,52,1.2,,,100,2.2,160,3.6,1.1
26,2025,10,182,4.1,248,5.2,74,1.7,,,126,2.8,210,4.7,
26,2025,11,140,3.1,221,4.7,30,0.7,,,109,2.4,145,3.2,1.1
26,2025,12,171,3.8,221,4.7,58,1.3,,,111,2.5,178,4,1.1
27,2012,1,85,3.1,73,2.6,34,1.3,,,38,1.4,77,2.8,2.4
27,2012,2,84,3.1,69,2.5,29,1.1,,,38,1.4,74,2.7,2.5
27,2012,3,87,3.2,73,2.6,30,1.1,,,36,1.3,73,2.7,2.3
27,2012,4,81,3,63,2.3,41,1.5,,,40,1.5,88,3.2,2.7
27,2012,5,81,3,64,2.3,40,1.5,,,39,1.4,86,3.2,2.6
27,2012,6,77,2.8,69,2.5,27,1,,,45,1.7,80,2.9,2.4
27,2012,7,79,2.9,70,2.5,30,1.1,,,39,1.4,75,2.8,2.4
27,2012,8,91,3.3,65,2.3,31,1.1,,,40,1.5,77,2.8,2.6
27,2012,9,84,3.1,77,2.7,30,1.1,,,36,1.3,77,2.8,2.2
27,2012,10,84,3.1,84,3,24,0.9,,,41,1.5,72,2.6,2
27,2012,11,95,3.5,79,2.8,27,1,,,40,1.5,75,2.7,2.1
27,2012,12,96,3.5,84,3,31,1.1,,,42,1.5,81,2.9,1.9
27,2013,1,90,3.3,72,2.5,32,1.2,,,45,1.6,86,3.1,2.2
27,2013,2,75,2.7,81,2.8,28,1,,,38,1.4,79,2.9,1.9
27,2013,3,84,3,76,2.7,28,1,,,38,1.4,73,2.6,2
27,2013,4,87,3.2,80,2.8,27,1,,,46,1.7,81,2.9,1.9
27,2013,5,96,3.5,83,2.9,28,1,,,48,1.7,83,3,1.8
27,2013,6,88,3.2,95,3.3,29,1,,,41,1.5,75,2.7,1.6
27,2013,7,90,3.3,74,2.6,22,0.8,,,41,1.5,71,2.6,2
27,2013,8,102,3.7,94,3.3,35,1.3,,,47,1.7,89,3.2,1.6
27,2013,9,105,3.8,94,3.3,22,0.8,,,52,1.9,79,2.8,1.5
27,2013,10,94,3.4,98,3.4,37,1.3,,,57,2,99,3.5,1.5
27,2013,11,88,3.2,87,3,51,1.8,,,51,1.8,109,3.9,1.6
27,2013,12,109,3.9,89,3.1,35,1.3,,,42,1.5,83,3,1.6
27,2014,1,76,2.7,87,3,26,0.9,,,44,1.6,74,2.6,1.6
27,2014,2,83,3,88,3.1,30,1.1,,,52,1.9,86,3.1,1.6
27,2014,3,96,3.4,92,3.2,28,1,,,53,1.9,85,3,1.5
27,2014,4,100,3.6,96,3.3,28,1,,,46,1.6,77,2.8,1.4
27,2014,5,97,3.5,96,3.3,28,1,,,51,1.8,86,3.1,1.4
27,2014,6,91,3.2,98,3.4,31,1.1,,,50,1.8,87,3.1,1.3
27,2014,7,104,3.7,95,3.3,31,1.1,,,51,1.8,87,3.1,1.3
27,2014,8,83,2.9,99,3.4,24,0.9,,,45,1.6,83,2.9,1.2
27,2014,9,88,3.1,106,3.6,25,0.9,,,49,1.7,78,2.8,1.1
27,2014,10,98,3.5,96,3.3,37,1.3,,,44,1.6,89,3.1,1.2
27,2014,11,89,3.1,99,3.4,32,1.1,,,42,1.5,78,2.8,1.2
27,2014,12,98,3.5,108,3.7,28,1,,,42,1.5,76,2.7,1.1
27,2015,1,83,2.9,116,3.9,23,0.8,,,49,1.7,76,2.7,1
27,2015,2,103,3.6,144,4.8,21,0.7,,,44,1.6,70,2.5,0.8
27,2015,3,88,3.1,144,4.8,31,1.1,,,55,1.9,95,3.3,0.8
27,2015,4,98,3.4,118,4,40,1.4,,,49,1.7,95,3.3,1
27,2015,5,93,3.3,119,4,33,1.2,,,44,1.5,81,2.8,1
27,2015,6,106,3.7,116,3.9,36,1.3,,,52,1.8,94,3.3,1
27,2015,7,83,2.9,120,4,29,1,,,46,1.6,81,2.8,0.9
27,2015,8,82,2.9,105,3.5,34,1.2,,,53,1.9,92,3.2,1.1
27,2015,9,91,3.2,102,3.4,37,1.3,,,49,1.7,92,3.2,1.1
27,2015,10,82,2.9,112,3.8,25,0.9,,,41,1.4,71,2.5,1
27,2015,11,91,3.2,128,4.3,27,0.9,,,49,1.7,84,2.9,0.9
27,2015,12,86,3,113,3.8,25,0.9,,,56,1.9,89,3.1,1
27,2016,1,90,3.1,116,3.9,26,0.9,,,47,1.6,82,2.8,1
27,2016,2,100,3.5,120,4,58,2,,,57,2,123,4.3,0.9
27,2016,3,103,3.6,106,3.5,32,1.1,,,52,1.8,92,3.2,1.1
27,2016,4,76,2.6,131,4.3,18,0.6,,,45,1.6,68,2.3,0.9
27,2016,5,87,3,112,3.7,38,1.3,,,49,1.7,92,3.2,1
27,2016,6,96,3.3,117,3.9,30,1,,,49,1.7,89,3.1,1
27,2016,7,86,3,134,4.4,28,1,,,45,1.5,78,2.7,0.9
27,2016,8,92,3.2,127,4.2,24,0.8,,,47,1.6,75,2.6,0.9
27,2016,9,81,2.8,115,3.8,26,0.9,,,59,2,91,3.1,1.1
27,2016,10,93,3.2,106,3.5,33,1.1,,,50,1.7,88,3,1.1
27,2016,11,90,3.1,117,3.9,37,1.3,,,54,1.9,95,3.3,1
27,2016,12,89,3.1,124,4.1,30,1,,,50,1.7,87,3,1
27,2017,1,106,3.6,107,3.5,34,1.2,,,55,1.9,93,3.2,1.1
27,2017,2,86,2.9,123,4,29,1,,,58,2,92,3.1,0.9
27,2017,3,89,3,127,4.1,27,0.9,,,53,1.8,85,2.9,0.9
27,2017,4,101,3.4,140,4.6,24,0.8,,,50,1.7,80,2.7,0.8
27,2017,5,90,3.1,124,4.1,28,1,,,55,1.9,93,3.2,0.9
27,2017,6,98,3.3,142,4.6,42,1.4,,,46,1.6,95,3.2,0.7
27,2017,7,96,3.3,138,4.5,50,1.7,,,52,1.8,107,3.6,0.8
27,2017,8,95,3.2,137,4.5,34,1.2,,,52,1.8,96,3.3,0.8
27,2017,9,105,3.6,157,5.1,38,1.3,,,55,1.9,106,3.6,0.6
27,2017,10,94,3.2,160,5.2,30,1,,,48,1.6,89,3,0.6
27,2017,11,102,3.5,150,4.8,24,0.8,,,51,1.7,87,3,0.7
27,2017,12,94,3.2,165,5.3,32,1.1,,,55,1.9,99,3.4,0.6
27,2018,1,98,3.3,158,5.1,28,0.9,,,53,1.8,90,3,0.6
27,2018,2,99,3.3,152,4.9,34,1.1,,,55,1.9,95,3.2,0.6
27,2018,3,99,3.3,168,5.4,28,0.9,,,55,1.9,92,3.1,0.6
27,2018,4,98,3.3,151,4.9,29,1,,,61,2.1,97,3.3,0.6
27,2018,5,126,4.3,160,5.1,29,1,,,60,2,96,3.2,0.6
27,2018,6,94,3.2,168,5.4,28,0.9,,,60,2,96,3.2,0.5
27,2018,7,95,3.2,159,5.1,34,1.1,,,52,1.8,93,3.1,0.6
27,2018,8,95,3.2,160,5.1,35,1.2,,,65,2.2,104,3.5,0.6
27,2018,9,102,3.4,163,5.2,34,1.1,,,43,1.4,82,2.8,0.6
27,2018,10,99,3.3,172,5.5,35,1.2,,,62,2.1,103,3.5,0.5
27,2018,11,93,3.1,171,5.4,46,1.5,,,59,2,108,3.6,0.6
27,2018,12,96,3.2,161,5.1,39,1.3,,,56,1.9,98,3.3,0.6
27,2019,1,127,4.3,155,5,26,0.9,,,58,2,92,3.1,0.7
27,2019,2,90,3,147,4.7,22,0.7,,,56,1.9,85,2.9,0.7
27,2019,3,92,3.1,135,4.3,27,0.9,,,54,1.8,86,2.9,0.7
27,2019,4,84,2.8,146,4.7,25,0.8,,,61,2,91,3.1,0.7
27,2019,5,96,3.2,164,5.2,26,0.9,,,52,1.7,84,2.8,0.6
27,2019,6,101,3.4,152,4.8,32,1.1,,,63,2.1,101,3.4,0.7
27,2019,7,102,3.4,135,4.3,26,0.9,,,75,2.5,106,3.5,0.7
27,2019,8,102,3.4,139,4.4,27,0.9,,,55,1.8,89,3,0.7
27,2019,9,101,3.4,130,4.2,26,0.9,,,58,1.9,91,3,0.8
27,2019,10,97,3.2,123,4,28,0.9,,,57,1.9,92,3.1,0.8
27,2019,11,95,3.2,127,4.1,29,1,,,56,1.9,92,3.1,0.8
27,2019,12,91,3,120,3.9,26,0.9,,,62,2.1,96,3.2,0.9
27,2020,1,87,2.9,135,4.3,43,1.4,,,56,1.9,105,3.5,0.8
27,2020,2,96,3.2,120,3.9,54,1.8,,,53,1.8,114,3.8,0.9
27,2020,3,97,3.3,109,3.5,298,10,,,45,1.5,351,11.8,1
27,2020,4,84,3.3,92,3.4,159,6.2,,,34,1.3,201,7.8,2.9
27,2020,5,107,4.1,88,3.3,42,1.6,,,31,1.2,80,3.1,3.9
27,2020,6,141,5.3,104,3.7,26,1,,,38,1.4,69,2.6,2.7
27,2020,7,98,3.6,119,4.2,20,0.7,,,58,2.1,84,3.1,2.1
27,2020,8,100,3.6,119,4.1,17,0.6,,,42,1.5,69,2.5,1.8
27,2020,9,82,3,113,3.9,18,0.6,,,40,1.4,63,2.3,1.7
27,2020,10,97,3.5,122,4.2,24,0.9,,,51,1.8,79,2.8,1.4
27,2020,11,90,3.2,124,4.2,50,1.8,,,52,1.9,106,3.8,1.3
27,2020,12,88,3.2,104,3.6,37,1.3,,,55,2,97,3.5,1.4
27,2021,1,129,4.6,120,4.1,20,0.7,,,54,1.9,78,2.8,1.2
27,2021,2,105,3.7,134,4.5,20,0.7,,,50,1.8,76,2.7,1
27,2021,3,96,3.4,132,4.5,21,0.7,,,54,1.9,81,2.9,1
27,2021,4,98,3.4,170,5.6,20,0.7,,,57,2,83,2.9,0.7
27,2021,5,73,2.6,183,6,16,0.6,,,55,1.9,78,2.7,0.7
27,2021,6,105,3.7,184,6.1,16,0.6,,,82,2.9,106,3.7,0.6
27,2021,7,114,4,194,6.3,20,0.7,,,76,2.6,102,3.6,0.6
27,2021,8,101,3.5,179,5.9,22,0.8,,,76,2.6,104,3.6,0.6
27,2021,9,95,3.3,193,6.3,21,0.7,,,66,2.3,99,3.5,0.5
27,2021,10,97,3.4,222,7.1,19,0.7,,,61,2.1,88,3,0.4
27,2021,11,112,3.9,200,6.5,24,0.8,,,70,2.4,110,3.8,0.4
27,2021,12,109,3.8,233,7.4,19,0.7,,,69,2.4,93,3.2,0.4
27,2022,1,92,3.2,227,7.3,28,1,,,68,2.3,104,3.6,0.3
27,2022,2,103,3.5,229,7.3,17,0.6,,,76,2.6,97,3.3,0.3
27,2022,3,105,3.6,247,7.8,20,0.7,,,75,2.6,101,3.5,0.3
27,2022,4,121,4.1,250,7.9,26,0.9,,,80,2.7,113,3.9,0.3
27,2022,5,98,3.3,226,7.2,30,1,,,70,2.4,104,3.6,0.3
27,2022,6,120,4.1,215,6.9,26,0.9,,,71,2.4,101,3.5,0.3
27,2022,7,114,3.9,238,7.5,28,1,,,66,2.2,98,3.3,0.3
27,2022,8,115,3.9,206,6.5,26,0.9,,,70,2.4,102,3.5,0.4
27,2022,9,104,3.5,213,6.7,24,0.8,,,78,2.6,107,3.6,0.4
27,2022,10,100,3.4,196,6.2,28,0.9,,,74,2.5,108,3.7,0.4
27,2022,11,108,3.7,192,6.1,24,0.8,,,78,2.6,107,3.6,0.4
27,2022,12,124,4.2,217,6.8,27,0.9,,,64,2.2,98,3.3,0.4
27,2023,1,108,3.6,196,6.2,26,0.9,,,73,2.5,105,3.5,0.4
27,2023,2,102,3.4,189,6,30,1,,,71,2.4,106,3.6,0.5
27,2023,3,112,3.8,178,5.6,32,1.1,,,68,2.3,105,3.5,0.5
27,2023,4,104,3.5,186,5.9,32,1.1,,,62,2.1,98,3.3,0.5
27,2023,5,115,3.9,213,6.7,33,1.1,,,69,2.3,106,3.6,0.4
27,2023,6,106,3.5,198,6.2,32,1.1,,,66,2.2,103,3.4,0.4
27,2023,7,93,3.1,172,5.4,30,1,,,69,2.3,111,3.7,0.5
27,2023,8,100,3.3,189,5.9,42,1.4,,,65,2.2,110,3.7,0.5
27,2023,9,101,3.4,190,6,41,1.4,,,63,2.1,109,3.6,0.5
27,2023,10,136,4.5,203,6.4,31,1,,,72,2.4,107,3.6,0.4
27,2023,11,110,3.7,191,6,27,0.9,,,79,2.6,111,3.7,0.5
27,2023,12,108,3.6,183,5.8,24,0.8,,,66,2.2,94,3.1,0.5
27,2024,1,127,4.2,190,6,28,0.9,,,55,1.8,96,3.2,0.5
27,2024,2,103,3.4,153,4.9,39,1.3,,,57,1.9,101,3.4,0.6
27,2024,3,93,3.1,162,5.1,34,1.1,,,54,1.8,93,3.1,0.6
27,2024,4,96,3.2,143,4.5,23,0.8,,,62,2.1,90,3,0.7
27,2024,5,97,3.2,166,5.2,22,0.7,,,61,2,90,3,0.6
27,2024,6,88,2.9,190,5.9,26,0.9,,,48,1.6,77,2.5,0.5
27,2024,7,103,3.4,169,5.3,27,0.9,,,54,1.8,88,2.9,0.6
27,2024,8,86,2.9,167,5.2,23,0.8,,,62,2.1,95,3.2,0.6
27,2024,9,95,3.1,163,5.1,25,0.8,,,60,2,92,3,0.6
27,2024,10,90,3,162,5.1,24,0.8,,,45,1.5,75,2.5,0.6
27,2024,11,92,3,145,4.6,22,0.7,,,50,1.7,75,2.5,0.7
27,2024,12,89,2.9,147,4.6,25,0.8,,,52,1.7,82,2.7,0.7
27,2025,1,90,3,153,4.8,26,0.9,,,57,1.9,87,2.9,0.7
27,2025,2,88,2.9,156,4.9,27,0.9,,,53,1.8,84,2.8,0.7
27,2025,3,84,2.8,156,4.9,24,0.8,,,60,2,88,2.9,0.7
27,2025,4,107,3.5,148,4.7,23,0.8,,,51,1.7,81,2.7,0.8
27,2025,5,89,2.9,145,4.6,28,0.9,,,54,1.8,87,2.9,0.8
27,2025,6,84,2.8,137,4.3,37,1.2,,,60,2,106,3.5,0.9
27,2025,7,82,2.7,135,4.3,29,1,,,52,1.7,87,2.9,0.9
27,2025,8,82,2.7,134,4.2,26,0.9,,,53,1.8,86,2.8,0.9
27,2025,9,92,3,142,4.5,26,0.9,,,48,1.6,79,2.6,0.9
27,2025,10,88,2.9,130,4.1,28,0.9,,,64,2.1,96,3.2,
27,2025,11,81,2.7,141,4.4,21,0.7,,,46,1.5,72,2.4,1
27,2025,12,89,2.9,135,4.3,28,0.9,,,58,1.9,90,3,1
28,2012,1,38,3.5,35,3.1,14,1.3,,,16,1.5,33,3,3.5
28,2012,2,38,3.5,32,2.8,16,1.5,,,20,1.8,40,3.6,3.7
28,2012,3,39,3.5,36,3.2,14,1.3,,,19,1.7,36,3.3,3.3
28,2012,4,39,3.5,33,2.9,16,1.5,,,18,1.6,37,3.4,3.6
28,2012,5,39,3.5,31,2.7,16,1.5,,,17,1.5,37,3.4,3.8
28,2012,6,38,3.5,35,3.1,18,1.6,,,23,2.1,43,3.9,3.4
28,2012,7,37,3.4,32,2.8,13,1.2,,,18,1.6,33,3,3.7
28,2012,8,34,3.1,33,2.9,16,1.4,,,18,1.6,36,3.3,3.5
28,2012,9,35,3.2,32,2.8,15,1.4,,,16,1.5,35,3.2,3.6
28,2012,10,37,3.4,33,2.9,15,1.4,,,17,1.5,35,3.2,3.5
28,2012,11,35,3.2,36,3.2,13,1.2,,,16,1.4,32,2.9,3.2
28,2012,12,37,3.3,33,2.9,12,1.1,,,18,1.6,33,3,3.5
28,2013,1,36,3.3,27,2.4,16,1.4,,,23,2.1,42,3.8,4.2
28,2013,2,41,3.7,31,2.7,14,1.3,,,19,1.7,36,3.2,3.7
28,2013,3,38,3.4,29,2.5,14,1.3,,,17,1.5,35,3.2,3.9
28,2013,4,38,3.4,32,2.8,13,1.2,,,20,1.8,36,3.2,3.5
28,2013,5,39,3.5,31,2.7,19,1.7,,,20,1.8,42,3.8,3.6
28,2013,6,49,4.4,31,2.7,14,1.3,,,19,1.7,36,3.2,3.5
28,2013,7,42,3.8,31,2.7,14,1.3,,,23,2.1,42,3.8,3.5
28,2013,8,43,3.9,33,2.9,16,1.4,,,21,1.9,40,3.6,3.2
28,2013,9,43,3.9,30,2.6,14,1.3,,,20,1.8,36,3.2,3.5
28,2013,10,33,3,27,2.4,15,1.3,,,18,1.6,35,3.1,3.8
28,2013,11,41,3.7,28,2.4,14,1.3,,,19,1.7,36,3.2,3.7
28,2013,12,39,3.5,30,2.6,15,1.3,,,20,1.8,37,3.3,3.4
28,2014,1,50,4.5,30,2.6,12,1.1,,,20,1.8,34,3,3.4
28,2014,2,32,2.9,31,2.7,13,1.2,,,22,2,38,3.4,3.2
28,2014,3,37,3.3,32,2.8,13,1.2,,,21,1.9,38,3.4,3.1
28,2014,4,38,3.4,28,2.4,20,1.8,,,21,1.9,43,3.8,3.5
28,2014,5,38,3.4,31,2.7,12,1.1,,,21,1.9,36,3.2,3.1
28,2014,6,40,3.6,35,3,13,1.2,,,20,1.8,36,3.2,2.7
28,2014,7,42,3.7,32,2.8,13,1.2,,,19,1.7,36,3.2,3
28,2014,8,44,3.9,40,3.4,14,1.2,,,22,2,40,3.6,2.3
28,2014,9,39,3.5,33,2.9,15,1.3,,,22,2,41,3.7,2.8
28,2014,10,42,3.7,37,3.2,12,1.1,,,23,2,38,3.4,2.4
28,2014,11,40,3.6,35,3,22,2,,,22,2,47,4.2,2.5
28,2014,12,44,3.9,35,3,12,1.1,,,21,1.9,36,3.2,2.5
28,2015,1,40,3.6,38,3.3,15,1.3,,,24,2.1,41,3.6,2.2
28,2015,2,39,3.5,39,3.3,12,1.1,,,22,2,37,3.3,2.2
28,2015,3,41,3.6,39,3.4,15,1.3,,,24,2.1,42,3.7,2.1
28,2015,4,45,4,45,3.8,14,1.2,,,24,2.1,40,3.5,1.8
28,2015,5,45,4,45,3.8,12,1.1,,,24,2.1,39,3.4,1.8
28,2015,6,39,3.4,37,3.2,13,1.1,,,24,2.1,41,3.6,2.2
28,2015,7,43,3.8,43,3.7,12,1.1,,,25,2.2,40,3.5,1.9
28,2015,8,39,3.4,40,3.4,12,1.1,,,24,2.1,39,3.4,2
28,2015,9,46,4,40,3.4,12,1.1,,,26,2.3,42,3.7,2
28,2015,10,43,3.8,45,3.8,15,1.3,,,25,2.2,46,4,1.8
28,2015,11,48,4.2,43,3.6,12,1.1,,,22,1.9,38,3.3,1.9
28,2015,12,55,4.8,43,3.6,13,1.1,,,29,2.5,46,4,1.9
28,2016,1,44,3.8,51,4.3,14,1.2,,,27,2.4,44,3.8,1.6
28,2016,2,47,4.1,45,3.8,15,1.3,,,24,2.1,42,3.7,1.7
28,2016,3,44,3.8,43,3.6,16,1.4,,,25,2.2,43,3.7,1.8
28,2016,4,43,3.8,41,3.5,15,1.3,,,27,2.4,46,4,1.9
28,2016,5,42,3.7,42,3.5,14,1.2,,,25,2.2,42,3.7,1.8
28,2016,6,41,3.6,40,3.4,13,1.1,,,27,2.4,42,3.7,1.9
28,2016,7,42,3.7,39,3.3,13,1.1,,,21,1.8,36,3.1,1.9
28,2016,8,41,3.6,39,3.3,13,1.1,,,29,2.5,45,3.9,1.9
28,2016,9,41,3.6,40,3.4,11,1,,,28,2.4,41,3.6,1.9
28,2016,10,44,3.8,38,3.2,12,1,,,28,2.4,44,3.8,2
28,2016,11,41,3.6,39,3.3,12,1,,,27,2.4,42,3.7,1.9
28,2016,12,44,3.8,42,3.5,11,1,,,29,2.5,44,3.8,1.7
28,2017,1,45,3.9,41,3.4,13,1.1,,,28,2.4,44,3.8,1.7
28,2017,2,45,3.9,41,3.4,12,1,,,28,2.4,43,3.7,1.7
28,2017,3,48,4.2,44,3.7,13,1.1,,,31,2.7,47,4.1,1.6
28,2017,4,41,3.6,46,3.8,14,1.2,,,27,2.3,44,3.8,1.5
28,2017,5,42,3.7,41,3.4,15,1.3,,,27,2.3,44,3.8,1.6
28,2017,6,45,3.9,42,3.5,16,1.4,,,27,2.3,46,4,1.6
28,2017,7,46,4,45,3.8,16,1.4,,,28,2.4,46,4,1.5
28,2017,8,46,4,43,3.6,14,1.2,,,30,2.6,47,4.1,1.5
28,2017,9,47,4.1,44,3.7,15,1.3,,,27,2.3,45,3.9,1.5
28,2017,10,43,3.7,38,3.2,15,1.3,,,28,2.4,46,4,1.7
28,2017,11,49,4.2,45,3.8,14,1.2,,,30,2.6,47,4.1,1.4
28,2017,12,43,3.7,45,3.8,15,1.3,,,27,2.3,45,3.9,1.4
28,2018,1,41,3.6,47,3.9,16,1.4,,,24,2.1,44,3.8,1.3
28,2018,2,45,3.9,45,3.8,16,1.4,,,32,2.8,52,4.5,1.4
28,2018,3,48,4.2,50,4.2,13,1.1,,,26,2.3,42,3.6,1.2
28,2018,4,48,4.2,47,3.9,14,1.2,,,29,2.5,46,4,1.3
28,2018,5,49,4.2,48,4,13,1.1,,,31,2.7,47,4.1,1.3
28,2018,6,46,4,50,4.1,14,1.2,,,32,2.8,49,4.2,1.2
28,2018,7,46,4,50,4.2,15,1.3,,,31,2.7,51,4.4,1.2
28,2018,8,51,4.4,56,4.6,15,1.3,,,30,2.6,47,4.1,1.1
28,2018,9,48,4.2,53,4.4,15,1.3,,,31,2.7,49,4.2,1.2
28,2018,10,53,4.6,56,4.6,16,1.4,,,34,2.9,51,4.4,1.1
28,2018,11,50,4.3,57,4.7,17,1.5,,,32,2.8,52,4.5,1.2
28,2018,12,46,4,57,4.7,17,1.5,,,30,2.6,49,4.2,1.2
28,2019,1,49,4.2,53,4.4,13,1.1,,,31,2.7,46,4,1.3
28,2019,2,49,4.2,53,4.4,15,1.3,,,33,2.8,51,4.4,1.3
28,2019,3,48,4.1,54,4.5,19,1.6,,,35,3,57,4.9,1.3
28,2019,4,48,4.1,56,4.6,17,1.5,,,32,2.8,51,4.4,1.2
28,2019,5,47,4.1,55,4.5,12,1,,,32,2.8,47,4.1,1.3
28,2019,6,53,4.6,55,4.5,20,1.7,,,31,2.7,54,4.7,1.3
28,2019,7,47,4.1,47,3.9,14,1.2,,,32,2.8,49,4.2,1.5
28,2019,8,45,3.9,53,4.4,15,1.3,,,28,2.4,46,4,1.4
28,2019,9,48,4.1,57,4.7,16,1.4,,,29,2.5,49,4.2,1.3
28,2019,10,46,4,51,4.2,13,1.1,,,27,2.3,44,3.8,1.4
28,2019,11,50,4.3,50,4.1,11,1,,,30,2.6,45,3.9,1.4
28,2019,12,48,4.2,47,3.9,15,1.3,,,34,2.9,52,4.5,1.5
28,2020,1,48,4.1,52,4.3,13,1.1,,,32,2.8,48,4.1,1.4
28,2020,2,48,4.1,54,4.4,14,1.2,,,32,2.8,49,4.2,1.4
28,2020,3,42,3.6,45,3.8,87,7.5,,,18,1.6,108,9.4,1.7
28,2020,4,37,3.7,37,3.5,53,5.2,,,19,1.9,75,7.4,5.1
28,2020,5,66,6.3,53,4.8,13,1.2,,,25,2.4,41,3.9,2.6
28,2020,6,59,5.4,56,4.9,22,2,,,25,2.3,50,4.6,2
28,2020,7,53,4.8,59,5.1,15,1.4,,,25,2.3,43,3.9,1.7
28,2020,8,61,5.5,64,5.5,14,1.3,,,38,3.4,55,5,1.4
28,2020,9,52,4.7,57,4.9,8,0.7,,,36,3.2,50,4.5,1.5
28,2020,10,58,5.2,60,5.1,13,1.2,,,32,2.9,48,4.3,1.4
28,2020,11,56,5,63,5.3,19,1.7,,,34,3,55,4.9,1.3
28,2020,12,51,4.5,61,5.1,15,1.3,,,40,3.5,58,5.1,1.3
28,2021,1,46,4.1,55,4.7,15,1.3,,,36,3.2,53,4.7,1.5
28,2021,2,42,3.7,69,5.8,13,1.2,,,38,3.4,56,5,1.2
28,2021,3,55,4.9,81,6.7,14,1.2,,,38,3.4,55,4.9,1
28,2021,4,54,4.8,75,6.2,13,1.2,,,48,4.3,65,5.8,1
28,2021,5,59,5.2,87,7.1,13,1.1,,,40,3.5,55,4.9,0.9
28,2021,6,57,5,84,6.9,12,1.1,,,40,3.5,55,4.9,0.9
28,2021,7,61,5.3,92,7.4,11,1,,,37,3.2,50,4.4,0.7
28,2021,8,50,4.4,83,6.8,13,1.1,,,40,3.5,57,5,0.8
28,2021,9,66,5.8,83,6.8,11,1,,,40,3.5,55,4.8,0.7
28,2021,10,61,5.3,87,7,13,1.1,,,41,3.6,59,5.1,0.7
28,2021,11,57,4.9,81,6.6,12,1,,,44,3.8,59,5.1,0.7
28,2021,12,58,5,89,7.1,14,1.2,,,41,3.5,57,4.9,0.6
28,2022,1,60,5.2,88,7.1,11,1,,,44,3.8,59,5.1,0.6
28,2022,2,57,4.9,92,7.3,20,1.7,,,37,3.2,65,5.6,0.5
28,2022,3,58,5,95,7.6,13,1.1,,,43,3.7,60,5.2,0.5
28,2022,4,57,4.9,89,7.1,13,1.1,,,39,3.4,56,4.8,0.5
28,2022,5,53,4.6,87,7,11,0.9,,,39,3.4,53,4.6,0.5
28,2022,6,60,5.2,87,7,13,1.1,,,42,3.6,58,5,0.5
28,2022,7,59,5,95,7.5,15,1.3,,,42,3.6,60,5.1,0.5
28,2022,8,61,5.2,83,6.6,20,1.7,,,47,4,70,6,0.6
28,2022,9,57,4.9,91,7.2,13,1.1,,,38,3.2,54,4.6,0.5
28,2022,10,57,4.9,82,6.5,12,1,,,39,3.3,53,4.5,0.6
28,2022,11,55,4.7,87,6.9,14,1.2,,,38,3.2,54,4.6,0.5
28,2022,12,56,4.8,88,7,13,1.1,,,36,3.1,52,4.4,0.5
28,2023,1,55,4.7,86,6.8,15,1.3,,,33,2.8,50,4.2,0.5
28,2023,2,51,4.3,84,6.6,12,1,,,37,3.1,51,4.3,0.5
28,2023,3,45,3.8,80,6.3,13,1.1,,,34,2.9,50,4.2,0.5
28,2023,4,54,4.6,89,7,14,1.2,,,37,3.1,53,4.5,0.4
28,2023,5,55,4.7,85,6.7,19,1.6,,,42,3.6,64,5.4,0.5
28,2023,6,55,4.6,83,6.5,13,1.1,,,35,3,51,4.3,0.5
28,2023,7,54,4.6,79,6.3,22,1.9,,,35,3,59,5,0.5
28,2023,8,53,4.5,85,6.7,13,1.1,,,37,3.1,53,4.5,0.5
28,2023,9,54,4.6,81,6.4,16,1.4,,,32,2.7,51,4.3,0.5
28,2023,10,48,4.1,81,6.4,12,1,,,34,2.9,49,4.1,0.5
28,2023,11,45,3.8,76,6,12,1,,,31,2.6,45,3.8,0.5
28,2023,12,50,4.2,75,6,11,0.9,,,31,2.6,45,3.8,0.5
28,2024,1,46,3.9,66,5.3,12,1,,,31,2.6,45,3.8,0.5
28,2024,2,49,4.1,72,5.7,11,0.9,,,30,2.5,43,3.6,0.5
28,2024,3,47,4,67,5.3,11,0.9,,,25,2.1,38,3.2,0.5
28,2024,4,46,3.9,65,5.2,10,0.8,,,31,2.6,44,3.7,0.6
28,2024,5,48,4,69,5.5,13,1.1,,,36,3,52,4.4,0.5
28,2024,6,38,3.2,60,4.8,11,0.9,,,29,2.4,43,3.6,0.6
28,2024,7,44,3.7,61,4.9,11,0.9,,,31,2.6,45,3.8,0.7
28,2024,8,41,3.4,61,4.9,12,1,,,23,1.9,38,3.2,0.7
28,2024,9,45,3.8,58,4.6,11,0.9,,,31,2.6,44,3.7,0.8
28,2024,10,51,4.3,69,5.5,14,1.2,,,31,2.6,47,4,0.7
28,2024,11,47,4,75,5.9,13,1.1,,,29,2.4,44,3.7,0.6
28,2024,12,45,3.8,62,5,12,1,,,28,2.4,42,3.5,0.8
28,2025,1,45,3.8,68,5.4,13,1.1,,,29,2.4,43,3.6,0.7
28,2025,2,44,3.7,63,5,12,1,,,28,2.3,42,3.5,0.8
28,2025,3,43,3.6,57,4.6,12,1,,,33,2.8,47,4,0.9
28,2025,4,49,4.1,64,5.1,15,1.3,,,26,2.2,43,3.6,0.8
28,2025,5,42,3.5,61,4.9,10,0.8,,,30,2.5,43,3.6,0.8
28,2025,6,45,3.8,64,5.1,13,1.1,,,28,2.4,43,3.6,0.8
28,2025,7,46,3.9,64,5.1,11,0.9,,,24,2,37,3.1,0.8
28,2025,8,42,3.5,59,4.7,12,1,,,24,2,37,3.1,0.8
28,2025,9,43,3.6,60,4.8,12,1,,,28,2.3,43,3.6,0.8
28,2025,10,43,3.6,63,5,16,1.3,,,27,2.3,45,3.8,
28,2025,11,45,3.8,72,5.7,11,0.9,,,30,2.5,44,3.7,0.7
28,2025,12,46,3.9,59,4.7,14,1.2,,,29,2.4,45,3.8,0.8
29,2012,1,92,3.4,70,2.5,30,1.1,,,40,1.5,76,2.8,3.2
29,2012,2,89,3.3,65,2.4,28,1,,,43,1.6,77,2.9,3.4
29,2012,3,92,3.4,80,2.9,30,1.1,,,51,1.9,85,3.2,2.7
29,2012,4,83,3.1,61,2.2,30,1.1,,,46,1.7,87,3.2,3.5
29,2012,5,91,3.4,75,2.7,29,1.1,,,48,1.8,84,3.1,2.9
29,2012,6,89,3.3,77,2.8,34,1.3,,,45,1.7,84,3.1,2.8
29,2012,7,103,3.8,76,2.7,38,1.4,,,39,1.4,83,3.1,2.8
29,2012,8,81,3,68,2.5,32,1.2,,,47,1.7,86,3.2,3.1
29,2012,9,72,2.7,72,2.6,34,1.3,,,47,1.7,88,3.3,2.9
29,2012,10,93,3.4,76,2.7,32,1.2,,,43,1.6,82,3,2.8
29,2012,11,92,3.4,76,2.7,34,1.3,,,45,1.7,84,3.1,2.8
29,2012,12,90,3.3,89,3.2,29,1.1,,,46,1.7,81,3,2.3
29,2013,1,109,4,73,2.6,26,1,,,50,1.8,83,3.1,2.8
29,2013,2,91,3.3,78,2.8,28,1,,,45,1.7,78,2.9,2.7
29,2013,3,80,2.9,68,2.4,26,1,,,45,1.7,78,2.9,3
29,2013,4,92,3.4,78,2.8,28,1,,,45,1.7,80,2.9,2.6
29,2013,5,107,3.9,73,2.6,36,1.3,,,47,1.7,90,3.3,2.8
29,2013,6,100,3.7,86,3.1,28,1,,,58,2.1,95,3.5,2.4
29,2013,7,87,3.2,73,2.6,22,0.8,,,57,2.1,86,3.2,2.8
29,2013,8,100,3.7,87,3.1,41,1.5,,,53,1.9,104,3.8,2.3
29,2013,9,104,3.8,90,3.2,37,1.4,,,55,2,101,3.7,2.2
29,2013,10,99,3.6,91,3.2,32,1.2,,,70,2.6,107,3.9,2.2
29,2013,11,96,3.5,89,3.2,34,1.2,,,60,2.2,100,3.7,2.2
29,2013,12,104,3.8,80,2.8,32,1.2,,,54,2,92,3.4,2.5
29,2014,1,97,3.6,84,3,30,1.1,,,61,2.2,98,3.6,2.4
29,2014,2,123,4.5,68,2.4,35,1.3,,,43,1.6,85,3.1,2.9
29,2014,3,96,3.5,92,3.3,42,1.5,,,69,2.5,117,4.3,2.2
29,2014,4,113,4.1,84,3,41,1.5,,,58,2.1,104,3.8,2.3
29,2014,5,98,3.6,90,3.2,45,1.6,,,59,2.1,124,4.5,2.1
29,2014,6,90,3.3,86,3,35,1.3,,,50,1.8,91,3.3,2.2
29,2014,7,106,3.9,88,3.1,36,1.3,,,64,2.3,107,3.9,2.1
29,2014,8,100,3.6,113,3.9,27,1,,,66,2.4,98,3.6,1.6
29,2014,9,115,4.2,88,3.1,26,0.9,,,70,2.5,103,3.7,2
29,2014,10,106,3.8,89,3.1,37,1.3,,,64,2.3,109,3.9,2
29,2014,11,105,3.8,79,2.8,32,1.2,,,64,2.3,106,3.8,2.2
29,2014,12,99,3.6,97,3.4,42,1.5,,,55,2,107,3.9,1.8
29,2015,1,120,4.3,117,4,28,1,,,62,2.2,95,3.4,1.5
29,2015,2,117,4.2,99,3.4,30,1.1,,,73,2.6,110,3.9,1.7
29,2015,3,122,4.4,101,3.5,38,1.4,,,74,2.7,119,4.3,1.7
29,2015,4,135,4.8,107,3.7,40,1.4,,,76,2.7,125,4.5,1.6
29,2015,5,117,4.2,108,3.7,33,1.2,,,67,2.4,107,3.8,1.5
29,2015,6,118,4.2,115,3.9,31,1.1,,,69,2.5,107,3.8,1.4
29,2015,7,118,4.2,119,4.1,29,1,,,72,2.6,107,3.8,1.3
29,2015,8,123,4.4,111,3.8,33,1.2,,,68,2.4,106,3.8,1.3
29,2015,9,126,4.5,115,3.9,38,1.3,,,71,2.5,114,4,1.3
29,2015,10,118,4.2,101,3.5,30,1.1,,,83,2.9,121,4.3,1.4
29,2015,11,143,5.1,118,4,41,1.4,,,89,3.1,136,4.8,1.2
29,2015,12,141,5,127,4.3,30,1.1,,,105,3.7,141,5,1.1
29,2016,1,113,4,124,4.2,29,1,,,59,2.1,95,3.3,1.1
29,2016,2,120,4.2,127,4.3,33,1.2,,,81,2.9,118,4.2,1.1
29,2016,3,105,3.7,125,4.2,41,1.4,,,68,2.4,116,4.1,1.1
29,2016,4,110,3.9,91,3.1,26,0.9,,,58,2,89,3.1,1.5
29,2016,5,116,4.1,97,3.3,25,0.9,,,77,2.7,108,3.8,1.4
29,2016,6,100,3.5,107,3.6,33,1.2,,,62,2.2,100,3.5,1.3
29,2016,7,102,3.6,110,3.7,30,1.1,,,53,1.9,89,3.1,1.3
29,2016,8,104,3.6,114,3.8,38,1.3,,,64,2.2,111,3.9,1.3
29,2016,9,121,4.2,111,3.7,25,0.9,,,64,2.2,94,3.3,1.3
29,2016,10,150,5.2,105,3.5,34,1.2,,,59,2.1,101,3.5,1.3
29,2016,11,113,3.9,120,4,35,1.2,,,59,2.1,103,3.6,1.1
29,2016,12,98,3.4,120,4,41,1.4,,,72,2.5,118,4.1,1.1
29,2017,1,123,4.3,114,3.8,46,1.6,,,63,2.2,112,3.9,1.1
29,2017,2,113,3.9,121,4,38,1.3,,,62,2.2,106,3.7,1
29,2017,3,114,4,111,3.7,44,1.5,,,63,2.2,111,3.9,1.1
29,2017,4,105,3.7,119,4,45,1.6,,,54,1.9,106,3.7,1
29,2017,5,105,3.7,112,3.7,33,1.1,,,67,2.3,110,3.8,1
29,2017,6,129,4.5,126,4.2,52,1.8,,,53,1.8,111,3.8,0.9
29,2017,7,132,4.6,127,4.2,44,1.5,,,63,2.2,112,3.9,0.9
29,2017,8,107,3.7,127,4.2,32,1.1,,,59,2,97,3.4,0.9
29,2017,9,106,3.7,137,4.5,22,0.8,,,66,2.3,95,3.3,0.8
29,2017,10,94,3.3,141,4.7,35,1.2,,,52,1.8,92,3.2,0.8
29,2017,11,104,3.6,127,4.2,28,1,,,53,1.8,87,3,0.9
29,2017,12,108,3.7,136,4.5,49,1.7,,,81,2.8,137,4.7,0.8
29,2018,1,99,3.4,140,4.6,28,1,,,52,1.8,94,3.3,0.8
29,2018,2,117,4.1,135,4.5,35,1.2,,,59,2,100,3.5,0.8
29,2018,3,115,4,154,5.1,33,1.1,,,66,2.3,106,3.7,0.7
29,2018,4,101,3.5,150,4.9,28,1,,,62,2.1,96,3.3,0.7
29,2018,5,103,3.6,161,5.3,35,1.2,,,60,2.1,101,3.5,0.6
29,2018,6,102,3.5,153,5,28,1,,,63,2.2,101,3.5,0.6
29,2018,7,120,4.1,154,5.1,24,0.8,,,72,2.5,102,3.5,0.6
29,2018,8,111,3.8,151,5,30,1,,,73,2.5,109,3.8,0.6
29,2018,9,107,3.7,166,5.4,32,1.1,,,62,2.1,100,3.4,0.6
29,2018,10,111,3.8,167,5.4,34,1.2,,,76,2.6,115,4,0.6
29,2018,11,101,3.5,175,5.7,33,1.1,,,74,2.6,113,3.9,0.6
29,2018,12,105,3.6,158,5.2,32,1.1,,,57,2,93,3.2,0.6
29,2019,1,100,3.4,157,5.1,36,1.2,,,73,2.5,113,3.9,0.6
29,2019,2,94,3.2,154,5,26,0.9,,,53,1.8,86,3,0.6
29,2019,3,106,3.6,151,4.9,23,0.8,,,62,2.1,92,3.2,0.7
29,2019,4,121,4.2,170,5.5,29,1,,,74,2.5,111,3.8,0.6
29,2019,5,105,3.6,158,5.1,45,1.5,,,67,2.3,115,4,0.6
29,2019,6,115,4,165,5.4,28,1,,,83,2.9,117,4,0.6
29,2019,7,106,3.6,178,5.8,28,1,,,75,2.6,108,3.7,0.5
29,2019,8,116,4,140,4.6,38,1.3,,,60,2.1,102,3.5,0.7
29,2019,9,98,3.4,138,4.5,47,1.6,,,68,2.3,122,4.2,0.7
29,2019,10,110,3.8,132,4.3,32,1.1,,,67,2.3,106,3.6,0.8
29,2019,11,149,5.1,125,4.1,48,1.6,,,76,2.6,129,4.4,0.8
29,2019,12,116,4,109,3.6,35,1.2,,,59,2,101,3.4,1
29,2020,1,114,3.9,124,4.1,31,1.1,,,85,2.9,122,4.2,0.8
29,2020,2,111,3.8,125,4.1,36,1.2,,,88,3,130,4.4,0.8
29,2020,3,96,3.3,104,3.4,272,9.3,,,72,2.5,348,12,1.1
29,2020,4,84,3.3,79,3,145,5.6,,,49,1.9,201,7.8,4.3
29,2020,5,187,7.1,103,3.8,38,1.4,,,57,2.2,98,3.7,2.7
29,2020,6,162,6,121,4.3,34,1.3,,,60,2.2,99,3.7,2
29,2020,7,127,4.6,139,4.8,28,1,,,62,2.3,94,3.4,1.6
29,2020,8,120,4.3,116,4,25,0.9,,,68,2.5,100,3.6,1.7
29,2020,9,111,4,113,3.9,34,1.2,,,77,2.8,118,4.3,1.6
29,2020,10,114,4.1,130,4.5,34,1.2,,,64,2.3,103,3.7,1.3
29,2020,11,111,4,128,4.4,46,1.6,,,65,2.3,117,4.2,1.2
29,2020,12,94,3.4,133,4.5,23,0.8,,,70,2.5,99,3.5,1.1
29,2021,1,115,4.1,130,4.4,24,0.9,,,73,2.6,101,3.6,1.1
29,2021,2,101,3.6,143,4.9,24,0.9,,,80,2.9,113,4,1
29,2021,3,134,4.7,163,5.5,22,0.8,,,80,2.8,113,4,0.9
29,2021,4,111,3.9,162,5.4,34,1.2,,,83,2.9,122,4.3,0.9
29,2021,5,105,3.7,177,5.9,20,0.7,,,78,2.8,105,3.7,0.8
29,2021,6,136,4.8,178,5.9,22,0.8,,,86,3,114,4,0.7
29,2021,7,120,4.2,192,6.3,25,0.9,,,79,2.8,110,3.8,0.6
29,2021,8,120,4.2,202,6.6,22,0.8,,,88,3.1,115,4,0.6
29,2021,9,119,4.2,202,6.6,19,0.7,,,84,2.9,108,3.8,0.6
29,2021,10,113,3.9,226,7.3,21,0.7,,,88,3.1,114,4,0.5
29,2021,11,111,3.9,221,7.1,19,0.7,,,83,2.9,111,3.9,0.5
29,2021,12,108,3.7,219,7.1,25,0.9,,,85,2.9,122,4.2,0.4
29,2022,1,92,3.2,213,6.9,23,0.8,,,73,2.5,103,3.6,0.4
29,2022,2,92,3.2,216,6.9,26,0.9,,,69,2.4,99,3.4,0.4
29,2022,3,100,3.4,221,7.1,22,0.8,,,74,2.5,101,3.5,0.4
29,2022,4,114,3.9,222,7.1,26,0.9,,,98,3.4,129,4.4,0.3
29,2022,5,114,3.9,231,7.3,31,1.1,,,76,2.6,112,3.8,0.3
29,2022,6,121,4.1,210,6.7,40,1.4,,,76,2.6,120,4.1,0.3
29,2022,7,108,3.7,220,7,30,1,,,93,3.2,127,4.3,0.3
29,2022,8,132,4.5,173,5.6,30,1,,,71,2.4,109,3.7,0.4
29,2022,9,110,3.7,211,6.7,26,0.9,,,71,2.4,100,3.4,0.4
29,2022,10,103,3.5,195,6.2,25,0.9,,,75,2.6,108,3.7,0.4
29,2022,11,107,3.6,192,6.1,23,0.8,,,71,2.4,100,3.4,0.4
29,2022,12,124,4.2,214,6.8,43,1.5,,,73,2.5,121,4.1,0.4
29,2023,1,109,3.7,195,6.2,29,1,,,72,2.4,105,3.6,0.4
29,2023,2,109,3.7,197,6.2,28,0.9,,,57,1.9,91,3.1,0.4
29,2023,3,105,3.5,184,5.8,34,1.1,,,74,2.5,112,3.8,0.5
29,2023,4,89,3,171,5.5,30,1,,,65,2.2,99,3.3,0.5
29,2023,5,107,3.6,164,5.2,25,0.8,,,69,2.3,101,3.4,0.6
29,2023,6,103,3.5,160,5.1,29,1,,,65,2.2,102,3.4,0.6
29,2023,7,96,3.2,170,5.4,21,0.7,,,57,1.9,84,2.8,0.6
29,2023,8,96,3.2,166,5.3,27,0.9,,,72,2.4,103,3.5,0.6
29,2023,9,103,3.5,172,5.5,39,1.3,,,69,2.3,113,3.8,0.6
29,2023,10,103,3.5,157,5,26,0.9,,,61,2.1,91,3.1,0.7
29,2023,11,95,3.2,168,5.3,21,0.7,,,71,2.4,97,3.3,0.6
29,2023,12,90,3,167,5.3,29,1,,,67,2.2,102,3.4,0.6
29,2024,1,104,3.5,191,6,27,0.9,,,56,1.9,93,3.1,0.6
29,2024,2,107,3.6,184,5.8,24,0.8,,,72,2.4,103,3.5,0.6
29,2024,3,101,3.4,155,4.9,46,1.5,,,64,2.1,115,3.9,0.7
29,2024,4,102,3.4,148,4.7,24,0.8,,,79,2.6,109,3.6,0.8
29,2024,5,99,3.3,151,4.8,24,0.8,,,72,2.4,103,3.4,0.8
29,2024,6,98,3.3,157,5,20,0.7,,,67,2.2,91,3,0.8
29,2024,7,107,3.6,155,4.9,35,1.2,,,72,2.4,122,4.1,0.8
29,2024,8,93,3.1,166,5.3,30,1,,,66,2.2,101,3.4,0.7
29,2024,9,98,3.3,159,5,32,1.1,,,60,2,96,3.2,0.7
29,2024,10,89,3,175,5.5,25,0.8,,,66,2.2,97,3.2,0.7
29,2024,11,104,3.5,165,5.2,31,1,,,59,2,95,3.2,0.7
29,2024,12,97,3.2,165,5.2,26,0.9,,,54,1.8,86,2.9,0.7
29,2025,1,90,3,161,5.1,32,1.1,,,61,2.1,100,3.4,0.8
29,2025,2,95,3.2,148,4.7,22,0.7,,,63,2.1,90,3,0.8
29,2025,3,92,3.1,148,4.7,25,0.8,,,59,2,89,3,0.9
29,2025,4,94,3.1,136,4.3,24,0.8,,,59,2,89,3,0.9
29,2025,5,88,2.9,140,4.5,24,0.8,,,62,2.1,91,3,0.9
29,2025,6,85,2.9,139,4.5,26,0.9,,,71,2.4,104,3.5,0.9
29,2025,7,86,2.9,134,4.3,25,0.8,,,48,1.6,79,2.6,0.9
29,2025,8,87,2.9,133,4.3,29,1,,,56,1.9,90,3,0.9
29,2025,9,103,3.5,138,4.4,27,0.9,,,58,1.9,90,3,0.9
29,2025,10,92,3.1,133,4.3,29,1,,,63,2.1,97,3.3,
29,2025,11,85,2.8,125,4,25,0.8,,,67,2.2,96,3.2,1
29,2025,12,97,3.2,128,4.1,25,0.8,,,66,2.2,96,3.2,1
30,2012,1,17,3.9,13,2.9,7,1.6,,,7,1.6,15,3.4,2.3
30,2012,2,17,3.9,12,2.7,9,2.1,,,8,1.8,18,4.1,2.5
30,2012,3,19,4.3,14,3.1,6,1.4,,,9,2.1,17,3.9,2.1
30,2012,4,22,5,14,3.1,9,2.1,,,10,2.3,20,4.6,2.1
30,2012,5,21,4.8,15,3.3,9,2,,,9,2,19,4.3,2
30,2012,6,19,4.3,15,3.3,10,2.3,,,9,2,20,4.5,2
30,2012,7,19,4.3,15,3.3,8,1.8,,,9,2,18,4.1,2
30,2012,8,21,4.8,14,3.1,10,2.3,,,8,1.8,19,4.3,2.1
30,2012,9,17,3.8,15,3.3,8,1.8,,,8,1.8,17,3.8,1.9
30,2012,10,20,4.5,14,3.1,9,2,,,10,2.3,20,4.5,2
30,2012,11,20,4.5,16,3.5,9,2,,,10,2.3,20,4.5,1.8
30,2012,12,20,4.5,17,3.7,7,1.6,,,9,2,17,3.8,1.7
30,2013,1,21,4.7,17,3.7,9,2,,,10,2.2,21,4.7,1.6
30,2013,2,23,5.1,16,3.5,8,1.8,,,10,2.2,20,4.5,1.7
30,2013,3,21,4.7,18,3.9,8,1.8,,,10,2.2,20,4.5,1.5
30,2013,4,20,4.5,17,3.7,9,2,,,10,2.2,21,4.7,1.6
30,2013,5,20,4.5,19,4.1,9,2,,,10,2.2,20,4.5,1.5
30,2013,6,20,4.5,17,3.7,9,2,,,10,2.2,20,4.5,1.6
30,2013,7,20,4.5,17,3.7,9,2,,,11,2.5,21,4.7,1.6
30,2013,8,20,4.5,17,3.6,9,2,,,11,2.4,22,4.9,1.6
30,2013,9,21,4.7,18,3.8,9,2,,,10,2.2,20,4.4,1.5
30,2013,10,20,4.4,18,3.8,8,1.8,,,11,2.4,20,4.4,1.5
30,2013,11,19,4.2,17,3.6,10,2.2,,,11,2.4,22,4.9,1.5
30,2013,12,21,4.7,18,3.8,8,1.8,,,11,2.4,20,4.4,1.4
30,2014,1,21,4.6,19,4,8,1.8,,,11,2.4,20,4.4,1.3
30,2014,2,21,4.6,19,4,9,2,,,11,2.4,22,4.9,1.3
30,2014,3,19,4.2,17,3.6,8,1.8,,,11,2.4,21,4.7,1.4
30,2014,4,22,4.9,20,4.2,7,1.5,,,12,2.7,21,4.6,1.2
30,2014,5,20,4.4,20,4.2,8,1.8,,,11,2.4,20,4.4,1.2
30,2014,6,23,5.1,21,4.4,8,1.8,,,10,2.2,19,4.2,1.1
30,2014,7,24,5.3,22,4.6,9,2,,,14,3.1,24,5.3,1.1
30,2014,8,20,4.4,22,4.6,7,1.5,,,12,2.6,21,4.6,1.1
30,2014,9,23,5.1,20,4.2,8,1.8,,,12,2.6,22,4.8,1.2
30,2014,10,25,5.5,20,4.2,8,1.8,,,13,2.9,23,5.1,1.2
30,2014,11,21,4.6,21,4.4,8,1.8,,,11,2.4,21,4.6,1.1
30,2014,12,24,5.3,21,4.4,12,2.6,,,11,2.4,25,5.5,1.1
30,2015,1,24,5.2,25,5.2,8,1.7,,,13,2.8,22,4.8,0.9
30,2015,2,24,5.2,24,5,8,1.7,,,13,2.8,22,4.8,0.9
30,2015,3,23,5,22,4.6,9,2,,,13,2.8,24,5.2,1
30,2015,4,23,5,22,4.6,10,2.2,,,11,2.4,23,5,1
30,2015,5,24,5.2,21,4.4,8,1.7,,,13,2.8,23,5,1
30,2015,6,23,5,19,4,8,1.7,,,12,2.6,22,4.8,1.2
30,2015,7,23,5,24,4.9,9,2,,,11,2.4,21,4.6,0.9
30,2015,8,23,5,20,4.1,8,1.7,,,12,2.6,21,4.5,1.1
30,2015,9,25,5.4,22,4.5,10,2.2,,,13,2.8,24,5.2,1
30,2015,10,27,5.8,22,4.5,9,1.9,,,12,2.6,23,4.9,1
30,2015,11,27,5.8,23,4.7,8,1.7,,,13,2.8,22,4.7,1
30,2015,12,29,6.2,23,4.7,12,2.6,,,14,3,27,5.8,1
30,2016,1,25,5.4,26,5.3,8,1.7,,,12,2.6,23,4.9,0.9
30,2016,2,22,4.7,21,4.3,8,1.7,,,12,2.6,22,4.7,1.1
30,2016,3,24,5.1,23,4.7,6,1.3,,,13,2.8,20,4.3,1
30,2016,4,26,5.6,24,4.9,14,3,,,14,3,30,6.4,1
30,2016,5,25,5.4,25,5.1,8,1.7,,,13,2.8,23,4.9,0.9
30,2016,6,28,6,23,4.7,7,1.5,,,14,3,22,4.7,1
30,2016,7,24,5.1,22,4.5,9,1.9,,,13,2.8,23,4.9,1
30,2016,8,23,4.9,22,4.5,10,2.1,,,13,2.8,24,5.1,1
30,2016,9,26,5.5,22,4.5,8,1.7,,,14,3,23,4.9,1
30,2016,10,19,4.1,24,4.9,8,1.7,,,12,2.6,21,4.5,0.9
30,2016,11,24,5.1,26,5.2,8,1.7,,,12,2.6,22,4.7,0.8
30,2016,12,24,5.1,23,4.7,8,1.7,,,13,2.8,23,4.9,1
30,2017,1,24,5.1,22,4.5,7,1.5,,,14,3,23,4.9,1
30,2017,2,23,4.9,23,4.7,7,1.5,,,13,2.8,22,4.7,0.9
30,2017,3,24,5.1,24,4.8,7,1.5,,,13,2.8,22,4.7,0.9
30,2017,4,24,5.1,24,4.8,7,1.5,,,14,3,22,4.7,0.9
30,2017,5,23,4.9,23,4.6,6,1.3,,,15,3.2,22,4.7,0.9
30,2017,6,22,4.6,24,4.8,7,1.5,,,16,3.4,24,5.1,0.9
30,2017,7,25,5.3,25,5,7,1.5,,,13,2.7,22,4.7,0.9
30,2017,8,25,5.3,25,5,7,1.5,,,14,3,22,4.6,0.9
30,2017,9,24,5.1,25,5,7,1.5,,,14,3,22,4.6,0.9
30,2017,10,23,4.9,26,5.2,8,1.7,,,14,3,23,4.9,0.8
30,2017,11,24,5.1,25,5,7,1.5,,,14,3,22,4.6,0.9
30,2017,12,24,5.1,24,4.8,6,1.3,,,15,3.2,23,4.8,0.9
30,2018,1,23,4.8,24,4.8,7,1.5,,,14,2.9,22,4.6,0.9
30,2018,2,23,4.8,24,4.8,7,1.5,,,15,3.2,23,4.8,0.9
30,2018,3,22,4.6,25,5,9,1.9,,,14,2.9,24,5,0.8
30,2018,4,22,4.6,23,4.6,6,1.3,,,15,3.2,23,4.8,0.9
30,2018,5,24,5,26,5.2,6,1.3,,,14,2.9,21,4.4,0.8
30,2018,6,23,4.8,28,5.5,8,1.7,,,15,3.1,25,5.2,0.7
30,2018,7,22,4.6,27,5.3,6,1.3,,,15,3.1,22,4.6,0.7
30,2018,8,25,5.2,29,5.7,7,1.5,,,16,3.3,24,5,0.7
30,2018,9,23,4.8,28,5.5,5,1,,,14,2.9,21,4.4,0.7
30,2018,10,22,4.6,27,5.3,7,1.5,,,14,2.9,22,4.6,0.7
30,2018,11,23,4.8,28,5.5,6,1.2,,,14,2.9,21,4.4,0.7
30,2018,12,23,4.8,28,5.5,6,1.2,,,14,2.9,21,4.4,0.7
30,2019,1,24,5,27,5.3,6,1.2,,,15,3.1,23,4.8,0.7
30,2019,2,22,4.6,28,5.5,6,1.2,,,16,3.3,23,4.8,0.7
30,2019,3,23,4.8,27,5.3,6,1.2,,,15,3.1,22,4.6,0.7
30,2019,4,25,5.2,28,5.5,7,1.5,,,14,2.9,22,4.6,0.7
30,2019,5,24,5,29,5.7,9,1.9,,,14,2.9,25,5.2,0.6
30,2019,6,24,5,28,5.5,7,1.4,,,13,2.7,22,4.6,0.7
30,2019,7,23,4.7,29,5.6,8,1.6,,,16,3.3,25,5.1,0.6
30,2019,8,26,5.3,28,5.4,6,1.2,,,15,3.1,22,4.5,0.7
30,2019,9,24,4.9,27,5.3,12,2.5,,,15,3.1,29,6,0.7
30,2019,10,24,4.9,25,4.9,20,4.1,,,16,3.3,37,7.6,0.8
30,2019,11,22,4.5,26,5.1,8,1.6,,,16,3.3,25,5.1,0.7
30,2019,12,25,5.1,27,5.2,7,1.4,,,15,3.1,24,4.9,0.7
30,2020,1,26,5.3,27,5.2,7,1.4,,,15,3.1,24,4.9,0.7
30,2020,2,25,5.1,27,5.2,8,1.6,,,14,2.9,23,4.7,0.7
30,2020,3,25,5.1,25,4.9,43,8.8,,,11,2.3,56,11.5,0.8
30,2020,4,20,4.7,20,4.5,36,8.5,,,9,2.1,46,10.8,3.2
30,2020,5,47,10.5,23,4.9,7,1.6,,,6,1.3,14,3.1,2.2
30,2020,6,23,5,18,3.8,8,1.7,,,11,2.4,20,4.4,2.3
30,2020,7,26,5.6,24,4.9,8,1.7,,,12,2.6,22,4.7,1.5
30,2020,8,23,4.9,24,4.9,4,0.9,,,14,3,19,4.1,1.3
30,2020,9,27,5.7,26,5.2,7,1.5,,,11,2.3,20,4.2,1.1
30,2020,10,26,5.4,25,5,6,1.3,,,12,2.5,19,4,1
30,2020,11,22,4.6,26,5.1,11,2.3,,,13,2.7,25,5.2,0.9
30,2020,12,23,4.8,27,5.3,8,1.7,,,12,2.5,21,4.4,0.8
30,2021,1,23,4.8,28,5.5,8,1.7,,,14,2.9,22,4.6,0.8
30,2021,2,24,5,30,5.9,6,1.2,,,14,2.9,22,4.6,0.7
30,2021,3,26,5.3,33,6.3,7,1.4,,,17,3.5,26,5.3,0.6
30,2021,4,26,5.3,37,7,6,1.2,,,20,4.1,28,5.7,0.5
30,2021,5,27,5.5,38,7.2,7,1.4,,,18,3.7,26,5.3,0.5
30,2021,6,27,5.5,40,7.5,4,0.8,,,18,3.7,24,4.9,0.5
30,2021,7,32,6.5,42,7.9,6,1.2,,,20,4.1,27,5.5,0.4
30,2021,8,28,5.7,42,7.8,5,1,,,19,3.9,26,5.3,0.4
30,2021,9,29,5.9,41,7.7,7,1.4,,,22,4.4,30,6.1,0.4
30,2021,10,28,5.6,43,7.9,6,1.2,,,21,4.2,28,5.6,0.4
30,2021,11,33,6.6,44,8.1,6,1.2,,,20,4,27,5.4,0.4
30,2021,12,31,6.2,46,8.4,6,1.2,,,17,3.4,25,5,0.3
30,2022,1,29,5.8,45,8.2,6,1.2,,,20,4,28,5.6,0.3
30,2022,2,34,6.7,48,8.7,6,1.2,,,18,3.6,25,4.9,0.3
30,2022,3,29,5.7,48,8.6,5,1,,,21,4.1,28,5.5,0.3
30,2022,4,30,5.9,48,8.7,6,1.2,,,21,4.1,28,5.5,0.3
30,2022,5,28,5.5,47,8.5,6,1.2,,,20,3.9,28,5.5,0.3
30,2022,6,29,5.7,45,8.2,8,1.6,,,20,3.9,29,5.7,0.3
30,2022,7,28,5.5,46,8.2,8,1.6,,,16,3.1,25,4.9,0.3
30,2022,8,31,6,39,7.1,8,1.6,,,21,4.1,30,5.9,0.4
30,2022,9,29,5.6,41,7.4,7,1.4,,,20,3.9,28,5.5,0.4
30,2022,10,29,5.6,43,7.7,10,1.9,,,19,3.7,31,6,0.3
30,2022,11,31,6,41,7.4,8,1.6,,,21,4.1,31,6,0.3
30,2022,12,30,5.8,50,8.9,6,1.2,,,20,3.9,28,5.5,0.3
30,2023,1,30,5.8,43,7.7,6,1.2,,,18,3.5,25,4.8,0.3
30,2023,2,29,5.6,37,6.7,7,1.4,,,18,3.5,26,5,0.4
30,2023,3,28,5.4,39,7,10,1.9,,,17,3.3,28,5.4,0.4
30,2023,4,21,4.1,40,7.2,8,1.5,,,17,3.3,26,5,0.4
30,2023,5,25,4.8,37,6.7,7,1.4,,,18,3.5,26,5,0.4
30,2023,6,25,4.8,36,6.5,6,1.2,,,17,3.3,24,4.6,0.4
30,2023,7,24,4.6,29,5.3,7,1.4,,,15,2.9,23,4.4,0.5
30,2023,8,24,4.6,39,7,8,1.5,,,18,3.5,28,5.4,0.4
30,2023,9,25,4.8,37,6.6,7,1.3,,,18,3.5,27,5.2,0.4
30,2023,10,24,4.6,33,6,7,1.3,,,15,2.9,23,4.4,0.5
30,2023,11,25,4.8,34,6.1,8,1.5,,,17,3.3,27,5.2,0.5
30,2023,12,27,5.2,35,6.3,9,1.7,,,16,3.1,25,4.8,0.5
30,2024,1,25,4.8,30,5.4,7,1.3,,,17,3.3,25,4.8,0.6
30,2024,2,28,5.4,36,6.4,8,1.5,,,17,3.3,27,5.2,0.5
30,2024,3,26,5,33,5.9,9,1.7,,,16,3.1,26,5,0.5
30,2024,4,28,5.3,31,5.6,6,1.1,,,15,2.9,23,4.4,0.6
30,2024,5,27,5.1,32,5.7,18,3.4,,,15,2.8,35,6.6,0.6
30,2024,6,25,4.7,31,5.5,8,1.5,,,15,2.8,24,4.5,0.6
30,2024,7,26,4.9,25,4.5,9,1.7,,,14,2.7,24,4.6,0.7
30,2024,8,22,4.2,28,5,7,1.3,,,14,2.7,22,4.2,0.6
30,2024,9,28,5.3,28,5,8,1.5,,,11,2.1,21,4,0.6
30,2024,10,27,5.1,37,6.6,7,1.3,,,14,2.7,22,4.2,0.5
30,2024,11,26,4.9,29,5.2,7,1.3,,,13,2.5,21,4,0.6
30,2024,12,24,4.6,28,5.1,8,1.5,,,15,2.9,24,4.6,0.6
30,2025,1,25,4.8,33,5.9,7,1.3,,,14,2.7,22,4.2,0.5
30,2025,2,24,4.6,28,5.1,12,2.3,,,15,2.9,28,5.3,0.6
30,2025,3,24,4.6,27,4.9,13,2.5,,,14,2.7,28,5.3,0.7
30,2025,4,25,4.7,26,4.7,6,1.1,,,15,2.8,22,4.2,0.7
30,2025,5,27,5.1,26,4.7,9,1.7,,,14,2.7,25,4.8,0.7
30,2025,6,27,5.1,27,4.9,9,1.7,,,14,2.7,24,4.6,0.7
30,2025,7,26,4.9,27,4.9,8,1.5,,,14,2.7,23,4.4,0.7
30,2025,8,22,4.2,26,4.7,8,1.5,,,14,2.7,23,4.4,0.8
30,2025,9,24,4.6,27,4.9,8,1.5,,,13,2.5,23,4.4,0.7
30,2025,10,28,5.3,32,5.7,7,1.3,,,11,2.1,19,3.6,
30,2025,11,24,4.6,23,4.2,7,1.3,,,13,2.5,20,3.8,0.9
30,2025,12,21,4,22,4,6,1.1,,,15,2.9,23,4.4,0.9
31,2012,1,32,3.3,32,3.2,10,1,,,11,1.1,24,2.5,1.3
31,2012,2,30,3.1,28,2.8,11,1.1,,,15,1.6,30,3.1,1.4
31,2012,3,35,3.6,31,3.1,12,1.2,,,18,1.9,32,3.3,1.3
31,2012,4,27,2.8,25,2.5,12,1.2,,,14,1.4,29,3,1.6
31,2012,5,34,3.5,28,2.8,12,1.2,,,16,1.7,32,3.3,1.4
31,2012,6,31,3.2,26,2.6,15,1.5,,,15,1.5,32,3.3,1.5
31,2012,7,30,3.1,25,2.5,12,1.2,,,14,1.4,29,3,1.6
31,2012,8,37,3.8,24,2.4,13,1.3,,,15,1.5,35,3.6,1.6
31,2012,9,29,3,26,2.6,15,1.5,,,13,1.3,30,3.1,1.5
31,2012,10,26,2.7,25,2.5,11,1.1,,,13,1.3,26,2.7,1.6
31,2012,11,27,2.8,26,2.6,11,1.1,,,13,1.3,26,2.7,1.5
31,2012,12,29,3,30,3,10,1,,,14,1.4,26,2.7,1.3
31,2013,1,27,2.8,20,2,9,0.9,,,14,1.4,28,2.9,2
31,2013,2,26,2.7,26,2.6,10,1,,,14,1.4,26,2.7,1.5
31,2013,3,29,3,25,2.5,11,1.1,,,13,1.3,26,2.7,1.6
31,2013,4,28,2.9,25,2.5,10,1,,,14,1.4,27,2.8,1.6
31,2013,5,31,3.2,27,2.7,22,2.2,,,15,1.5,40,4.1,1.4
31,2013,6,27,2.8,30,3,9,0.9,,,16,1.6,28,2.9,1.3
31,2013,7,38,3.9,32,3.2,14,1.4,,,20,2,39,4,1.2
31,2013,8,43,4.4,37,3.6,12,1.2,,,16,1.6,31,3.2,1
31,2013,9,40,4.1,33,3.2,12,1.2,,,18,1.8,33,3.4,1.1
31,2013,10,35,3.6,33,3.2,12,1.2,,,16,1.6,30,3,1.1
31,2013,11,36,3.6,32,3.1,12,1.2,,,19,1.9,34,3.4,1.1
31,2013,12,34,3.4,27,2.7,13,1.3,,,16,1.6,34,3.4,1.3
31,2014,1,35,3.5,33,3.2,13,1.3,,,18,1.8,33,3.3,1.1
31,2014,2,33,3.3,27,2.7,12,1.2,,,16,1.6,32,3.2,1.3
31,2014,3,33,3.3,32,3.1,10,1,,,17,1.7,31,3.1,1.1
31,2014,4,42,4.2,41,4,13,1.3,,,21,2.1,37,3.7,0.8
31,2014,5,36,3.6,34,3.3,11,1.1,,,18,1.8,32,3.2,1
31,2014,6,32,3.2,37,3.6,10,1,,,20,2,33,3.3,0.9
31,2014,7,36,3.6,35,3.4,10,1,,,19,1.9,31,3.1,0.9
31,2014,8,31,3.1,36,3.5,8,0.8,,,18,1.8,29,2.9,0.9
31,2014,9,35,3.5,35,3.4,11,1.1,,,19,1.9,31,3.1,0.9
31,2014,10,37,3.7,36,3.5,14,1.4,,,19,1.9,36,3.6,0.9
31,2014,11,36,3.6,34,3.3,13,1.3,,,17,1.7,33,3.3,0.9
31,2014,12,37,3.7,38,3.7,12,1.2,,,14,1.4,28,2.8,0.8
31,2015,1,34,3.4,36,3.5,10,1,,,19,1.9,31,3.1,0.8
31,2015,2,37,3.7,40,3.8,9,0.9,,,19,1.9,31,3.1,0.7
31,2015,3,37,3.7,38,3.7,14,1.4,,,20,2,36,3.6,0.8
31,2015,4,39,3.9,39,3.7,12,1.2,,,20,2,35,3.5,0.8
31,2015,5,32,3.2,39,3.7,13,1.3,,,18,1.8,33,3.3,0.8
31,2015,6,38,3.8,38,3.6,11,1.1,,,17,1.7,31,3.1,0.8
31,2015,7,32,3.2,38,3.6,10,1,,,17,1.7,30,3,0.8
31,2015,8,33,3.3,38,3.6,13,1.3,,,18,1.8,34,3.4,0.8
31,2015,9,37,3.7,40,3.8,12,1.2,,,20,2,36,3.6,0.8
31,2015,10,42,4.2,41,3.9,10,1,,,19,1.9,32,3.2,0.8
31,2015,11,38,3.8,40,3.8,11,1.1,,,19,1.9,32,3.2,0.8
31,2015,12,39,3.8,41,3.9,11,1.1,,,20,2,33,3.3,0.8
31,2016,1,35,3.5,39,3.7,14,1.4,,,18,1.8,35,3.5,0.8
31,2016,2,38,3.8,41,3.9,12,1.2,,,22,2.2,36,3.6,0.8
31,2016,3,42,4.1,46,4.3,13,1.3,,,21,2.1,38,3.7,0.7
31,2016,4,36,3.5,42,4,12,1.2,,,20,2,35,3.4,0.7
31,2016,5,39,3.8,43,4.1,11,1.1,,,20,2,34,3.4,0.7
31,2016,6,39,3.8,41,3.9,14,1.4,,,20,2,36,3.5,0.8
31,2016,7,36,3.5,43,4.1,14,1.4,,,20,2,36,3.5,0.8
31,2016,8,35,3.4,41,3.9,13,1.3,,,24,2.4,39,3.8,0.8
31,2016,9,35,3.4,37,3.5,9,0.9,,,18,1.8,29,2.8,0.9
31,2016,10,37,3.6,39,3.7,15,1.5,,,22,2.2,40,3.9,0.8
31,2016,11,37,3.6,41,3.9,12,1.2,,,20,2,35,3.4,0.8
31,2016,12,36,3.5,42,4,14,1.4,,,22,2.2,38,3.7,0.8
31,2017,1,38,3.7,40,3.8,13,1.3,,,21,2.1,36,3.5,0.8
31,2017,2,35,3.4,43,4,13,1.3,,,21,2.1,35,3.4,0.7
31,2017,3,41,4,42,4,11,1.1,,,22,2.2,36,3.5,0.7
31,2017,4,38,3.7,46,4.3,12,1.2,,,22,2.2,36,3.5,0.6
31,2017,5,37,3.6,40,3.8,13,1.3,,,22,2.2,37,3.6,0.7
31,2017,6,38,3.7,48,4.5,13,1.3,,,21,2.1,37,3.6,0.6
31,2017,7,41,4,41,3.9,13,1.3,,,22,2.2,38,3.7,0.7
31,2017,8,39,3.8,49,4.6,13,1.3,,,22,2.2,37,3.6,0.6
31,2017,9,39,3.8,53,4.9,10,1,,,21,2.1,33,3.2,0.6
31,2017,10,33,3.2,48,4.5,18,1.8,,,20,2,40,3.9,0.6
31,2017,11,35,3.4,47,4.4,12,1.2,,,22,2.2,36,3.5,0.6
31,2017,12,32,3.1,47,4.4,12,1.2,,,23,2.2,37,3.6,0.6
31,2018,1,40,3.9,55,5.1,13,1.3,,,23,2.3,40,3.9,0.5
31,2018,2,41,4,49,4.6,11,1.1,,,22,2.2,35,3.4,0.6
31,2018,3,37,3.6,51,4.7,13,1.3,,,23,2.2,38,3.7,0.6
31,2018,4,38,3.7,51,4.8,11,1.1,,,25,2.4,38,3.7,0.6
31,2018,5,41,4,53,4.9,12,1.2,,,25,2.4,39,3.8,0.6
31,2018,6,39,3.8,53,4.9,11,1.1,,,24,2.3,38,3.7,0.6
31,2018,7,40,3.9,54,5,10,1,,,26,2.5,39,3.8,0.5
31,2018,8,40,3.9,49,4.6,12,1.2,,,26,2.5,40,3.9,0.6
31,2018,9,42,4.1,52,4.8,14,1.4,,,25,2.4,41,4,0.6
31,2018,10,41,4,54,5,13,1.3,,,29,2.8,44,4.3,0.6
31,2018,11,42,4.1,59,5.4,15,1.5,,,26,2.5,43,4.2,0.5
31,2018,12,41,4,52,4.8,11,1.1,,,24,2.3,38,3.7,0.6
31,2019,1,37,3.6,54,5,11,1.1,,,22,2.1,34,3.3,0.6
31,2019,2,39,3.8,49,4.6,11,1.1,,,26,2.5,39,3.8,0.7
31,2019,3,35,3.4,50,4.7,9,0.9,,,24,2.3,35,3.4,0.6
31,2019,4,41,4,49,4.6,13,1.3,,,23,2.2,38,3.7,0.7
31,2019,5,38,3.7,51,4.7,10,1,,,25,2.4,38,3.7,0.6
31,2019,6,40,3.9,52,4.8,12,1.2,,,27,2.6,42,4.1,0.6
31,2019,7,37,3.6,50,4.6,11,1.1,,,25,2.4,39,3.8,0.7
31,2019,8,41,4,47,4.4,11,1.1,,,23,2.2,36,3.5,0.7
31,2019,9,39,3.8,49,4.6,10,1,,,25,2.4,37,3.6,0.7
31,2019,10,41,4,50,4.6,10,1,,,24,2.3,38,3.7,0.7
31,2019,11,39,3.8,49,4.5,11,1.1,,,25,2.4,38,3.7,0.7
31,2019,12,43,4.2,46,4.3,11,1.1,,,24,2.3,37,3.6,0.7
31,2020,1,40,3.9,50,4.6,11,1.1,,,28,2.7,41,4,0.6
31,2020,2,40,3.9,49,4.5,16,1.6,,,27,2.6,45,4.4,0.7
31,2020,3,39,3.8,42,3.9,78,7.6,,,23,2.2,103,10,1.1
31,2020,4,34,3.6,37,3.8,34,3.6,,,10,1.1,47,5,2.3
31,2020,5,43,4.6,32,3.3,13,1.4,,,14,1.5,29,3.1,2.1
31,2020,6,36,3.7,39,3.9,15,1.6,,,17,1.8,34,3.5,1.4
31,2020,7,41,4.2,50,4.9,11,1.1,,,25,2.6,38,3.9,1
31,2020,8,39,4,44,4.3,12,1.2,,,23,2.3,36,3.7,0.9
31,2020,9,39,3.9,47,4.5,12,1.2,,,24,2.4,38,3.8,0.8
31,2020,10,40,4,49,4.7,12,1.2,,,26,2.6,40,4,0.7
31,2020,11,46,4.6,53,5.1,14,1.4,,,25,2.5,42,4.2,0.6
31,2020,12,41,4.1,50,4.8,7,0.7,,,23,2.3,33,3.3,0.6
31,2021,1,43,4.3,50,4.8,10,1,,,27,2.7,39,3.9,0.6
31,2021,2,41,4.1,54,5.1,11,1.1,,,28,2.8,41,4.1,0.6
31,2021,3,42,4.2,56,5.3,10,1,,,29,2.9,41,4.1,0.5
31,2021,4,39,3.9,57,5.4,11,1.1,,,25,2.5,39,3.9,0.5
31,2021,5,37,3.7,63,5.9,8,0.8,,,25,2.5,35,3.5,0.5
31,2021,6,45,4.5,67,6.2,10,1,,,29,2.9,42,4.2,0.4
31,2021,7,43,4.2,67,6.2,9,0.9,,,25,2.5,38,3.8,0.4
31,2021,8,46,4.5,69,6.4,8,0.8,,,31,3.1,41,4.1,0.4
31,2021,9,39,3.9,67,6.2,8,0.8,,,25,2.5,36,3.6,0.4
31,2021,10,37,3.7,73,6.7,8,0.8,,,25,2.5,36,3.6,0.3
31,2021,11,39,3.8,63,5.8,8,0.8,,,26,2.6,37,3.6,0.4
31,2021,12,38,3.7,70,6.4,8,0.8,,,25,2.5,36,3.5,0.3
31,2022,1,40,3.9,82,7.5,9,0.9,,,25,2.5,37,3.6,0.3
31,2022,2,39,3.8,75,6.8,7,0.7,,,25,2.4,35,3.4,0.3
31,2022,3,40,3.9,79,7.2,8,0.8,,,26,2.5,36,3.5,0.3
31,2022,4,41,4,83,7.5,7,0.7,,,36,3.5,45,4.4,0.3
31,2022,5,36,3.5,72,6.6,15,1.5,,,24,2.4,42,4.1,0.3
31,2022,6,42,4.1,72,6.6,8,0.8,,,23,2.2,33,3.2,0.3
31,2022,7,41,4,76,6.9,8,0.8,,,25,2.4,35,3.4,0.3
31,2022,8,38,3.7,61,5.6,9,0.9,,,24,2.3,35,3.4,0.4
31,2022,9,39,3.8,67,6.1,9,0.9,,,25,2.4,36,3.5,0.4
31,2022,10,38,3.7,59,5.4,10,1,,,23,2.2,36,3.5,0.4
31,2022,11,40,3.9,61,5.6,9,0.9,,,24,2.3,36,3.5,0.4
31,2022,12,41,4,71,6.4,10,1,,,24,2.3,36,3.5,0.3
31,2023,1,41,3.9,66,6,16,1.5,,,24,2.3,41,3.9,0.4
31,2023,2,53,5.1,65,5.9,10,1,,,22,2.1,34,3.3,0.4
31,2023,3,37,3.5,59,5.4,13,1.2,,,23,2.2,37,3.5,0.4
31,2023,4,38,3.6,64,5.8,14,1.3,,,23,2.2,40,3.8,0.4
31,2023,5,41,3.9,62,5.6,12,1.1,,,24,2.3,38,3.6,0.4
31,2023,6,40,3.8,61,5.5,9,0.9,,,23,2.2,35,3.3,0.4
31,2023,7,35,3.3,53,4.8,11,1,,,23,2.2,37,3.5,0.5
31,2023,8,39,3.7,61,5.5,11,1,,,30,2.9,43,4.1,0.4
31,2023,9,36,3.4,58,5.2,11,1,,,23,2.2,36,3.4,0.4
31,2023,10,37,3.5,53,4.8,9,0.9,,,22,2.1,32,3,0.5
31,2023,11,35,3.3,56,5.1,10,0.9,,,27,2.6,38,3.6,0.5
31,2023,12,37,3.5,57,5.1,11,1,,,22,2.1,35,3.3,0.5
31,2024,1,34,3.2,48,4.4,11,1,,,22,2.1,36,3.4,0.6
31,2024,2,40,3.8,58,5.2,12,1.1,,,22,2.1,36,3.4,0.5
31,2024,3,36,3.4,51,4.6,12,1.1,,,20,1.9,34,3.2,0.5
31,2024,4,35,3.3,44,4,10,0.9,,,24,2.3,36,3.4,0.6
31,2024,5,37,3.5,46,4.2,11,1,,,25,2.4,38,3.6,0.6
31,2024,6,37,3.5,44,4,9,0.8,,,23,2.2,33,3.1,0.7
31,2024,7,36,3.4,45,4.1,12,1.1,,,21,2,36,3.4,0.7
31,2024,8,30,2.8,46,4.2,12,1.1,,,23,2.2,37,3.5,0.7
31,2024,9,34,3.2,46,4.2,11,1,,,20,1.9,32,3,0.7
31,2024,10,35,3.3,50,4.5,10,0.9,,,21,2,33,3.1,0.6
31,2024,11,35,3.3,45,4.1,12,1.1,,,21,2,35,3.3,0.7
31,2024,12,32,3,46,4.2,12,1.1,,,19,1.8,32,3,0.7
31,2025,1,31,2.9,44,4,10,0.9,,,18,1.7,29,2.7,0.7
31,2025,2,31,2.9,42,3.8,10,0.9,,,23,2.2,35,3.3,0.8
31,2025,3,33,3.1,48,4.3,11,1,,,22,2.1,35,3.3,0.7
31,2025,4,36,3.4,41,3.7,11,1,,,22,2.1,35,3.3,0.8
31,2025,5,31,2.9,43,3.9,11,1,,,21,2,35,3.3,0.7
31,2025,6,32,3,44,4,12,1.1,,,29,2.7,43,4,0.7
31,2025,7,33,3.1,41,3.7,12,1.1,,,21,2,34,3.2,0.8
31,2025,8,34,3.2,44,4,12,1.1,,,19,1.8,33,3.1,0.7
31,2025,9,42,4,42,3.8,11,1,,,21,2,34,3.2,0.8
31,2025,10,34,3.2,42,3.8,12,1.1,,,21,2,35,3.3,
31,2025,11,31,2.9,41,3.7,10,0.9,,,22,2.1,33,3.1,0.8
31,2025,12,32,3,38,3.5,10,0.9,,,23,2.2,35,3.3,0.9
32,2012,1,40,3.5,26,2.2,17,1.5,,,18,1.6,38,3.4,6.4
32,2012,2,39,3.4,26,2.2,18,1.6,,,19,1.7,40,3.5,6.3
32,2012,3,48,4.2,27,2.3,15,1.3,,,22,1.9,40,3.5,6
32,2012,4,44,3.9,29,2.5,20,1.8,,,28,2.5,51,4.5,5.6
32,2012,5,45,3.9,30,2.6,18,1.6,,,21,1.8,42,3.7,5.4
32,2012,6,39,3.4,33,2.8,21,1.8,,,19,1.7,41,3.6,4.8
32,2012,7,45,3.9,32,2.7,19,1.7,,,20,1.7,42,3.7,4.9
32,2012,8,44,3.8,33,2.8,18,1.6,,,20,1.7,41,3.6,4.7
32,2012,9,37,3.2,36,3,16,1.4,,,19,1.7,37,3.2,4.2
32,2012,10,47,4.1,34,2.9,22,1.9,,,22,1.9,46,4,4.4
32,2012,11,45,3.9,38,3.2,19,1.6,,,21,1.8,42,3.6,3.9
32,2012,12,51,4.4,36,3,17,1.5,,,21,1.8,41,3.6,4.1
32,2013,1,43,3.7,39,3.3,16,1.4,,,22,1.9,42,3.6,3.7
32,2013,2,46,4,35,2.9,16,1.4,,,22,1.9,40,3.4,4.1
32,2013,3,47,4,40,3.3,16,1.4,,,19,1.6,37,3.2,3.6
32,2013,4,45,3.9,32,2.7,24,2.1,,,20,1.7,47,4,4.4
32,2013,5,46,3.9,37,3.1,18,1.5,,,24,2.1,44,3.8,3.8
32,2013,6,50,4.3,38,3.1,15,1.3,,,21,1.8,41,3.5,3.6
32,2013,7,41,3.5,35,2.9,16,1.4,,,23,2,42,3.6,3.9
32,2013,8,43,3.6,40,3.3,18,1.5,,,27,2.3,48,4.1,3.4
32,2013,9,45,3.8,33,2.7,21,1.8,,,25,2.1,48,4.1,4
32,2013,10,47,4,43,3.5,17,1.4,,,23,1.9,44,3.7,3
32,2013,11,48,4,46,3.7,21,1.8,,,26,2.2,50,4.2,2.8
32,2013,12,50,4.2,50,4,19,1.6,,,24,2,45,3.8,2.5
32,2014,1,55,4.6,47,3.8,18,1.5,,,25,2.1,45,3.8,2.6
32,2014,2,52,4.3,55,4.4,20,1.7,,,26,2.2,49,4.1,2.2
32,2014,3,53,4.4,49,3.9,21,1.7,,,26,2.2,50,4.2,2.4
32,2014,4,47,3.9,54,4.3,15,1.2,,,27,2.2,45,3.7,2.2
32,2014,5,52,4.3,54,4.3,26,2.1,,,26,2.1,54,4.5,2.1
32,2014,6,52,4.3,51,4,17,1.4,,,24,2,44,3.6,2.2
32,2014,7,53,4.4,47,3.7,19,1.6,,,29,2.4,51,4.2,2.4
32,2014,8,53,4.3,54,4.2,18,1.5,,,27,2.2,48,3.9,2
32,2014,9,62,5.1,53,4.1,17,1.4,,,30,2.4,51,4.2,2.1
32,2014,10,54,4.4,47,3.7,16,1.3,,,28,2.3,47,3.8,2.3
32,2014,11,39,3.2,47,3.7,13,1.1,,,25,2,41,3.3,2.3
32,2014,12,48,3.9,46,3.6,14,1.1,,,25,2,42,3.4,2.3
32,2015,1,48,3.9,52,4,16,1.3,,,27,2.2,46,3.7,2
32,2015,2,53,4.3,54,4.2,15,1.2,,,29,2.3,47,3.8,1.9
32,2015,3,48,3.9,56,4.3,18,1.4,,,29,2.3,51,4.1,1.8
32,2015,4,50,4,56,4.3,15,1.2,,,28,2.2,47,3.8,1.8
32,2015,5,48,3.8,51,3.9,14,1.1,,,26,2.1,44,3.5,1.9
32,2015,6,49,3.9,50,3.8,15,1.2,,,30,2.4,47,3.7,1.9
32,2015,7,52,4.1,57,4.3,15,1.2,,,26,2.1,45,3.6,1.7
32,2015,8,53,4.2,50,3.8,13,1,,,23,1.8,39,3.1,1.9
32,2015,9,55,4.3,46,3.5,16,1.3,,,27,2.1,46,3.6,2
32,2015,10,53,4.2,62,4.6,20,1.6,,,29,2.3,53,4.2,1.5
32,2015,11,57,4.5,56,4.2,17,1.3,,,29,2.3,50,3.9,1.6
32,2015,12,54,4.2,54,4,18,1.4,,,29,2.3,50,3.9,1.7
32,2016,1,52,4.1,55,4.1,16,1.3,,,28,2.2,52,4.1,1.6
32,2016,2,50,3.9,56,4.2,23,1.8,,,30,2.3,59,4.6,1.6
32,2016,3,50,3.9,56,4.2,14,1.1,,,28,2.2,44,3.4,1.5
32,2016,4,59,4.6,62,4.6,18,1.4,,,33,2.6,55,4.3,1.4
32,2016,5,52,4,57,4.2,17,1.3,,,34,2.6,53,4.1,1.5
32,2016,6,59,4.6,60,4.4,14,1.1,,,31,2.4,47,3.6,1.4
32,2016,7,55,4.2,57,4.2,35,2.7,,,35,2.7,72,5.5,1.4
32,2016,8,52,4,51,3.8,22,1.7,,,28,2.1,52,4,1.6
32,2016,9,58,4.4,56,4.1,13,1,,,31,2.4,46,3.5,1.4
32,2016,10,44,3.4,49,3.6,18,1.4,,,29,2.2,50,3.8,1.6
32,2016,11,61,4.6,55,4,44,3.3,,,33,2.5,80,6.1,1.4
32,2016,12,49,3.7,52,3.8,16,1.2,,,31,2.4,50,3.8,1.5
32,2017,1,52,3.9,51,3.7,16,1.2,,,32,2.4,52,3.9,1.5
32,2017,2,52,3.9,60,4.3,16,1.2,,,31,2.3,50,3.8,1.3
32,2017,3,56,4.2,52,3.7,15,1.1,,,32,2.4,49,3.7,1.4
32,2017,4,50,3.8,52,3.8,13,1,,,32,2.4,48,3.6,1.4
32,2017,5,59,4.4,59,4.2,13,1,,,30,2.2,46,3.4,1.2
32,2017,6,49,3.7,54,3.9,14,1,,,30,2.2,47,3.5,1.3
32,2017,7,51,3.8,62,4.4,16,1.2,,,30,2.2,48,3.6,1.2
32,2017,8,53,4,66,4.7,17,1.3,,,37,2.8,57,4.2,1.1
32,2017,9,54,4,57,4.1,20,1.5,,,32,2.4,55,4.1,1.3
32,2017,10,52,3.9,70,4.9,16,1.2,,,33,2.4,52,3.9,1
32,2017,11,55,4.1,59,4.2,13,1,,,34,2.5,49,3.6,1.2
32,2017,12,58,4.3,58,4.1,15,1.1,,,40,2.9,58,4.3,1.2
32,2018,1,54,4,66,4.6,18,1.3,,,31,2.3,52,3.8,1.1
32,2018,2,57,4.2,63,4.4,19,1.4,,,34,2.5,56,4.1,1.1
32,2018,3,53,3.9,71,4.9,18,1.3,,,35,2.6,57,4.2,1
32,2018,4,59,4.3,63,4.4,24,1.7,,,38,2.8,65,4.7,1.1
32,2018,5,57,4.1,64,4.4,14,1,,,36,2.6,53,3.8,1
32,2018,6,62,4.5,66,4.6,20,1.4,,,39,2.8,62,4.5,1
32,2018,7,60,4.3,60,4.2,13,0.9,,,36,2.6,52,3.8,1.1
32,2018,8,59,4.2,77,5.2,14,1,,,40,2.9,57,4.1,0.8
32,2018,9,49,3.5,75,5.1,14,1,,,39,2.8,56,4,0.9
32,2018,10,58,4.1,77,5.2,16,1.1,,,37,2.6,57,4.1,0.8
32,2018,11,57,4.1,72,4.9,17,1.2,,,36,2.6,55,3.9,0.9
32,2018,12,76,5.4,76,5.1,17,1.2,,,42,3,61,4.4,0.9
32,2019,1,61,4.3,65,4.4,14,1,,,40,2.8,56,4,1
32,2019,2,50,3.5,67,4.5,13,0.9,,,37,2.6,52,3.7,1
32,2019,3,59,4.2,69,4.7,14,1,,,39,2.8,55,3.9,0.9
32,2019,4,60,4.2,67,4.5,17,1.2,,,38,2.7,59,4.2,1
32,2019,5,58,4.1,71,4.8,24,1.7,,,38,2.7,64,4.5,0.9
32,2019,6,58,4.1,70,4.7,17,1.2,,,40,2.8,60,4.2,0.9
32,2019,7,61,4.3,67,4.5,19,1.3,,,39,2.7,60,4.2,0.9
32,2019,8,62,4.4,62,4.2,16,1.1,,,38,2.7,57,4,1
32,2019,9,57,4,61,4.1,20,1.4,,,38,2.7,60,4.2,1
32,2019,10,61,4.3,61,4.1,21,1.5,,,38,2.7,62,4.3,1
32,2019,11,61,4.2,67,4.5,17,1.2,,,36,2.5,57,4,1
32,2019,12,55,3.8,70,4.6,19,1.3,,,37,2.6,59,4.1,0.9
32,2020,1,73,5.1,72,4.8,32,2.2,,,40,2.8,76,5.3,0.9
32,2020,2,66,4.6,62,4.1,33,2.3,,,39,2.7,76,5.3,1.1
32,2020,3,69,4.8,60,4,247,17.3,,,46,3.2,301,21,1.9
32,2020,4,51,4.6,38,3.3,185,16.6,,,22,2,211,18.9,11.8
32,2020,5,115,10.4,53,4.6,46,4.2,,,36,3.3,85,7.7,6.5
32,2020,6,135,11.2,75,5.9,32,2.7,,,33,2.7,69,5.7,3.8
32,2020,7,87,7,79,6,27,2.2,,,37,3,67,5.4,3.2
32,2020,8,77,6.1,66,5,23,1.8,,,24,1.9,52,4.1,3.2
32,2020,9,84,6.6,70,5.2,20,1.6,,,37,2.9,60,4.7,2.8
32,2020,10,75,5.8,77,5.6,20,1.6,,,31,2.4,54,4.2,2.2
32,2020,11,62,4.8,64,4.7,30,2.3,,,39,3,80,6.2,2.4
32,2020,12,57,4.4,62,4.6,31,2.4,,,32,2.5,65,5,2.3
32,2021,1,51,3.9,73,5.3,21,1.6,,,38,2.9,62,4.8,1.8
32,2021,2,63,4.8,77,5.6,18,1.4,,,36,2.7,57,4.4,1.7
32,2021,3,76,5.7,99,7,20,1.5,,,38,2.9,62,4.7,1.2
32,2021,4,78,5.8,99,6.9,17,1.3,,,38,2.8,58,4.3,1.2
32,2021,5,87,6.4,121,8.2,25,1.8,,,42,3.1,71,5.2,0.9
32,2021,6,91,6.6,130,8.6,18,1.3,,,40,2.9,62,4.5,0.8
32,2021,7,111,8,136,8.9,27,1.9,,,41,2.9,71,5.1,0.7
32,2021,8,85,6.1,120,7.9,14,1,,,44,3.1,61,4.4,0.8
32,2021,9,77,5.5,104,6.9,21,1.5,,,65,4.6,88,6.3,0.8
32,2021,10,78,5.5,112,7.3,13,0.9,,,46,3.2,62,4.4,0.7
32,2021,11,81,5.6,113,7.3,13,0.9,,,41,2.9,57,4,0.7
32,2021,12,69,4.8,107,6.9,16,1.1,,,41,2.8,63,4.4,0.7
32,2022,1,78,5.4,108,6.9,17,1.2,,,45,3.1,66,4.6,0.7
32,2022,2,72,4.9,118,7.5,15,1,,,44,3,61,4.2,0.7
32,2022,3,68,4.6,119,7.5,12,0.8,,,48,3.3,61,4.1,0.7
32,2022,4,94,6.3,118,7.4,10,0.7,,,44,3,56,3.8,0.7
32,2022,5,78,5.2,108,6.8,14,0.9,,,42,2.8,59,4,0.7
32,2022,6,65,4.4,98,6.2,19,1.3,,,42,2.8,65,4.4,0.8
32,2022,7,67,4.5,105,6.6,24,1.6,,,44,2.9,73,4.9,0.8
32,2022,8,76,5.1,95,6,19,1.3,,,44,2.9,65,4.3,0.9
32,2022,9,75,5,97,6,13,0.9,,,47,3.1,64,4.2,0.9
32,2022,10,70,4.6,103,6.4,26,1.7,,,45,3,75,5,0.8
32,2022,11,68,4.5,94,5.9,19,1.3,,,49,3.2,72,4.8,0.9
32,2022,12,67,4.4,107,6.6,16,1.1,,,49,3.2,68,4.5,0.8
32,2023,1,68,4.5,104,6.4,17,1.1,,,40,2.6,60,3.9,0.8
32,2023,2,59,3.9,101,6.2,17,1.1,,,41,2.7,61,4,0.8
32,2023,3,67,4.4,111,6.8,21,1.4,,,40,2.6,64,4.2,0.7
32,2023,4,55,3.6,109,6.7,19,1.2,,,42,2.7,64,4.2,0.7
32,2023,5,59,3.8,96,5.9,12,0.8,,,41,2.7,55,3.6,0.8
32,2023,6,59,3.8,92,5.6,14,0.9,,,42,2.7,57,3.7,0.9
32,2023,7,58,3.8,78,4.8,16,1,,,38,2.5,57,3.7,1
32,2023,8,60,3.9,100,6.1,19,1.2,,,41,2.7,63,4.1,0.8
32,2023,9,58,3.7,99,6,14,0.9,,,36,2.3,53,3.4,0.8
32,2023,10,64,4.1,84,5.1,14,0.9,,,34,2.2,51,3.3,1
32,2023,11,62,4,88,5.4,24,1.5,,,39,2.5,66,4.2,1
32,2023,12,68,4.3,79,4.8,32,2,,,40,2.6,75,4.8,1.1
32,2024,1,57,3.6,74,4.5,19,1.2,,,36,2.3,58,3.7,1.1
32,2024,2,69,4.4,89,5.4,22,1.4,,,41,2.6,67,4.3,1
32,2024,3,60,3.8,73,4.4,21,1.3,,,39,2.5,63,4,1.2
32,2024,4,60,3.8,63,3.9,18,1.1,,,35,2.2,58,3.7,1.4
32,2024,5,58,3.7,67,4.1,24,1.5,,,35,2.2,60,3.8,1.3
32,2024,6,55,3.5,62,3.8,18,1.1,,,35,2.2,56,3.6,1.4
32,2024,7,61,3.9,59,3.6,20,1.3,,,35,2.2,59,3.8,1.5
32,2024,8,55,3.5,66,4.1,20,1.3,,,34,2.2,57,3.6,1.4
32,2024,9,65,4.1,67,4.1,24,1.5,,,35,2.2,61,3.9,1.3
32,2024,10,56,3.6,79,4.8,22,1.4,,,48,3.1,73,4.6,1.1
32,2024,11,57,3.6,68,4.2,17,1.1,,,34,2.2,53,3.4,1.3
32,2024,12,70,4.5,74,4.5,16,1,,,29,1.8,48,3.1,1.2
32,2025,1,54,3.4,76,4.6,18,1.1,,,34,2.2,56,3.6,1.2
32,2025,2,57,3.6,69,4.2,34,2.2,,,35,2.2,71,4.5,1.3
32,2025,3,55,3.5,66,4,17,1.1,,,29,1.8,47,3,1.3
32,2025,4,60,3.8,67,4.1,17,1.1,,,32,2,52,3.3,1.3
32,2025,5,66,4.2,64,3.9,23,1.5,,,38,2.4,64,4.1,1.4
32,2025,6,68,4.3,55,3.4,25,1.6,,,33,2.1,62,3.9,1.6
32,2025,7,65,4.1,72,4.3,17,1.1,,,30,1.9,50,3.1,1.2
32,2025,8,53,3.3,59,3.6,24,1.5,,,34,2.1,61,3.8,1.5
32,2025,9,56,3.5,59,3.6,21,1.3,,,29,1.8,53,3.3,1.5
32,2025,10,55,3.4,60,3.6,24,1.5,,,30,1.9,57,3.6,
32,2025,11,55,3.4,55,3.3,24,1.5,,,28,1.8,55,3.4,1.6
32,2025,12,64,4,52,3.1,13,0.8,,,28,1.8,44,2.8,1.7
33,2012,1,23,3.7,19,2.9,9,1.4,,,12,1.9,23,3.7,2
33,2012,2,22,3.5,19,2.9,16,2.5,,,9,1.4,27,4.3,2
33,2012,3,22,3.5,21,3.2,12,1.9,,,10,1.6,24,3.8,1.9
33,2012,4,22,3.5,20,3.1,10,1.6,,,10,1.6,22,3.5,2
33,2012,5,22,3.5,21,3.2,11,1.7,,,10,1.6,22,3.5,1.9
33,2012,6,25,4,21,3.2,9,1.4,,,10,1.6,21,3.3,2
33,2012,7,20,3.2,19,2.9,9,1.4,,,9,1.4,20,3.2,2.2
33,2012,8,22,3.5,24,3.7,9,1.4,,,11,1.7,22,3.5,1.7
33,2012,9,24,3.8,20,3.1,9,1.4,,,9,1.4,21,3.3,2.1
33,2012,10,18,2.8,19,2.9,9,1.4,,,8,1.3,19,3,2.2
33,2012,11,21,3.3,20,3.1,10,1.6,,,10,1.6,22,3.5,2.1
33,2012,12,22,3.5,19,2.9,12,1.9,,,10,1.6,25,4,2.2
33,2013,1,22,3.5,19,2.9,10,1.6,,,13,2,25,3.9,2.2
33,2013,2,23,3.6,20,3.1,8,1.3,,,10,1.6,20,3.1,2.1
33,2013,3,23,3.6,20,3.1,15,2.4,,,9,1.4,25,3.9,2
33,2013,4,22,3.5,20,3.1,11,1.7,,,9,1.4,22,3.5,2
33,2013,5,23,3.6,21,3.2,9,1.4,,,10,1.6,21,3.3,1.9
33,2013,6,22,3.5,22,3.3,11,1.7,,,10,1.6,23,3.6,1.8
33,2013,7,23,3.6,19,2.9,10,1.6,,,10,1.6,21,3.3,2
33,2013,8,23,3.6,20,3,10,1.6,,,9,1.4,22,3.5,1.9
33,2013,9,21,3.3,20,3,10,1.6,,,11,1.7,22,3.5,1.9
33,2013,10,21,3.3,20,3,8,1.3,,,11,1.7,21,3.3,1.9
33,2013,11,23,3.6,22,3.3,7,1.1,,,13,2,21,3.3,1.7
33,2013,12,21,3.3,22,3.3,7,1.1,,,8,1.2,17,2.7,1.6
33,2014,1,19,3,19,2.9,11,1.7,,,10,1.6,23,3.6,1.9
33,2014,2,21,3.3,20,3,8,1.2,,,11,1.7,21,3.3,1.7
33,2014,3,19,3,20,3,9,1.4,,,12,1.9,22,3.4,1.7
33,2014,4,22,3.4,21,3.2,13,2,,,13,2,28,4.4,1.6
33,2014,5,24,3.7,22,3.3,19,3,,,10,1.6,31,4.8,1.5
33,2014,6,24,3.7,25,3.7,9,1.4,,,11,1.7,21,3.3,1.3
33,2014,7,23,3.6,25,3.7,9,1.4,,,13,2,24,3.7,1.3
33,2014,8,23,3.6,24,3.6,10,1.6,,,13,2,26,4.1,1.3
33,2014,9,30,4.6,28,4.2,9,1.4,,,12,1.9,23,3.6,1.1
33,2014,10,26,4,22,3.3,10,1.5,,,13,2,25,3.9,1.4
33,2014,11,24,3.7,22,3.3,8,1.2,,,11,1.7,22,3.4,1.4
33,2014,12,30,4.6,23,3.4,11,1.7,,,11,1.7,24,3.7,1.3
33,2015,1,20,3.1,24,3.6,9,1.4,,,12,1.9,23,3.5,1.2
33,2015,2,29,4.5,29,4.3,10,1.5,,,11,1.7,24,3.7,1
33,2015,3,26,4,23,3.4,8,1.2,,,13,2,23,3.5,1.2
33,2015,4,22,3.4,23,3.4,7,1.1,,,10,1.5,18,2.8,1.2
33,2015,5,23,3.5,25,3.7,7,1.1,,,12,1.8,21,3.2,1.1
33,2015,6,21,3.2,23,3.4,9,1.4,,,13,2,25,3.8,1.1
33,2015,7,25,3.8,29,4.2,7,1.1,,,13,2,22,3.4,0.9
33,2015,8,26,4,25,3.7,10,1.5,,,12,1.8,23,3.5,1
33,2015,9,24,3.7,25,3.7,9,1.4,,,12,1.8,23,3.5,1
33,2015,10,25,3.8,27,3.9,9,1.4,,,10,1.5,20,3,0.9
33,2015,11,30,4.6,25,3.7,10,1.5,,,12,1.8,23,3.5,0.9
33,2015,12,25,3.8,26,3.8,9,1.4,,,14,2.1,25,3.8,0.9
33,2016,1,24,3.6,29,4.2,10,1.5,,,12,1.8,25,3.8,0.8
33,2016,2,26,3.9,26,3.8,9,1.4,,,12,1.8,23,3.5,0.8
33,2016,3,25,3.8,24,3.5,10,1.5,,,13,2,25,3.8,0.9
33,2016,4,25,3.8,26,3.8,10,1.5,,,12,1.8,23,3.5,0.8
33,2016,5,22,3.3,26,3.8,8,1.2,,,14,2.1,23,3.5,0.8
33,2016,6,24,3.6,26,3.8,8,1.2,,,15,2.3,24,3.6,0.8
33,2016,7,25,3.8,29,4.2,9,1.4,,,14,2.1,24,3.6,0.8
33,2016,8,26,3.9,26,3.8,8,1.2,,,14,2.1,24,3.6,0.8
33,2016,9,26,3.9,28,4,7,1,,,15,2.2,23,3.4,0.8
33,2016,10,26,3.9,27,3.9,8,1.2,,,14,2.1,23,3.4,0.8
33,2016,11,25,3.7,27,3.9,8,1.2,,,14,2.1,24,3.6,0.8
33,2016,12,26,3.9,27,3.9,8,1.2,,,14,2.1,24,3.6,0.8
33,2017,1,25,3.7,24,3.5,8,1.2,,,14,2.1,25,3.7,0.9
33,2017,2,26,3.9,28,4,12,1.8,,,14,2.1,28,4.2,0.8
33,2017,3,27,4,28,4,8,1.2,,,15,2.2,26,3.9,0.8
33,2017,4,27,4,30,4.3,9,1.3,,,14,2.1,25,3.7,0.7
33,2017,5,28,4.2,28,4,10,1.5,,,16,2.4,27,4,0.8
33,2017,6,27,4,29,4.1,10,1.5,,,14,2.1,26,3.9,0.7
33,2017,7,26,3.9,27,3.9,11,1.6,,,14,2.1,26,3.9,0.8
33,2017,8,22,3.3,29,4.1,12,1.8,,,14,2.1,27,4,0.7
33,2017,9,28,4.2,27,3.9,10,1.5,,,15,2.2,27,4,0.8
33,2017,10,33,4.9,30,4.3,11,1.6,,,17,2.5,29,4.3,0.7
33,2017,11,27,4,31,4.4,10,1.5,,,16,2.4,28,4.2,0.7
33,2017,12,28,4.1,31,4.4,8,1.2,,,16,2.4,26,3.9,0.7
33,2018,1,31,4.6,32,4.5,11,1.6,,,16,2.4,28,4.1,0.7
33,2018,2,28,4.1,31,4.4,9,1.3,,,16,2.4,26,3.8,0.7
33,2018,3,23,3.4,34,4.8,18,2.7,,,13,1.9,33,4.9,0.6
33,2018,4,28,4.1,35,4.9,7,1,,,17,2.5,26,3.8,0.6
33,2018,5,27,4,32,4.5,8,1.2,,,14,2.1,24,3.5,0.6
33,2018,6,28,4.1,33,4.6,11,1.6,,,13,1.9,25,3.7,0.6
33,2018,7,27,4,33,4.6,12,1.8,,,13,1.9,28,4.1,0.6
33,2018,8,28,4.1,29,4.1,9,1.3,,,12,1.8,22,3.2,0.7
33,2018,9,22,3.2,33,4.6,10,1.5,,,12,1.8,23,3.4,0.6
33,2018,10,24,3.5,33,4.6,9,1.3,,,9,1.3,20,2.9,0.6
33,2018,11,26,3.8,32,4.5,9,1.3,,,12,1.8,23,3.4,0.6
33,2018,12,24,3.5,31,4.4,9,1.3,,,15,2.2,25,3.7,0.6
33,2019,1,25,3.7,33,4.6,8,1.2,,,12,1.8,22,3.2,0.6
33,2019,2,24,3.5,30,4.2,7,1,,,12,1.8,22,3.2,0.7
33,2019,3,26,3.8,31,4.3,9,1.3,,,14,2,24,3.5,0.6
33,2019,4,26,3.8,28,3.9,9,1.3,,,13,1.9,24,3.5,0.7
33,2019,5,28,4.1,33,4.6,10,1.5,,,14,2,26,3.8,0.6
33,2019,6,27,3.9,33,4.6,9,1.3,,,16,2.3,28,4.1,0.6
33,2019,7,27,4,31,4.3,8,1.2,,,13,1.9,22,3.2,0.6
33,2019,8,27,3.9,34,4.7,9,1.3,,,14,2,24,3.5,0.6
33,2019,9,26,3.8,32,4.5,9,1.3,,,13,1.9,24,3.5,0.6
33,2019,10,26,3.8,31,4.3,10,1.5,,,13,1.9,25,3.6,0.6
33,2019,11,26,3.8,31,4.3,10,1.5,,,13,1.9,25,3.6,0.6
33,2019,12,27,3.9,33,4.6,10,1.5,,,12,1.7,24,3.5,0.6
33,2020,1,27,3.9,33,4.6,9,1.3,,,13,1.9,23,3.3,0.6
33,2020,2,27,3.9,36,5,10,1.5,,,14,2,26,3.8,0.5
33,2020,3,24,3.5,33,4.6,64,9.4,,,10,1.5,75,11,0.6
33,2020,4,18,3.1,26,4.3,47,8.2,,,8,1.4,56,9.8,4.6
33,2020,5,37,6.3,29,4.7,12,2,,,6,1,19,3.2,3.1
33,2020,6,40,6.6,31,4.8,10,1.6,,,9,1.5,21,3.4,2.3
33,2020,7,25,4,28,4.3,8,1.3,,,10,1.6,19,3.1,2.2
33,2020,8,25,3.9,30,4.5,6,0.9,,,10,1.6,17,2.7,1.7
33,2020,9,25,3.9,30,4.4,6,0.9,,,9,1.4,16,2.5,1.5
33,2020,10,26,4,32,4.7,13,2,,,12,1.9,26,4,1.2
33,2020,11,24,3.7,31,4.6,9,1.4,,,12,1.8,23,3.5,1.2
33,2020,12,25,3.9,33,4.9,9,1.4,,,12,1.9,22,3.4,1.1
33,2021,1,24,3.7,33,4.8,9,1.4,,,12,1.8,22,3.4,1
33,2021,2,26,4,38,5.5,9,1.4,,,14,2.2,24,3.7,0.8
33,2021,3,26,4,41,5.9,7,1.1,,,15,2.3,25,3.8,0.7
33,2021,4,33,5,48,6.8,7,1.1,,,19,2.9,28,4.3,0.6
33,2021,5,26,3.9,54,7.6,6,0.9,,,13,2,21,3.2,0.5
33,2021,6,28,4.2,55,7.7,6,0.9,,,18,2.7,26,3.9,0.5
33,2021,7,30,4.5,64,8.8,8,1.2,,,16,2.4,26,3.9,0.4
33,2021,8,28,4.2,56,7.7,9,1.3,,,18,2.7,29,4.3,0.4
33,2021,9,30,4.5,51,7.1,8,1.2,,,21,3.1,30,4.5,0.4
33,2021,10,35,5.2,53,7.3,7,1,,,18,2.7,27,4,0.4
33,2021,11,32,4.7,60,8.2,10,1.5,,,22,3.3,34,5,0.3
33,2021,12,31,4.6,60,8.2,9,1.3,,,20,3,31,4.6,0.3
33,2022,1,31,4.6,58,7.9,9,1.3,,,18,2.7,29,4.3,0.3
33,2022,2,33,4.9,60,8.1,6,0.9,,,19,2.8,32,4.7,0.3
33,2022,3,31,4.5,60,8.1,8,1.2,,,17,2.5,29,4.3,0.3
33,2022,4,32,4.7,54,7.3,7,1,,,19,2.8,27,3.9,0.3
33,2022,5,29,4.2,52,7.1,7,1,,,20,2.9,29,4.2,0.3
33,2022,6,31,4.6,52,7.1,8,1.2,,,17,2.5,26,3.8,0.3
33,2022,7,30,4.4,56,7.5,7,1,,,18,2.6,27,3.9,0.3
33,2022,8,25,3.6,43,5.9,9,1.3,,,18,2.6,33,4.8,0.4
33,2022,9,30,4.3,54,7.2,9,1.3,,,20,2.9,30,4.3,0.4
33,2022,10,28,4.1,56,7.5,16,2.3,,,18,2.6,35,5.1,0.3
33,2022,11,28,4,52,7,9,1.3,,,16,2.3,25,3.6,0.4
33,2022,12,30,4.3,47,6.4,10,1.4,,,16,2.3,28,4,0.4
33,2023,1,31,4.5,49,6.6,14,2,,,17,2.4,33,4.7,0.4
33,2023,2,29,4.2,46,6.2,8,1.1,,,16,2.3,25,3.6,0.4
33,2023,3,29,4.2,45,6.1,11,1.6,,,18,2.6,29,4.2,0.4
33,2023,4,44,6.3,46,6.2,7,1,,,16,2.3,24,3.4,0.4
33,2023,5,29,4.1,38,5.2,8,1.1,,,16,2.3,25,3.6,0.4
33,2023,6,27,3.9,40,5.4,7,1,,,18,2.6,26,3.7,0.4
33,2023,7,25,3.6,45,6.1,8,1.1,,,15,2.1,24,3.4,0.4
33,2023,8,27,3.9,42,5.7,7,1,,,11,1.6,20,2.9,0.4
33,2023,9,26,3.7,40,5.4,7,1,,,15,2.1,23,3.3,0.4
33,2023,10,24,3.4,38,5.1,12,1.7,,,16,2.3,30,4.3,0.5
33,2023,11,25,3.6,38,5.1,8,1.1,,,15,2.1,25,3.6,0.5
33,2023,12,25,3.6,38,5.1,8,1.1,,,14,2,24,3.4,0.5
33,2024,1,23,3.3,39,5.3,10,1.4,,,13,1.9,24,3.4,0.5
33,2024,2,30,4.3,37,5,11,1.6,,,14,2,27,3.8,0.5
33,2024,3,25,3.6,39,5.3,10,1.4,,,14,2,26,3.7,0.5
33,2024,4,23,3.3,35,4.7,11,1.6,,,16,2.3,29,4.1,0.5
33,2024,5,26,3.7,38,5.1,11,1.6,,,16,2.3,29,4.1,0.5
33,2024,6,27,3.8,37,5,12,1.7,,,12,1.7,25,3.5,0.5
33,2024,7,25,3.6,35,4.7,12,1.7,,,12,1.7,26,3.7,0.6
33,2024,8,26,3.7,35,4.7,7,1,,,13,1.8,22,3.1,0.6
33,2024,9,26,3.7,43,5.7,9,1.3,,,13,1.8,23,3.3,0.5
33,2024,10,27,3.8,37,5,7,1,,,12,1.7,20,2.8,0.6
33,2024,11,24,3.4,35,4.7,9,1.3,,,10,1.4,25,3.5,0.6
33,2024,12,16,2.3,31,4.2,9,1.3,,,13,1.8,23,3.3,0.7
33,2025,1,24,3.4,34,4.6,9,1.3,,,13,1.8,23,3.3,0.7
33,2025,2,24,3.4,35,4.7,13,1.8,,,15,2.1,29,4.1,0.7
33,2025,3,26,3.7,33,4.5,7,1,,,13,1.8,23,3.3,0.7
33,2025,4,22,3.1,32,4.4,8,1.1,,,13,1.8,22,3.1,0.8
33,2025,5,28,4,34,4.6,8,1.1,,,11,1.6,20,2.8,0.7
33,2025,6,23,3.3,34,4.6,7,1,,,13,1.8,21,3,0.7
33,2025,7,23,3.3,33,4.5,9,1.3,,,13,1.8,23,3.3,0.7
33,2025,8,24,3.4,32,4.4,10,1.4,,,12,1.7,23,3.3,0.8
33,2025,9,24,3.4,32,4.4,9,1.3,,,12,1.7,23,3.3,0.8
33,2025,10,26,3.7,38,5.2,10,1.4,,,12,1.7,22,3.1,
33,2025,11,26,3.7,32,4.4,9,1.3,,,11,1.6,21,3,0.8
33,2025,12,17,2.4,22,3.1,8,1.1,,,14,2,23,3.3,1.1
34,2012,1,109,2.8,86,2.2,43,1.1,,,54,1.4,108,2.8,5
34,2012,2,124,3.2,91,2.3,57,1.5,,,47,1.2,116,3,4.7
34,2012,3,105,2.7,89,2.2,63,1.6,,,47,1.2,121,3.1,4.9
34,2012,4,111,2.9,116,2.9,59,1.5,,,48,1.2,113,2.9,3.8
34,2012,5,115,3,96,2.4,111,2.9,,,43,1.1,159,4.1,4.6
34,2012,6,128,3.3,92,2.3,64,1.6,,,46,1.2,121,3.1,4.8
34,2012,7,99,2.6,96,2.4,60,1.5,,,52,1.3,121,3.1,4.6
34,2012,8,119,3.1,93,2.3,63,1.6,,,49,1.3,120,3.1,4.8
34,2012,9,102,2.6,81,2,54,1.4,,,47,1.2,113,2.9,5.4
34,2012,10,87,2.2,98,2.5,65,1.7,,,43,1.1,115,3,4.5
34,2012,11,105,2.7,91,2.3,73,1.9,,,53,1.4,134,3.5,4.8
34,2012,12,127,3.3,104,2.6,78,2,,,50,1.3,135,3.5,4.2
34,2013,1,104,2.7,106,2.6,50,1.3,,,49,1.3,106,2.7,4
34,2013,2,101,2.6,94,2.3,41,1,,,50,1.3,97,2.5,4.5
34,2013,3,88,2.2,101,2.5,61,1.6,,,42,1.1,108,2.7,4.1
34,2013,4,121,3.1,107,2.7,48,1.2,,,56,1.4,120,3.1,3.8
34,2013,5,121,3.1,108,2.7,42,1.1,,,59,1.5,111,2.8,3.7
34,2013,6,127,3.2,128,3.2,61,1.6,,,48,1.2,118,3,3.1
34,2013,7,111,2.8,118,2.9,65,1.7,,,45,1.1,118,3,3.3
34,2013,8,106,2.7,109,2.7,62,1.6,,,57,1.4,129,3.3,3.5
34,2013,9,114,2.9,120,3,61,1.5,,,53,1.3,123,3.1,3.1
34,2013,10,110,2.8,115,2.8,49,1.2,,,47,1.2,110,2.8,3.1
34,2013,11,110,2.8,122,3,28,0.7,,,44,1.1,83,2.1,2.8
34,2013,12,101,2.6,110,2.7,44,1.1,,,46,1.2,103,2.6,3.1
34,2014,1,99,2.5,119,2.9,74,1.9,,,44,1.1,129,3.3,2.8
34,2014,2,102,2.6,126,3.1,61,1.6,,,52,1.3,125,3.2,2.5
34,2014,3,109,2.8,121,3,41,1,,,45,1.1,100,2.5,2.6
34,2014,4,99,2.5,114,2.8,42,1.1,,,49,1.2,104,2.6,2.7
34,2014,5,110,2.8,126,3.1,47,1.2,,,48,1.2,107,2.7,2.4
34,2014,6,102,2.6,133,3.2,53,1.3,,,75,1.9,140,3.5,2.3
34,2014,7,136,3.4,100,2.5,75,1.9,,,52,1.3,137,3.5,3
34,2014,8,112,2.8,133,3.2,53,1.3,,,38,1,102,2.6,2.3
34,2014,9,121,3,130,3.2,41,1,,,39,1,100,2.5,2.3
34,2014,10,124,3.1,113,2.8,52,1.3,,,46,1.2,108,2.7,2.7
34,2014,11,121,3,123,3,29,0.7,,,48,1.2,84,2.1,2.4
34,2014,12,116,2.9,112,2.7,63,1.6,,,61,1.5,134,3.4,2.6
34,2015,1,107,2.7,120,2.9,58,1.5,,,48,1.2,116,2.9,2.4
34,2015,2,191,4.8,156,3.8,50,1.3,,,54,1.4,114,2.9,1.9
34,2015,3,140,3.5,117,2.9,51,1.3,,,56,1.4,116,2.9,2.4
34,2015,4,119,3,134,3.3,54,1.4,,,52,1.3,117,2.9,2.1
34,2015,5,124,3.1,138,3.3,39,1,,,66,1.7,120,3,2
34,2015,6,99,2.5,105,2.6,53,1.3,,,51,1.3,118,2.9,2.6
34,2015,7,114,2.8,127,3.1,40,1,,,52,1.3,105,2.6,2
34,2015,8,128,3.2,119,2.9,57,1.4,,,52,1.3,122,3,2.1
34,2015,9,134,3.3,113,2.7,67,1.7,,,62,1.5,139,3.5,2.2
34,2015,10,131,3.3,141,3.4,48,1.2,,,66,1.6,118,2.9,1.7
34,2015,11,131,3.2,123,3,61,1.5,,,67,1.7,140,3.5,1.9
34,2015,12,138,3.4,159,3.8,54,1.3,,,51,1.3,117,2.9,1.4
34,2016,1,119,3,157,3.7,57,1.4,,,57,1.4,126,3.1,1.5
34,2016,2,119,2.9,147,3.5,75,1.9,,,60,1.5,141,3.5,1.6
34,2016,3,112,2.8,146,3.5,48,1.2,,,52,1.3,107,2.6,1.6
34,2016,4,108,2.7,136,3.2,54,1.3,,,46,1.1,109,2.7,1.7
34,2016,5,105,2.6,142,3.4,68,1.7,,,57,1.4,134,3.3,1.6
34,2016,6,118,2.9,133,3.2,43,1.1,,,56,1.4,108,2.7,1.8
34,2016,7,112,2.7,148,3.5,37,0.9,,,60,1.5,106,2.6,1.6
34,2016,8,126,3.1,144,3.4,85,2.1,,,60,1.5,155,3.8,1.6
34,2016,9,117,2.9,158,3.7,33,0.8,,,62,1.5,102,2.5,1.4
34,2016,10,117,2.9,149,3.5,31,0.8,,,63,1.5,109,2.7,1.5
34,2016,11,111,2.7,152,3.6,38,0.9,,,57,1.4,106,2.6,1.5
34,2016,12,121,3,145,3.4,48,1.2,,,52,1.3,112,2.7,1.5
34,2017,1,117,2.9,136,3.2,50,1.2,,,67,1.6,129,3.1,1.6
34,2017,2,117,2.8,146,3.4,41,1,,,54,1.3,119,2.9,1.4
34,2017,3,121,2.9,146,3.4,55,1.3,,,68,1.7,138,3.4,1.4
34,2017,4,128,3.1,142,3.3,45,1.1,,,48,1.2,101,2.5,1.4
34,2017,5,120,2.9,155,3.6,32,0.8,,,56,1.4,95,2.3,1.3
34,2017,6,116,2.8,164,3.8,45,1.1,,,65,1.6,122,3,1.3
34,2017,7,144,3.5,161,3.8,46,1.1,,,69,1.7,124,3,1.3
34,2017,8,110,2.7,167,3.9,48,1.2,,,65,1.6,123,3,1.3
34,2017,9,129,3.1,169,3.9,63,1.5,,,70,1.7,144,3.5,1.3
34,2017,10,146,3.5,168,3.9,59,1.4,,,66,1.6,130,3.1,1.3
34,2017,11,119,2.9,160,3.7,44,1.1,,,68,1.6,119,2.9,1.3
34,2017,12,120,2.9,194,4.5,31,0.7,,,71,1.7,110,2.7,1.1
34,2018,1,116,2.8,170,3.9,43,1,,,61,1.5,113,2.7,1.2
34,2018,2,124,3,159,3.7,48,1.2,,,68,1.6,122,2.9,1.3
34,2018,3,114,2.7,180,4.2,50,1.2,,,70,1.7,138,3.3,1.1
34,2018,4,137,3.3,192,4.4,46,1.1,,,80,1.9,135,3.3,1
34,2018,5,146,3.5,195,4.5,58,1.4,,,78,1.9,147,3.5,1
34,2018,6,148,3.6,195,4.5,46,1.1,,,76,1.8,131,3.1,1
34,2018,7,128,3.1,197,4.5,47,1.1,,,67,1.6,124,3,0.9
34,2018,8,133,3.2,188,4.3,60,1.4,,,71,1.7,142,3.4,0.9
34,2018,9,126,3,224,5.1,42,1,,,65,1.6,119,2.9,0.8
34,2018,10,135,3.2,184,4.2,55,1.3,,,64,1.5,133,3.2,0.9
34,2018,11,139,3.3,186,4.3,45,1.1,,,59,1.4,117,2.8,0.9
34,2018,12,143,3.4,185,4.2,50,1.2,,,83,2,141,3.4,0.9
34,2019,1,138,3.3,193,4.4,39,0.9,,,94,2.3,144,3.4,0.8
34,2019,2,158,3.8,170,3.9,38,0.9,,,78,1.9,130,3.1,0.9
34,2019,3,135,3.2,186,4.3,56,1.3,,,93,2.2,158,3.8,0.8
34,2019,4,133,3.2,171,3.9,58,1.4,,,77,1.8,146,3.5,0.9
34,2019,5,147,3.5,180,4.1,52,1.2,,,73,1.7,134,3.2,0.8
34,2019,6,134,3.2,182,4.2,55,1.3,,,74,1.8,137,3.3,0.8
34,2019,7,131,3.1,170,3.9,48,1.1,,,84,2,142,3.4,0.9
34,2019,8,143,3.4,192,4.4,48,1.1,,,75,1.8,129,3.1,0.8
34,2019,9,133,3.2,174,4,58,1.4,,,80,1.9,149,3.6,1
34,2019,10,124,3,185,4.2,59,1.4,,,84,2,153,3.6,0.9
34,2019,11,136,3.2,200,4.5,66,1.6,,,87,2.1,173,4.1,0.9
34,2019,12,141,3.4,185,4.2,41,1,,,78,1.9,145,3.5,1
34,2020,1,146,3.5,192,4.4,74,1.8,,,74,1.8,159,3.8,1
34,2020,2,139,3.3,189,4.3,60,1.4,,,69,1.6,135,3.2,1
34,2020,3,120,2.9,162,3.7,513,12.2,,,84,2,605,14.4,1.2
34,2020,4,96,2.7,146,4,264,7.5,,,60,1.7,336,9.6,4.6
34,2020,5,262,7.5,162,4.4,73,2.1,,,72,2,155,4.4,4.4
34,2020,6,287,8,190,5,65,1.8,,,69,1.9,143,4,3.5
34,2020,7,228,6.2,185,4.8,49,1.3,,,70,1.9,129,3.5,3.7
34,2020,8,184,4.9,165,4.2,59,1.6,,,63,1.7,129,3.4,3.8
34,2020,9,175,4.5,187,4.6,49,1.3,,,84,2.2,138,3.6,1.8
34,2020,10,219,5.6,212,5.2,62,1.6,,,104,2.7,175,4.5,1.5
34,2020,11,187,4.8,223,5.4,94,2.4,,,84,2.2,184,4.7,1.5
34,2020,12,164,4.2,212,5.1,62,1.6,,,74,1.9,143,3.7,1.6
34,2021,1,161,4.1,195,4.7,46,1.2,,,81,2.1,134,3.4,1.8
34,2021,2,162,4.1,226,5.4,39,1,,,85,2.2,131,3.3,1.5
34,2021,3,162,4.1,274,6.5,35,0.9,,,71,1.8,113,2.9,1.2
34,2021,4,161,4,276,6.5,39,1,,,83,2.1,133,3.3,1.2
34,2021,5,133,3.3,279,6.5,35,0.9,,,96,2.4,138,3.5,1.2
34,2021,6,148,3.7,290,6.8,45,1.1,,,101,2.5,159,4,1.2
34,2021,7,171,4.2,306,7,41,1,,,92,2.3,144,3.6,1.1
34,2021,8,170,4.2,309,7.1,45,1.1,,,100,2.5,155,3.8,1
34,2021,9,175,4.3,296,6.8,42,1,,,74,1.8,121,3,1
34,2021,10,178,4.3,306,6.9,38,0.9,,,92,2.2,138,3.3,0.9
34,2021,11,163,3.9,286,6.5,57,1.4,,,100,2.4,166,4,0.9
34,2021,12,160,3.8,296,6.6,31,0.7,,,98,2.4,136,3.3,0.9
34,2022,1,180,4.3,303,6.8,34,0.8,,,112,2.7,163,3.9,0.8
34,2022,2,189,4.5,295,6.6,52,1.2,,,112,2.7,180,4.3,0.8
34,2022,3,157,3.7,273,6.1,55,1.3,,,99,2.3,166,3.9,0.8
34,2022,4,163,3.9,273,6.1,40,0.9,,,103,2.4,150,3.5,0.7
34,2022,5,164,3.9,281,6.2,55,1.3,,,83,2,147,3.5,0.6
34,2022,6,173,4.1,279,6.2,43,1,,,90,2.1,140,3.3,0.6
34,2022,7,153,3.6,263,5.8,54,1.3,,,90,2.1,152,3.6,0.6
34,2022,8,136,3.2,243,5.4,38,0.9,,,114,2.7,160,3.7,0.6
34,2022,9,153,3.6,248,5.5,48,1.1,,,99,2.3,156,3.7,0.6
34,2022,10,153,3.6,260,5.7,44,1,,,89,2.1,139,3.3,0.6
34,2022,11,153,3.6,237,5.2,41,1,,,83,1.9,131,3.1,0.7
34,2022,12,145,3.4,251,5.5,59,1.4,,,82,1.9,149,3.5,0.7
34,2023,1,152,3.5,261,5.7,92,2.1,,,84,2,181,4.2,0.7
34,2023,2,139,3.2,257,5.6,36,0.8,,,85,2,123,2.9,0.8
34,2023,3,164,3.8,211,4.7,50,1.2,,,82,1.9,139,3.2,0.9
34,2023,4,169,3.9,241,5.3,45,1,,,100,2.3,152,3.5,0.8
34,2023,5,170,3.9,207,4.6,35,0.8,,,79,1.8,124,2.9,1
34,2023,6,155,3.6,203,4.5,53,1.2,,,63,1.5,130,3,1
34,2023,7,140,3.2,237,5.2,43,1,,,87,2,138,3.2,0.9
34,2023,8,169,3.9,216,4.8,58,1.3,,,61,1.4,128,3,1
34,2023,9,182,4.2,244,5.3,25,0.6,,,89,2.1,124,2.9,0.9
34,2023,10,151,3.5,202,4.5,84,1.9,,,86,2,182,4.2,1.1
34,2023,11,158,3.6,218,4.8,43,1,,,75,1.7,139,3.2,1
34,2023,12,164,3.8,213,4.7,92,2.1,,,72,1.7,177,4.1,1
34,2024,1,138,3.2,189,4.2,59,1.4,,,62,1.4,131,3,1.2
34,2024,2,141,3.2,191,4.2,44,1,,,58,1.3,112,2.6,1.2
34,2024,3,160,3.7,248,5.4,50,1.1,,,79,1.8,138,3.2,0.9
34,2024,4,165,3.8,189,4.2,44,1,,,81,1.9,137,3.1,1.2
34,2024,5,135,3.1,223,4.9,61,1.4,,,74,1.7,141,3.2,1
34,2024,6,127,2.9,222,4.8,61,1.4,,,78,1.8,148,3.4,1
34,2024,7,127,2.9,211,4.6,82,1.9,,,63,1.4,154,3.5,1.1
34,2024,8,123,2.8,211,4.6,48,1.1,,,72,1.7,129,3,1.1
34,2024,9,129,3,211,4.6,71,1.6,,,61,1.4,137,3.1,1.1
34,2024,10,145,3.3,200,4.4,37,0.8,,,67,1.5,112,2.6,1.2
34,2024,11,132,3,188,4.1,59,1.3,,,63,1.4,130,3,1.2
34,2024,12,138,3.2,199,4.4,71,1.6,,,76,1.7,155,3.5,1.2
34,2025,1,133,3,194,4.2,74,1.7,,,68,1.6,147,3.4,1.2
34,2025,2,146,3.3,238,5.2,93,2.1,,,71,1.6,170,3.9,1
34,2025,3,153,3.5,211,4.6,57,1.3,,,74,1.7,138,3.2,1.2
34,2025,4,142,3.2,210,4.6,95,2.2,,,63,1.4,167,3.8,1.2
34,2025,5,151,3.4,201,4.4,52,1.2,,,66,1.5,125,2.8,1.3
34,2025,6,162,3.7,202,4.4,47,1.1,,,86,2,144,3.3,1.3
34,2025,7,135,3.1,213,4.6,54,1.2,,,64,1.5,126,2.9,1.3
34,2025,8,158,3.6,198,4.3,45,1,,,55,1.3,105,2.4,1.4
34,2025,9,116,2.7,188,4.1,52,1.2,,,61,1.4,123,2.8,1.4
34,2025,10,128,2.9,202,4.4,86,2,,,58,1.3,150,3.4,
34,2025,11,136,3.1,214,4.7,51,1.2,,,56,1.3,112,2.6,1.2
34,2025,12,147,3.4,172,3.8,37,0.8,,,71,1.6,117,2.7,1.5
35,2012,1,29,3.6,25,3,10,1.3,,,14,1.8,25,3.1,2.6
35,2012,2,31,3.9,25,3,12,1.5,,,14,1.8,27,3.4,2.6
35,2012,3,27,3.4,28,3.4,9,1.1,,,14,1.7,26,3.2,2.3
35,2012,4,28,3.5,26,3.1,11,1.4,,,16,2,29,3.6,2.5
35,2012,5,35,4.4,29,3.5,16,2,,,17,2.1,36,4.5,2.2
35,2012,6,26,3.2,33,3.9,11,1.4,,,15,1.9,28,3.5,2
35,2012,7,28,3.5,25,3,14,1.7,,,13,1.6,30,3.7,2.6
35,2012,8,28,3.5,24,2.9,13,1.6,,,13,1.6,29,3.6,2.7
35,2012,9,27,3.4,26,3.1,11,1.4,,,11,1.4,23,2.9,2.5
35,2012,10,35,4.3,26,3.1,12,1.5,,,14,1.7,28,3.5,2.5
35,2012,11,27,3.3,26,3.1,12,1.5,,,14,1.7,27,3.3,2.5
35,2012,12,26,3.2,26,3.1,10,1.2,,,13,1.6,25,3.1,2.5
35,2013,1,26,3.2,26,3.1,11,1.4,,,17,2.1,30,3.7,2.5
35,2013,2,25,3.1,26,3.1,10,1.2,,,14,1.7,26,3.2,2.5
35,2013,3,25,3.1,26,3.1,11,1.4,,,14,1.7,27,3.3,2.5
35,2013,4,32,3.9,31,3.7,15,1.8,,,15,1.8,33,4.1,2.1
35,2013,5,26,3.2,26,3.1,11,1.4,,,15,1.8,28,3.4,2.5
35,2013,6,27,3.3,24,2.9,11,1.4,,,15,1.9,28,3.5,2.7
35,2013,7,30,3.7,26,3.1,13,1.6,,,17,2.1,31,3.8,2.5
35,2013,8,30,3.7,26,3.1,12,1.5,,,16,2,31,3.8,2.5
35,2013,9,31,3.8,26,3.1,12,1.5,,,16,2,31,3.8,2.4
35,2013,10,24,3,26,3.1,9,1.1,,,17,2.1,28,3.5,2.4
35,2013,11,27,3.3,25,3,12,1.5,,,17,2.1,32,3.9,2.5
35,2013,12,30,3.7,25,3,12,1.5,,,15,1.8,29,3.6,2.5
35,2014,1,29,3.6,26,3.1,10,1.2,,,15,1.8,27,3.3,2.4
35,2014,2,27,3.3,28,3.3,11,1.4,,,15,1.8,28,3.4,2.2
35,2014,3,29,3.6,27,3.2,10,1.2,,,16,2,28,3.4,2.3
35,2014,4,28,3.4,30,3.6,10,1.2,,,15,1.8,27,3.3,2.1
35,2014,5,30,3.7,34,4,10,1.2,,,14,1.7,26,3.2,1.8
35,2014,6,29,3.6,33,3.9,10,1.2,,,15,1.8,27,3.3,1.9
35,2014,7,29,3.5,34,4,8,1,,,17,2.1,28,3.4,1.8
35,2014,8,30,3.7,37,4.3,9,1.1,,,17,2.1,28,3.4,1.6
35,2014,9,29,3.5,32,3.8,10,1.2,,,17,2.1,29,3.5,1.9
35,2014,10,31,3.8,33,3.9,9,1.1,,,17,2.1,29,3.5,1.8
35,2014,11,30,3.6,34,4,9,1.1,,,16,1.9,27,3.3,1.8
35,2014,12,30,3.6,35,4.1,10,1.2,,,16,1.9,30,3.6,1.7
35,2015,1,29,3.5,32,3.7,16,1.9,,,18,2.2,36,4.4,1.9
35,2015,2,32,3.9,35,4.1,11,1.3,,,22,2.7,35,4.2,1.8
35,2015,3,31,3.8,32,3.7,13,1.6,,,20,2.4,36,4.4,1.9
35,2015,4,29,3.5,32,3.7,11,1.3,,,14,1.7,28,3.4,2
35,2015,5,29,3.5,31,3.6,11,1.3,,,17,2.1,30,3.6,2
35,2015,6,29,3.5,32,3.7,11,1.3,,,17,2.1,31,3.8,2
35,2015,7,30,3.6,45,5.2,13,1.6,,,15,1.8,31,3.8,1.4
35,2015,8,28,3.4,31,3.6,9,1.1,,,17,2.1,29,3.5,2
35,2015,9,29,3.5,32,3.7,11,1.3,,,16,1.9,29,3.5,1.9
35,2015,10,31,3.8,40,4.6,14,1.7,,,18,2.2,34,4.1,1.5
35,2015,11,30,3.6,32,3.7,13,1.6,,,17,2.1,33,4,1.9
35,2015,12,30,3.6,35,4.1,12,1.5,,,18,2.2,33,4,1.7
35,2016,1,28,3.4,34,4,10,1.2,,,16,1.9,31,3.8,1.8
35,2016,2,30,3.6,35,4.1,10,1.2,,,17,2.1,30,3.6,1.7
35,2016,3,26,3.2,37,4.3,8,1,,,16,1.9,26,3.2,1.7
35,2016,4,28,3.4,38,4.4,11,1.3,,,16,1.9,29,3.5,1.6
35,2016,5,29,3.5,37,4.3,14,1.7,,,17,2.1,33,4,1.7
35,2016,6,35,4.3,37,4.3,12,1.5,,,21,2.6,36,4.4,1.7
35,2016,7,28,3.4,40,4.6,7,0.8,,,20,2.4,29,3.5,1.6
35,2016,8,30,3.6,35,4.1,11,1.3,,,17,2.1,29,3.5,1.9
35,2016,9,30,3.6,37,4.3,9,1.1,,,18,2.2,30,3.6,1.8
35,2016,10,26,3.2,35,4.1,9,1.1,,,18,2.2,28,3.4,1.9
35,2016,11,28,3.4,37,4.3,10,1.2,,,18,2.2,30,3.6,1.8
35,2016,12,30,3.6,34,4,8,1,,,16,1.9,27,3.3,1.9
35,2017,1,34,4.1,34,4,10,1.2,,,20,2.4,32,3.9,1.9
35,2017,2,28,3.4,37,4.3,8,1,,,17,2.1,27,3.3,1.7
35,2017,3,29,3.5,34,3.9,8,1,,,17,2.1,30,3.6,1.8
35,2017,4,31,3.7,39,4.5,8,1,,,18,2.2,29,3.5,1.6
35,2017,5,30,3.6,34,3.9,8,1,,,18,2.2,29,3.5,1.8
35,2017,6,30,3.6,36,4.2,7,0.8,,,19,2.3,28,3.4,1.6
35,2017,7,27,3.3,36,4.2,8,1,,,17,2.1,27,3.3,1.6
35,2017,8,31,3.7,35,4.1,9,1.1,,,19,2.3,31,3.7,1.6
35,2017,9,29,3.5,35,4,11,1.3,,,18,2.2,30,3.6,1.6
35,2017,10,27,3.3,35,4.1,11,1.3,,,17,2.1,30,3.6,1.5
35,2017,11,31,3.7,34,3.9,8,1,,,15,1.8,25,3,1.5
35,2017,12,31,3.7,35,4,8,1,,,18,2.2,28,3.4,1.4
35,2018,1,29,3.5,38,4.4,9,1.1,,,18,2.2,29,3.5,1.3
35,2018,2,29,3.5,49,5.5,10,1.2,,,18,2.2,31,3.7,1
35,2018,3,29,3.5,39,4.5,9,1.1,,,19,2.3,30,3.6,1.2
35,2018,4,30,3.6,41,4.7,9,1.1,,,21,2.5,32,3.8,1.1
35,2018,5,31,3.7,43,4.9,7,0.8,,,22,2.6,31,3.7,1
35,2018,6,31,3.7,47,5.3,8,0.9,,,20,2.4,31,3.7,1
35,2018,7,31,3.7,43,4.9,7,0.8,,,21,2.5,31,3.7,1
35,2018,8,34,4,46,5.2,8,0.9,,,21,2.5,31,3.7,1
35,2018,9,29,3.4,41,4.6,7,0.8,,,20,2.4,29,3.4,1.1
35,2018,10,31,3.7,46,5.2,7,0.8,,,23,2.7,34,4,1
35,2018,11,35,4.1,49,5.5,8,0.9,,,23,2.7,33,3.9,1
35,2018,12,35,4.1,48,5.4,9,1.1,,,20,2.4,31,3.7,1
35,2019,1,32,3.8,48,5.4,8,0.9,,,23,2.7,32,3.8,1
35,2019,2,38,4.5,42,4.7,7,0.8,,,26,3.1,35,4.1,1.2
35,2019,3,37,4.3,51,5.7,9,1.1,,,25,2.9,37,4.3,0.9
35,2019,4,38,4.5,43,4.8,11,1.3,,,22,2.6,35,4.1,1.1
35,2019,5,35,4.1,45,5,12,1.4,,,23,2.7,37,4.3,1.1
35,2019,6,33,3.9,45,5,8,0.9,,,22,2.6,32,3.7,1
35,2019,7,37,4.3,49,5.4,11,1.3,,,30,3.5,42,4.9,1
35,2019,8,36,4.2,49,5.4,11,1.3,,,21,2.4,35,4.1,1
35,2019,9,39,4.5,49,5.4,11,1.3,,,23,2.7,37,4.3,1
35,2019,10,39,4.5,45,5,11,1.3,,,22,2.6,35,4.1,1
35,2019,11,36,4.2,45,5,10,1.2,,,28,3.3,40,4.6,1.1
35,2019,12,42,4.9,46,5.1,10,1.2,,,25,2.9,37,4.3,1
35,2020,1,42,4.9,49,5.4,10,1.2,,,23,2.7,35,4.1,1
35,2020,2,32,3.7,43,4.8,11,1.3,,,22,2.6,36,4.2,1.2
35,2020,3,33,3.8,39,4.3,70,8.1,,,16,1.9,89,10.4,1.4
35,2020,4,26,3.4,37,4.7,49,6.5,,,13,1.7,63,8.3,2.2
35,2020,5,42,5.5,37,4.7,13,1.7,,,12,1.6,28,3.7,2.3
35,2020,6,39,5,35,4.3,13,1.7,,,14,1.8,28,3.6,2.4
35,2020,7,31,4,38,4.6,11,1.4,,,18,2.3,31,4,2.2
35,2020,8,26,3.3,34,4.2,5,0.6,,,18,2.3,25,3.2,2.3
35,2020,9,37,4.7,42,5.1,8,1,,,16,2,26,3.3,1.9
35,2020,10,36,4.5,40,4.8,8,1,,,18,2.3,27,3.4,1.9
35,2020,11,29,3.7,39,4.7,26,3.3,,,17,2.1,45,5.7,2
35,2020,12,30,3.8,37,4.5,14,1.8,,,23,2.9,38,4.9,2.1
35,2021,1,32,4.1,48,5.8,8,1,,,17,2.2,27,3.4,1.6
35,2021,2,35,4.4,47,5.6,8,1,,,21,2.7,31,3.9,1.6
35,2021,3,38,4.8,54,6.3,8,1,,,19,2.4,29,3.6,1.4
35,2021,4,37,4.6,58,6.7,8,1,,,25,3.1,36,4.5,1.3
35,2021,5,39,4.8,63,7.2,6,0.7,,,23,2.8,31,3.8,1.1
35,2021,6,42,5.2,65,7.4,7,0.9,,,25,3.1,34,4.2,1.1
35,2021,7,48,5.8,71,7.9,7,0.9,,,24,2.9,33,4,0.9
35,2021,8,40,4.9,68,7.6,9,1.1,,,25,3,36,4.4,0.9
35,2021,9,42,5.1,68,7.6,8,1,,,28,3.4,38,4.6,0.9
35,2021,10,41,4.9,72,7.9,7,0.8,,,24,2.9,35,4.2,0.8
35,2021,11,43,5.1,65,7.2,7,0.8,,,25,3,33,3.9,0.8
35,2021,12,41,4.9,70,7.7,8,1,,,26,3.1,37,4.4,0.8
35,2022,1,37,4.4,67,7.4,8,1,,,25,3,35,4.2,0.8
35,2022,2,41,4.9,73,8,9,1.1,,,24,2.9,36,4.3,0.7
35,2022,3,36,4.3,69,7.6,6,0.7,,,26,3.1,34,4,0.6
35,2022,4,40,4.7,71,7.7,6,0.7,,,25,3,32,3.8,0.6
35,2022,5,36,4.3,69,7.5,9,1.1,,,24,2.8,36,4.3,0.6
35,2022,6,34,4,63,7,9,1.1,,,27,3.2,38,4.5,0.6
35,2022,7,40,4.7,83,8.9,9,1.1,,,20,2.3,35,4.1,0.4
35,2022,8,41,4.8,64,6.9,10,1.2,,,25,2.9,37,4.3,0.5
35,2022,9,38,4.4,68,7.3,9,1,,,23,2.7,35,4.1,0.5
35,2022,10,37,4.3,64,6.9,11,1.3,,,21,2.4,34,4,0.5
35,2022,11,35,4.1,64,6.9,9,1,,,22,2.6,34,3.9,0.5
35,2022,12,35,4,66,7.1,6,0.7,,,24,2.8,32,3.7,0.5
35,2023,1,38,4.4,66,7.1,9,1,,,24,2.8,35,4,0.5
35,2023,2,36,4.1,57,6.2,9,1,,,22,2.5,32,3.7,0.6
35,2023,3,34,3.9,59,6.4,10,1.2,,,20,2.3,32,3.7,0.6
35,2023,4,30,3.4,67,7.1,9,1,,,20,2.3,31,3.6,0.5
35,2023,5,32,3.7,58,6.2,6,0.7,,,20,2.3,28,3.2,0.6
35,2023,6,33,3.8,59,6.3,8,0.9,,,19,2.2,28,3.2,0.6
35,2023,7,31,3.5,55,5.9,10,1.1,,,20,2.3,33,3.8,0.6
35,2023,8,31,3.5,63,6.7,9,1,,,20,2.3,30,3.4,0.6
35,2023,9,31,3.5,56,6,8,0.9,,,23,2.6,33,3.8,0.6
35,2023,10,32,3.6,51,5.5,7,0.8,,,19,2.2,28,3.2,0.7
35,2023,11,29,3.3,54,5.8,9,1,,,20,2.3,31,3.5,0.7
35,2023,12,31,3.5,54,5.7,10,1.1,,,18,2,30,3.4,0.7
35,2024,1,32,3.6,51,5.4,9,1,,,20,2.3,31,3.5,0.7
35,2024,2,31,3.5,60,6.3,9,1,,,20,2.3,31,3.5,0.6
35,2024,3,32,3.6,59,6.2,11,1.2,,,21,2.4,35,3.9,0.6
35,2024,4,32,3.6,55,5.8,9,1,,,22,2.5,35,4,0.7
35,2024,5,35,3.9,61,6.4,10,1.1,,,20,2.3,32,3.6,0.7
35,2024,6,31,3.5,52,5.5,8,0.9,,,17,1.9,27,3,0.8
35,2024,7,32,3.6,45,4.8,10,1.1,,,17,1.9,30,3.4,0.9
35,2024,8,28,3.1,48,5.1,8,0.9,,,17,1.9,26,2.9,0.9
35,2024,9,31,3.5,50,5.3,10,1.1,,,17,1.9,29,3.3,0.8
35,2024,10,32,3.6,56,5.9,9,1,,,21,2.4,33,3.7,0.7
35,2024,11,39,4.4,56,5.9,10,1.1,,,20,2.2,32,3.6,0.7
35,2024,12,34,3.8,52,5.5,10,1.1,,,18,2,30,3.4,0.8
35,2025,1,29,3.2,52,5.5,8,0.9,,,16,1.8,27,3,0.8
35,2025,2,30,3.4,49,5.2,10,1.1,,,17,1.9,29,3.2,0.8
35,2025,3,28,3.1,46,4.9,10,1.1,,,17,1.9,28,3.1,0.9
35,2025,4,30,3.4,45,4.8,7,0.8,,,16,1.8,25,2.8,0.9
35,2025,5,33,3.7,44,4.7,8,0.9,,,18,2,28,3.1,0.9
35,2025,6,34,3.8,44,4.7,13,1.5,,,18,2,33,3.7,0.9
35,2025,7,29,3.3,42,4.5,9,1,,,19,2.1,30,3.4,0.9
35,2025,8,28,3.1,42,4.5,10,1.1,,,19,2.1,31,3.5,1
35,2025,9,30,3.4,38,4.1,9,1,,,17,1.9,29,3.2,1.1
35,2025,10,31,3.5,39,4.2,13,1.5,,,17,1.9,32,3.6,
35,2025,11,31,3.5,37,4,9,1,,,17,1.9,28,3.1,1.2
35,2025,12,29,3.3,32,3.5,6,0.7,,,18,2,26,2.9,1.3
36,2012,1,310,3.5,218,2.4,109,1.2,,,117,1.3,259,3,3.8
36,2012,2,286,3.3,210,2.3,128,1.5,,,103,1.2,248,2.8,4
36,2012,3,260,2.9,229,2.5,121,1.4,,,105,1.2,258,2.9,3.7
36,2012,4,239,2.7,226,2.5,86,1,,,114,1.3,219,2.5,3.8
36,2012,5,239,2.7,231,2.6,92,1,,,105,1.2,214,2.4,3.7
36,2012,6,235,2.7,229,2.5,114,1.3,,,106,1.2,244,2.8,3.7
36,2012,7,261,3,235,2.6,119,1.4,,,93,1.1,232,2.6,3.6
36,2012,8,260,2.9,270,3,132,1.5,,,103,1.2,258,2.9,3.1
36,2012,9,276,3.1,237,2.6,136,1.5,,,91,1,244,2.8,3.5
36,2012,10,256,2.9,229,2.5,109,1.2,,,103,1.2,226,2.6,3.6
36,2012,11,270,3.1,237,2.6,156,1.8,,,110,1.2,285,3.2,3.5
36,2012,12,270,3,248,2.7,103,1.2,,,104,1.2,235,2.6,3.3
36,2013,1,236,2.7,260,2.8,118,1.3,,,124,1.4,266,3,3.1
36,2013,2,265,3,249,2.7,113,1.3,,,109,1.2,249,2.8,3.2
36,2013,3,274,3.1,272,3,153,1.7,,,82,0.9,258,2.9,2.9
36,2013,4,267,3,222,2.4,138,1.5,,,101,1.1,264,3,3.5
36,2013,5,239,2.7,227,2.5,120,1.3,,,89,1,232,2.6,3.4
36,2013,6,263,2.9,232,2.5,129,1.4,,,112,1.3,270,3,3.3
36,2013,7,224,2.5,214,2.3,128,1.4,,,108,1.2,261,2.9,3.6
36,2013,8,245,2.7,236,2.6,126,1.4,,,105,1.2,255,2.8,3.2
36,2013,9,254,2.8,238,2.6,106,1.2,,,109,1.2,236,2.6,3.1
36,2013,10,232,2.6,244,2.6,126,1.4,,,118,1.3,267,3,3
36,2013,11,213,2.4,233,2.5,101,1.1,,,127,1.4,246,2.7,3.1
36,2013,12,215,2.4,234,2.5,108,1.2,,,103,1.1,232,2.6,3
36,2014,1,220,2.4,221,2.4,99,1.1,,,104,1.2,218,2.4,3.1
36,2014,2,216,2.4,232,2.5,96,1.1,,,120,1.3,233,2.6,2.9
36,2014,3,233,2.6,254,2.7,100,1.1,,,113,1.2,230,2.5,2.6
36,2014,4,240,2.6,257,2.7,84,0.9,,,93,1,207,2.3,2.5
36,2014,5,235,2.6,273,2.9,84,0.9,,,114,1.3,229,2.5,2.3
36,2014,6,207,2.3,282,3,93,1,,,86,0.9,196,2.1,2.2
36,2014,7,225,2.5,261,2.8,72,0.8,,,110,1.2,196,2.1,2.3
36,2014,8,223,2.4,265,2.8,79,0.9,,,102,1.1,208,2.3,2.2
36,2014,9,227,2.5,258,2.7,92,1,,,123,1.3,239,2.6,2.2
36,2014,10,225,2.5,266,2.8,152,1.7,,,122,1.3,298,3.2,2.1
36,2014,11,251,2.7,225,2.4,93,1,,,96,1,208,2.3,2.5
36,2014,12,245,2.7,259,2.7,121,1.3,,,118,1.3,263,2.9,2.1
36,2015,1,248,2.7,314,3.3,124,1.3,,,122,1.3,273,3,1.8
36,2015,2,277,3,290,3.1,87,0.9,,,112,1.2,231,2.5,1.9
36,2015,3,256,2.8,257,2.7,114,1.2,,,134,1.5,282,3.1,2.1
36,2015,4,262,2.8,276,2.9,111,1.2,,,136,1.5,266,2.9,1.9
36,2015,5,255,2.7,283,3,113,1.2,,,125,1.3,264,2.8,1.9
36,2015,6,262,2.8,287,3,98,1.1,,,133,1.4,259,2.8,1.8
36,2015,7,276,3,348,3.6,75,0.8,,,150,1.6,242,2.6,1.4
36,2015,8,279,3,271,2.8,114,1.2,,,144,1.5,279,3,1.8
36,2015,9,237,2.5,301,3.1,128,1.4,,,137,1.5,285,3.1,1.6
36,2015,10,295,3.2,307,3.2,97,1,,,134,1.4,250,2.7,1.5
36,2015,11,295,3.2,311,3.2,100,1.1,,,122,1.3,242,2.6,1.5
36,2015,12,276,2.9,313,3.2,115,1.2,,,148,1.6,284,3,1.5
36,2016,1,277,3,312,3.2,103,1.1,,,140,1.5,268,2.9,1.5
36,2016,2,290,3.1,277,2.9,115,1.2,,,139,1.5,272,2.9,1.7
36,2016,3,287,3.1,326,3.3,131,1.4,,,155,1.6,303,3.2,1.4
36,2016,4,281,3,328,3.4,123,1.3,,,126,1.3,272,2.9,1.4
36,2016,5,280,3,347,3.6,129,1.4,,,148,1.6,294,3.1,1.4
36,2016,6,292,3.1,357,3.7,113,1.2,,,139,1.5,273,2.9,1.3
36,2016,7,277,2.9,356,3.6,116,1.2,,,142,1.5,280,3,1.4
36,2016,8,298,3.2,347,3.5,114,1.2,,,138,1.5,272,2.9,1.4
36,2016,9,262,2.8,351,3.6,107,1.1,,,135,1.4,262,2.8,1.4
36,2016,10,269,2.8,347,3.5,97,1,,,136,1.4,250,2.6,1.4
36,2016,11,270,2.9,336,3.4,107,1.1,,,156,1.6,288,3,1.4
36,2016,12,324,3.4,351,3.6,108,1.1,,,149,1.6,275,2.9,1.3
36,2017,1,331,3.5,334,3.4,105,1.1,,,142,1.5,269,2.8,1.4
36,2017,2,301,3.2,357,3.6,116,1.2,,,135,1.4,271,2.8,1.3
36,2017,3,281,3,309,3.1,105,1.1,,,139,1.5,268,2.8,1.5
36,2017,4,278,2.9,354,3.6,111,1.2,,,162,1.7,293,3.1,1.3
36,2017,5,298,3.1,342,3.5,104,1.1,,,145,1.5,267,2.8,1.3
36,2017,6,277,2.9,337,3.4,108,1.1,,,136,1.4,262,2.7,1.4
36,2017,7,256,2.7,343,3.5,114,1.2,,,135,1.4,275,2.9,1.3
36,2017,8,271,2.8,340,3.4,97,1,,,133,1.4,251,2.6,1.4
36,2017,9,283,3,320,3.2,112,1.2,,,144,1.5,274,2.9,1.4
36,2017,10,313,3.3,346,3.5,111,1.2,,,147,1.5,274,2.9,1.3
36,2017,11,263,2.7,347,3.5,124,1.3,,,147,1.5,298,3.1,1.3
36,2017,12,268,2.8,364,3.6,125,1.3,,,160,1.7,308,3.2,1.2
36,2018,1,278,2.9,400,4,180,1.9,,,143,1.5,340,3.5,1.1
36,2018,2,285,3,386,3.8,113,1.2,,,153,1.6,286,3,1.1
36,2018,3,261,2.7,409,4.1,106,1.1,,,121,1.3,245,2.5,1
36,2018,4,259,2.7,390,3.9,102,1.1,,,145,1.5,274,2.8,1.1
36,2018,5,299,3.1,374,3.7,92,1,,,145,1.5,256,2.6,1.1
36,2018,6,303,3.1,393,3.9,123,1.3,,,150,1.5,295,3,1
36,2018,7,312,3.2,389,3.9,87,0.9,,,136,1.4,246,2.5,1
36,2018,8,291,3,372,3.7,113,1.2,,,136,1.4,272,2.8,1
36,2018,9,287,3,398,3.9,109,1.1,,,166,1.7,295,3,1
36,2018,10,284,2.9,389,3.8,122,1.3,,,124,1.3,268,2.8,1
36,2018,11,297,3.1,427,4.2,120,1.2,,,155,1.6,294,3,0.9
36,2018,12,295,3,375,3.7,95,1,,,131,1.3,246,2.5,1.1
36,2019,1,267,2.7,377,3.7,111,1.1,,,136,1.4,262,2.7,1
36,2019,2,267,2.7,376,3.7,87,0.9,,,145,1.5,255,2.6,1
36,2019,3,290,3,370,3.6,92,0.9,,,159,1.6,268,2.7,1
36,2019,4,312,3.2,340,3.4,118,1.2,,,126,1.3,258,2.6,1.1
36,2019,5,292,3,395,3.9,88,0.9,,,159,1.6,272,2.8,0.9
36,2019,6,282,2.9,408,4,139,1.4,,,168,1.7,332,3.4,0.9
36,2019,7,321,3.3,366,3.6,124,1.3,,,164,1.7,307,3.1,1
36,2019,8,294,3,454,4.4,133,1.4,,,162,1.7,309,3.2,0.8
36,2019,9,303,3.1,401,3.9,118,1.2,,,129,1.3,264,2.7,1
36,2019,10,321,3.3,414,4.1,126,1.3,,,152,1.6,304,3.1,0.9
36,2019,11,319,3.3,370,3.6,109,1.1,,,149,1.5,274,2.8,1.1
36,2019,12,287,2.9,399,3.9,126,1.3,,,136,1.4,279,2.8,1
36,2020,1,348,3.5,427,4.2,98,1,,,153,1.6,273,2.8,0.9
36,2020,2,341,3.5,395,3.9,130,1.3,,,150,1.5,292,3,1
36,2020,3,226,2.3,348,3.5,892,9.2,,,146,1.5,1057,10.9,1.2
36,2020,4,160,2,268,3.3,671,8.5,,,79,1,764,9.7,5.3
36,2020,5,364,4.5,315,3.8,140,1.7,,,97,1.2,258,3.2,5
36,2020,6,388,4.7,338,3.9,111,1.3,,,110,1.3,231,2.8,3.8
36,2020,7,344,4.1,363,4.2,107,1.3,,,120,1.4,251,3,3.3
36,2020,8,322,3.8,348,3.9,81,0.9,,,129,1.5,232,2.7,3
36,2020,9,312,3.6,311,3.4,69,0.8,,,125,1.4,221,2.5,3.1
36,2020,10,302,3.4,325,3.5,98,1.1,,,128,1.4,249,2.8,2.7
36,2020,11,266,3,324,3.5,84,0.9,,,120,1.4,227,2.6,2.6
36,2020,12,248,2.8,334,3.6,96,1.1,,,132,1.5,251,2.8,2.5
36,2021,1,252,2.9,334,3.6,102,1.2,,,119,1.3,238,2.7,2.4
36,2021,2,261,2.9,381,4.1,191,2.2,,,121,1.4,336,3.8,2.1
36,2021,3,295,3.3,428,4.6,85,1,,,148,1.7,255,2.9,1.8
36,2021,4,345,3.9,547,5.8,64,0.7,,,136,1.5,226,2.5,1.4
36,2021,5,262,2.9,580,6.1,75,0.8,,,133,1.5,228,2.5,1.2
36,2021,6,333,3.7,544,5.7,58,0.6,,,170,1.9,248,2.8,1.3
36,2021,7,291,3.2,640,6.6,73,0.8,,,188,2.1,278,3.1,1.1
36,2021,8,329,3.6,613,6.3,70,0.8,,,187,2.1,274,3,1.1
36,2021,9,326,3.6,590,6.1,61,0.7,,,189,2.1,270,2.9,1
36,2021,10,327,3.5,624,6.3,78,0.8,,,172,1.9,271,2.9,0.9
36,2021,11,332,3.6,672,6.7,82,0.9,,,191,2,312,3.3,0.8
36,2021,12,328,3.5,628,6.3,68,0.7,,,181,1.9,268,2.9,0.8
36,2022,1,317,3.4,608,6.1,87,0.9,,,182,1.9,295,3.2,0.8
36,2022,2,347,3.7,646,6.4,90,1,,,187,2,301,3.2,0.7
36,2022,3,307,3.3,639,6.3,62,0.7,,,174,1.8,261,2.8,0.7
36,2022,4,331,3.5,594,5.9,109,1.2,,,200,2.1,330,3.5,0.7
36,2022,5,344,3.6,544,5.4,98,1,,,167,1.8,286,3,0.8
36,2022,6,287,3,558,5.5,80,0.8,,,181,1.9,271,2.9,0.7
36,2022,7,301,3.1,612,6,39,0.4,,,172,1.8,233,2.4,0.6
36,2022,8,296,3.1,512,5.1,88,0.9,,,179,1.9,289,3,0.7
36,2022,9,290,3,520,5.1,108,1.1,,,178,1.9,303,3.2,0.7
36,2022,10,278,2.9,538,5.3,68,0.7,,,168,1.7,247,2.6,0.7
36,2022,11,273,2.8,446,4.4,71,0.7,,,170,1.8,250,2.6,0.9
36,2022,12,308,3.2,436,4.3,83,0.9,,,182,1.9,280,2.9,0.9
36,2023,1,300,3.1,453,4.5,100,1,,,173,1.8,294,3,0.9
36,2023,2,318,3.3,419,4.2,87,0.9,,,167,1.7,267,2.8,0.9
36,2023,3,313,3.2,417,4.1,96,1,,,159,1.6,272,2.8,0.9
36,2023,4,288,3,443,4.4,93,1,,,121,1.3,232,2.4,0.9
36,2023,5,256,2.6,443,4.4,83,0.9,,,165,1.7,263,2.7,0.9
36,2023,6,279,2.9,451,4.4,99,1,,,142,1.5,267,2.7,0.9
36,2023,7,262,2.7,464,4.6,115,1.2,,,141,1.4,273,2.8,0.8
36,2023,8,279,2.9,476,4.7,94,1,,,134,1.4,247,2.5,0.8
36,2023,9,265,2.7,461,4.5,111,1.1,,,149,1.5,288,3,0.9
36,2023,10,279,2.9,456,4.5,126,1.3,,,165,1.7,318,3.3,0.9
36,2023,11,282,2.9,428,4.2,102,1,,,190,1.9,312,3.2,1
36,2023,12,290,3,442,4.3,100,1,,,170,1.7,300,3.1,0.9
36,2024,1,266,2.7,469,4.6,94,1,,,150,1.5,273,2.8,0.9
36,2024,2,250,2.5,476,4.6,102,1,,,165,1.7,296,3,0.9
36,2024,3,264,2.7,525,5.1,99,1,,,171,1.7,287,2.9,0.8
36,2024,4,230,2.3,410,4,77,0.8,,,165,1.7,258,2.6,1
36,2024,5,259,2.6,464,4.5,91,0.9,,,163,1.6,277,2.8,0.9
36,2024,6,296,3,466,4.5,80,0.8,,,181,1.8,276,2.8,0.9
36,2024,7,278,2.8,443,4.3,100,1,,,120,1.2,234,2.4,0.9
36,2024,8,294,3,498,4.8,102,1,,,169,1.7,282,2.9,0.8
36,2024,9,305,3.1,490,4.7,124,1.2,,,177,1.8,315,3.2,0.8
36,2024,10,267,2.7,403,3.9,62,0.6,,,161,1.6,240,2.4,1
36,2024,11,285,2.9,460,4.4,108,1.1,,,143,1.4,266,2.7,0.9
36,2024,12,270,2.7,496,4.8,103,1,,,153,1.5,270,2.7,0.8
36,2025,1,298,3,481,4.6,86,0.9,,,162,1.6,260,2.6,0.8
36,2025,2,295,3,464,4.4,137,1.4,,,163,1.6,313,3.1,0.9
36,2025,3,299,3,432,4.1,69,0.7,,,168,1.7,255,2.6,0.9
36,2025,4,313,3.2,496,4.8,122,1.2,,,190,1.9,331,3.3,0.8
36,2025,5,309,3.1,545,5.2,132,1.3,,,174,1.7,316,3.2,0.8
36,2025,6,297,3,536,5.1,134,1.3,,,146,1.5,307,3.1,0.8
36,2025,7,271,2.7,478,4.6,117,1.2,,,177,1.8,317,3.2,0.9
36,2025,8,295,3,451,4.3,142,1.4,,,150,1.5,314,3.2,1
36,2025,9,324,3.3,474,4.5,120,1.2,,,177,1.8,316,3.2,1
36,2025,10,366,3.7,443,4.3,166,1.7,,,184,1.9,368,3.7,
36,2025,11,335,3.4,449,4.3,148,1.5,,,144,1.4,308,3.1,1
36,2025,12,329,3.3,431,4.1,122,1.2,,,156,1.6,306,3.1,1.1
37,2012,1,151,3.8,107,2.6,49,1.2,,,98,2.5,162,4.1,4.3
37,2012,2,153,3.9,98,2.4,84,2.1,,,69,1.7,164,4.1,4.6
37,2012,3,120,3,108,2.6,69,1.7,,,79,2,162,4.1,4.2
37,2012,4,152,3.8,104,2.6,62,1.6,,,67,1.7,137,3.4,4.3
37,2012,5,162,4.1,109,2.7,70,1.8,,,76,1.9,156,3.9,4.1
37,2012,6,160,4,115,2.8,59,1.5,,,74,1.9,143,3.6,3.9
37,2012,7,158,4,130,3.2,35,0.9,,,86,2.2,132,3.3,3.5
37,2012,8,150,3.8,123,3,49,1.2,,,71,1.8,132,3.3,3.7
37,2012,9,165,4.1,122,3,54,1.4,,,64,1.6,130,3.3,3.7
37,2012,10,148,3.7,107,2.6,51,1.3,,,71,1.8,136,3.4,4.2
37,2012,11,123,3.1,105,2.6,54,1.3,,,69,1.7,132,3.3,4.3
37,2012,12,168,4.2,111,2.7,55,1.4,,,74,1.8,147,3.7,4.1
37,2013,1,157,3.9,137,3.3,54,1.3,,,77,1.9,142,3.5,3.3
37,2013,2,150,3.7,124,3,61,1.5,,,85,2.1,161,4,3.5
37,2013,3,156,3.9,124,3,55,1.4,,,74,1.8,138,3.4,3.4
37,2013,4,160,4,141,3.4,50,1.2,,,88,2.2,148,3.7,2.8
37,2013,5,167,4.1,135,3.2,48,1.2,,,83,2.1,141,3.5,2.8
37,2013,6,160,4,154,3.7,79,2,,,83,2.1,171,4.2,2.4
37,2013,7,160,4,128,3.1,48,1.2,,,86,2.1,141,3.5,2.7
37,2013,8,161,4,130,3.1,55,1.4,,,83,2,148,3.6,2.6
37,2013,9,158,3.9,131,3.1,57,1.4,,,89,2.2,156,3.8,2.3
37,2013,10,149,3.7,124,2.9,50,1.2,,,89,2.2,146,3.6,2.4
37,2013,11,160,3.9,133,3.2,33,0.8,,,101,2.5,147,3.6,2.3
37,2013,12,147,3.6,138,3.3,84,2.1,,,80,2,174,4.3,2.2
37,2014,1,160,3.9,133,3.1,54,1.3,,,94,2.3,158,3.9,2.2
37,2014,2,162,4,131,3.1,41,1,,,94,2.3,145,3.6,2.2
37,2014,3,184,4.5,135,3.2,54,1.3,,,91,2.2,157,3.8,2.2
37,2014,4,150,3.6,125,2.9,49,1.2,,,73,1.8,131,3.2,2.3
37,2014,5,157,3.8,139,3.3,41,1,,,86,2.1,136,3.3,2.1
37,2014,6,156,3.8,132,3.1,50,1.2,,,94,2.3,156,3.8,2.2
37,2014,7,148,3.6,124,2.9,51,1.2,,,74,1.8,137,3.3,2.3
37,2014,8,147,3.5,154,3.6,49,1.2,,,94,2.3,152,3.7,1.8
37,2014,9,152,3.7,132,3.1,46,1.1,,,93,2.2,150,3.6,2.1
37,2014,10,159,3.8,154,3.6,51,1.2,,,93,2.2,156,3.7,1.8
37,2014,11,156,3.7,153,3.5,47,1.1,,,88,2.1,147,3.5,1.8
37,2014,12,160,3.8,151,3.5,45,1.1,,,89,2.1,147,3.5,1.8
37,2015,1,137,3.3,164,3.8,47,1.1,,,83,2,142,3.4,1.6
37,2015,2,152,3.6,165,3.8,48,1.1,,,83,2,141,3.4,1.6
37,2015,3,163,3.9,161,3.7,54,1.3,,,78,1.9,141,3.4,1.7
37,2015,4,189,4.5,172,3.9,50,1.2,,,93,2.2,155,3.7,1.6
37,2015,5,164,3.9,179,4.1,46,1.1,,,91,2.2,150,3.5,1.5
37,2015,6,175,4.1,138,3.2,52,1.2,,,107,2.5,171,4,2
37,2015,7,173,4.1,183,4.1,49,1.2,,,86,2,148,3.5,1.5
37,2015,8,170,4,179,4,60,1.4,,,103,2.4,178,4.2,1.5
37,2015,9,189,4.4,199,4.5,63,1.5,,,104,2.4,183,4.3,1.3
37,2015,10,177,4.1,200,4.5,68,1.6,,,110,2.6,193,4.5,1.3
37,2015,11,176,4.1,183,4.1,62,1.4,,,87,2,168,3.9,1.4
37,2015,12,181,4.2,196,4.4,52,1.2,,,113,2.6,181,4.2,1.3
37,2016,1,178,4.1,228,5,59,1.4,,,87,2,158,3.7,1.1
37,2016,2,211,4.9,200,4.4,57,1.3,,,95,2.2,167,3.9,1.2
37,2016,3,202,4.7,203,4.5,55,1.3,,,107,2.5,175,4.1,1.2
37,2016,4,177,4.1,172,3.8,43,1,,,99,2.3,160,3.7,1.4
37,2016,5,149,3.4,168,3.7,53,1.2,,,94,2.2,164,3.8,1.4
37,2016,6,153,3.5,176,3.9,58,1.3,,,94,2.2,167,3.9,1.4
37,2016,7,192,4.4,190,4.2,47,1.1,,,99,2.3,159,3.7,1.3
37,2016,8,190,4.4,167,3.7,51,1.2,,,103,2.4,165,3.8,1.5
37,2016,9,170,3.9,201,4.4,41,0.9,,,90,2.1,141,3.2,1.2
37,2016,10,166,3.8,171,3.8,64,1.5,,,100,2.3,174,4,1.4
37,2016,11,170,3.9,174,3.8,47,1.1,,,97,2.2,154,3.5,1.4
37,2016,12,154,3.5,174,3.8,51,1.2,,,93,2.1,159,3.6,1.4
37,2017,1,160,3.7,175,3.9,46,1.1,,,97,2.2,161,3.7,1.3
37,2017,2,146,3.3,189,4.1,40,0.9,,,97,2.2,154,3.5,1.2
37,2017,3,149,3.4,189,4.1,39,0.9,,,94,2.1,150,3.4,1.2
37,2017,4,157,3.6,203,4.4,50,1.1,,,86,2,143,3.3,1.1
37,2017,5,191,4.3,199,4.3,53,1.2,,,99,2.3,163,3.7,1.1
37,2017,6,186,4.2,221,4.8,46,1,,,102,2.3,162,3.7,1
37,2017,7,180,4.1,226,4.9,64,1.4,,,99,2.2,173,3.9,1
37,2017,8,187,4.2,206,4.5,56,1.3,,,106,2.4,181,4.1,1.1
37,2017,9,164,3.7,204,4.4,45,1,,,91,2.1,143,3.2,1.1
37,2017,10,208,4.7,221,4.7,60,1.4,,,107,2.4,197,4.4,1
37,2017,11,242,5.5,217,4.7,76,1.7,,,129,2.9,233,5.3,1
37,2017,12,175,3.9,206,4.4,65,1.5,,,114,2.6,188,4.2,1
37,2018,1,215,4.8,213,4.6,63,1.4,,,115,2.6,187,4.2,1
37,2018,2,198,4.4,213,4.6,69,1.5,,,122,2.7,199,4.5,1
37,2018,3,196,4.4,217,4.6,76,1.7,,,129,2.9,216,4.8,0.9
37,2018,4,201,4.5,243,5.1,66,1.5,,,124,2.8,201,4.5,0.8
37,2018,5,211,4.7,260,5.5,70,1.6,,,126,2.8,207,4.6,0.7
37,2018,6,210,4.7,243,5.1,58,1.3,,,124,2.8,194,4.3,0.8
37,2018,7,201,4.5,214,4.5,64,1.4,,,121,2.7,202,4.5,0.9
37,2018,8,213,4.7,252,5.3,67,1.5,,,125,2.8,202,4.5,0.8
37,2018,9,206,4.6,245,5.2,65,1.4,,,126,2.8,203,4.5,0.8
37,2018,10,213,4.7,253,5.3,64,1.4,,,128,2.8,202,4.5,0.8
37,2018,11,222,4.9,287,6,68,1.5,,,130,2.9,211,4.7,0.7
37,2018,12,226,5,278,5.8,69,1.5,,,137,3,222,4.9,0.7
37,2019,1,219,4.8,291,6,81,1.8,,,144,3.1,238,5.2,0.7
37,2019,2,248,5.4,291,6,79,1.7,,,148,3.2,241,5.3,0.7
37,2019,3,244,5.3,296,6.1,66,1.4,,,144,3.1,226,4.9,0.7
37,2019,4,252,5.5,288,5.9,88,1.9,,,146,3.2,246,5.4,0.7
37,2019,5,227,4.9,282,5.8,67,1.5,,,136,3,214,4.7,0.7
37,2019,6,242,5.3,263,5.4,83,1.8,,,138,3,232,5,0.7
37,2019,7,229,5,270,5.5,71,1.5,,,148,3.2,231,5,0.7
37,2019,8,223,4.8,292,6,65,1.4,,,142,3.1,220,4.8,0.7
37,2019,9,281,6.1,282,5.8,84,1.8,,,137,3,234,5.1,0.7
37,2019,10,195,4.2,321,6.5,67,1.5,,,115,2.5,195,4.2,0.6
37,2019,11,231,5,255,5.2,50,1.1,,,123,2.7,182,3.9,0.7
37,2019,12,236,5.1,248,5.1,68,1.5,,,119,2.6,197,4.3,0.8
37,2020,1,233,5,235,4.8,67,1.4,,,115,2.5,198,4.3,0.8
37,2020,2,232,5,229,4.7,65,1.4,,,114,2.5,188,4.1,0.8
37,2020,3,162,3.5,178,3.7,405,8.8,,,91,2,508,11,1.1
37,2020,4,150,3.7,153,3.6,213,5.2,,,63,1.5,286,7,4.3
37,2020,5,238,5.7,183,4.2,63,1.5,,,91,2.2,165,4,3
37,2020,6,232,5.4,208,4.6,72,1.7,,,95,2.2,180,4.2,2.2
37,2020,7,289,6.7,213,4.7,59,1.4,,,97,2.2,167,3.9,2
37,2020,8,228,5.2,219,4.7,60,1.4,,,106,2.4,179,4.1,1.6
37,2020,9,243,5.5,238,5.1,60,1.4,,,96,2.2,174,3.9,1.4
37,2020,10,246,5.5,256,5.4,53,1.2,,,127,2.8,201,4.5,1.2
37,2020,11,205,4.6,229,4.9,86,1.9,,,136,3,234,5.2,1.2
37,2020,12,235,5.2,252,5.3,73,1.6,,,132,2.9,213,4.7,1.1
37,2021,1,236,5.2,306,6.3,50,1.1,,,141,3.1,204,4.5,0.9
37,2021,2,238,5.3,297,6.2,56,1.2,,,112,2.5,186,4.1,0.9
37,2021,3,236,5.2,322,6.6,55,1.2,,,135,3,201,4.4,0.8
37,2021,4,204,4.5,313,6.4,45,1,,,149,3.3,207,4.5,0.8
37,2021,5,242,5.3,294,6,62,1.4,,,160,3.5,233,5.1,0.9
37,2021,6,281,6.1,357,7.2,58,1.3,,,145,3.2,216,4.7,0.7
37,2021,7,234,5,348,7,92,2,,,160,3.4,264,5.7,0.7
37,2021,8,224,4.8,355,7.1,68,1.5,,,143,3.1,220,4.8,0.7
37,2021,9,237,5.1,345,6.9,55,1.2,,,156,3.4,225,4.9,0.6
37,2021,10,229,4.9,342,6.8,48,1,,,145,3.1,215,4.6,0.6
37,2021,11,245,5.2,375,7.4,43,0.9,,,176,3.7,233,5,0.5
37,2021,12,226,4.8,418,8.1,48,1,,,152,3.2,214,4.5,0.5
37,2022,1,262,5.6,363,7.2,51,1.1,,,151,3.2,223,4.7,0.5
37,2022,2,247,5.2,379,7.4,55,1.2,,,158,3.3,225,4.7,0.5
37,2022,3,252,5.3,451,8.6,73,1.5,,,154,3.2,246,5.2,0.4
37,2022,4,220,4.6,392,7.6,60,1.3,,,142,3,210,4.4,0.5
37,2022,5,219,4.6,389,7.5,58,1.2,,,147,3.1,214,4.5,0.5
37,2022,6,237,4.9,374,7.2,50,1,,,168,3.5,230,4.8,0.5
37,2022,7,251,5.2,381,7.3,60,1.2,,,141,2.9,213,4.4,0.5
37,2022,8,229,4.7,349,6.7,47,1,,,146,3,209,4.3,0.6
37,2022,9,227,4.7,363,6.9,42,0.9,,,146,3,199,4.1,0.5
37,2022,10,238,4.9,387,7.4,49,1,,,146,3,201,4.1,0.5
37,2022,11,226,4.6,372,7.1,51,1,,,145,3,210,4.3,0.5
37,2022,12,232,4.8,359,6.9,43,0.9,,,135,2.8,187,3.8,0.5
37,2023,1,204,4.2,347,6.6,74,1.5,,,131,2.7,213,4.3,0.5
37,2023,2,209,4.3,362,6.9,49,1,,,135,2.7,193,3.9,0.5
37,2023,3,176,3.6,372,7,57,1.2,,,130,2.6,197,4,0.5
37,2023,4,211,4.3,350,6.6,59,1.2,,,146,3,213,4.3,0.5
37,2023,5,227,4.6,399,7.5,57,1.2,,,155,3.1,222,4.5,0.5
37,2023,6,224,4.5,334,6.3,41,0.8,,,144,2.9,195,3.9,0.5
37,2023,7,184,3.7,300,5.7,59,1.2,,,122,2.5,192,3.9,0.6
37,2023,8,207,4.2,340,6.4,71,1.4,,,145,2.9,232,4.7,0.5
37,2023,9,196,3.9,318,6,61,1.2,,,129,2.6,197,4,0.6
37,2023,10,175,3.5,300,5.7,46,0.9,,,122,2.5,183,3.7,0.6
37,2023,11,172,3.5,295,5.6,56,1.1,,,105,2.1,170,3.4,0.6
37,2023,12,159,3.2,275,5.2,65,1.3,,,103,2.1,180,3.6,0.7
37,2024,1,194,3.9,278,5.3,65,1.3,,,102,2,173,3.5,0.7
37,2024,2,237,4.7,273,5.2,44,0.9,,,101,2,152,3,0.7
37,2024,3,163,3.3,254,4.8,35,0.7,,,113,2.3,155,3.1,0.7
37,2024,4,204,4.1,276,5.2,49,1,,,110,2.2,168,3.3,0.7
37,2024,5,194,3.9,276,5.2,42,0.8,,,105,2.1,156,3.1,0.7
37,2024,6,164,3.3,242,4.6,51,1,,,103,2,163,3.2,0.8
37,2024,7,168,3.3,271,5.1,51,1,,,110,2.2,167,3.3,0.7
37,2024,8,157,3.1,247,4.7,43,0.9,,,83,1.7,132,2.6,0.8
37,2024,9,158,3.1,257,4.9,59,1.2,,,88,1.7,153,3,0.8
37,2024,10,193,3.8,273,5.2,62,1.2,,,98,2,166,3.3,0.7
37,2024,11,182,3.6,306,5.7,73,1.5,,,97,1.9,183,3.6,0.6
37,2024,12,176,3.5,275,5.2,55,1.1,,,126,2.5,187,3.7,0.7
37,2025,1,161,3.2,282,5.3,48,1,,,106,2.1,160,3.2,0.7
37,2025,2,148,2.9,278,5.2,45,0.9,,,101,2,152,3,0.7
37,2025,3,161,3.2,264,5,42,0.8,,,118,2.3,164,3.3,0.8
37,2025,4,246,4.9,289,5.4,54,1.1,,,83,1.6,148,2.9,0.7
37,2025,5,155,3.1,269,5.1,39,0.8,,,103,2,150,3,0.8
37,2025,6,163,3.2,271,5.1,54,1.1,,,107,2.1,170,3.4,0.7
37,2025,7,178,3.5,246,4.6,40,0.8,,,123,2.4,170,3.4,0.8
37,2025,8,186,3.7,242,4.6,49,1,,,145,2.9,204,4,0.8
37,2025,9,181,3.6,239,4.5,49,1,,,123,2.4,181,3.6,0.9
37,2025,10,171,3.4,230,4.4,54,1.1,,,94,1.9,152,3,
37,2025,11,153,3,217,4.1,48,0.9,,,117,2.3,170,3.4,0.9
37,2025,12,161,3.2,212,4,58,1.1,,,114,2.2,182,3.6,1
38,2012,1,19,4.5,14,3.2,7,1.7,,,6,1.4,14,3.3,0.8
38,2012,2,18,4.3,14,3.2,7,1.7,,,7,1.7,15,3.6,0.8
38,2012,3,20,4.7,17,3.9,8,1.9,,,8,1.9,17,4,0.7
38,2012,4,17,4,14,3.2,7,1.6,,,7,1.6,15,3.5,0.8
38,2012,5,20,4.7,15,3.4,7,1.6,,,8,1.9,17,4,0.8
38,2012,6,21,4.9,14,3.1,8,1.9,,,8,1.9,17,3.9,0.8
38,2012,7,19,4.4,15,3.4,8,1.9,,,8,1.9,17,3.9,0.8
38,2012,8,18,4.2,14,3.1,9,2.1,,,9,2.1,19,4.4,0.8
38,2012,9,17,3.9,15,3.3,8,1.8,,,8,1.8,18,4.1,0.8
38,2012,10,19,4.4,16,3.5,6,1.4,,,9,2.1,17,3.9,0.7
38,2012,11,17,3.9,15,3.3,9,2.1,,,8,1.8,19,4.4,0.8
38,2012,12,18,4.1,16,3.5,7,1.6,,,8,1.8,16,3.7,0.7
38,2013,1,17,3.9,13,2.9,6,1.4,,,9,2.1,16,3.7,0.9
38,2013,2,15,3.4,16,3.5,8,1.8,,,8,1.8,17,3.9,0.7
38,2013,3,17,3.9,15,3.3,6,1.4,,,8,1.8,16,3.6,0.8
38,2013,4,15,3.4,14,3.1,7,1.6,,,9,2.1,17,3.9,0.8
38,2013,5,21,4.7,15,3.3,7,1.6,,,8,1.8,17,3.8,0.8
38,2013,6,16,3.6,15,3.3,6,1.3,,,9,2,16,3.6,0.8
38,2013,7,18,4,13,2.8,8,1.8,,,9,2,18,4,0.9
38,2013,8,20,4.5,15,3.2,7,1.6,,,9,2,17,3.8,0.8
38,2013,9,19,4.2,15,3.2,8,1.8,,,9,2,18,4,0.8
38,2013,10,17,3.8,16,3.4,7,1.6,,,9,2,17,3.8,0.7
38,2013,11,18,4,15,3.2,8,1.8,,,9,2,19,4.2,0.8
38,2013,12,18,4,14,3,9,2,,,9,2,20,4.4,0.8
38,2014,1,19,4.2,16,3.4,7,1.5,,,9,2,17,3.8,0.7
38,2014,2,21,4.6,15,3.2,7,1.5,,,9,2,18,4,0.7
38,2014,3,19,4.2,16,3.4,7,1.5,,,10,2.2,19,4.2,0.7
38,2014,4,21,4.6,20,4.2,9,2,,,11,2.4,20,4.4,0.5
38,2014,5,21,4.6,17,3.6,7,1.5,,,11,2.4,19,4.1,0.6
38,2014,6,20,4.3,19,3.9,6,1.3,,,10,2.2,17,3.7,0.6
38,2014,7,21,4.5,19,3.9,7,1.5,,,11,2.4,19,4.1,0.6
38,2014,8,18,3.9,19,3.9,6,1.3,,,11,2.4,19,4.1,0.6
38,2014,9,21,4.5,18,3.7,6,1.3,,,11,2.4,19,4.1,0.6
38,2014,10,22,4.7,18,3.7,9,1.9,,,11,2.4,21,4.5,0.6
38,2014,11,22,4.7,17,3.5,9,1.9,,,9,1.9,20,4.3,0.6
38,2014,12,21,4.5,19,3.9,8,1.7,,,8,1.7,18,3.8,0.6
38,2015,1,25,5.4,22,4.5,9,1.9,,,12,2.6,23,4.9,0.5
38,2015,2,18,3.9,20,4.1,9,1.9,,,12,2.6,22,4.7,0.6
38,2015,3,20,4.3,19,3.9,13,2.8,,,12,2.6,26,5.6,0.6
38,2015,4,21,4.6,18,3.8,11,2.4,,,12,2.6,24,5.2,0.6
38,2015,5,17,3.7,18,3.8,10,2.2,,,11,2.4,23,5,0.6
38,2015,6,18,4,18,3.8,10,2.2,,,11,2.4,23,5.1,0.6
38,2015,7,18,4,20,4.2,8,1.8,,,11,2.4,20,4.4,0.6
38,2015,8,17,3.8,17,3.6,8,1.8,,,10,2.2,20,4.4,0.7
38,2015,9,19,4.2,19,4.1,8,1.8,,,11,2.5,20,4.5,0.6
38,2015,10,18,4,19,4.1,8,1.8,,,11,2.5,20,4.5,0.6
38,2015,11,18,4,20,4.3,7,1.6,,,11,2.5,20,4.5,0.6
38,2015,12,18,4.1,19,4.1,8,1.8,,,11,2.5,21,4.7,0.6
38,2016,1,17,3.9,17,3.7,8,1.8,,,10,2.3,20,4.6,0.7
38,2016,2,19,4.3,18,4,7,1.6,,,11,2.5,19,4.3,0.7
38,2016,3,18,4.1,18,4,10,2.3,,,12,2.8,24,5.5,0.7
38,2016,4,17,3.9,18,4,6,1.4,,,11,2.5,18,4.1,0.7
38,2016,5,18,4.1,17,3.8,6,1.4,,,10,2.3,17,3.9,0.8
38,2016,6,18,4.1,17,3.8,7,1.6,,,11,2.5,20,4.6,0.8
38,2016,7,17,3.9,21,4.6,7,1.6,,,9,2.1,17,3.9,0.6
38,2016,8,18,4.1,17,3.8,7,1.6,,,9,2.1,18,4.1,0.7
38,2016,9,17,3.9,17,3.8,7,1.6,,,9,2.1,17,3.9,0.7
38,2016,10,17,3.9,15,3.3,7,1.6,,,10,2.3,17,3.9,0.8
38,2016,11,17,3.9,18,4,6,1.4,,,9,2.1,16,3.7,0.7
38,2016,12,15,3.5,17,3.8,9,2.1,,,9,2.1,19,4.4,0.7
38,2017,1,18,4.2,17,3.8,6,1.4,,,11,2.5,18,4.2,0.7
38,2017,2,17,3.9,18,4,5,1.2,,,11,2.5,18,4.2,0.6
38,2017,3,17,3.9,17,3.8,7,1.6,,,11,2.5,19,4.4,0.7
38,2017,4,19,4.4,22,4.8,6,1.4,,,9,2.1,16,3.7,0.5
38,2017,5,18,4.1,18,4,7,1.6,,,9,2.1,17,3.9,0.6
38,2017,6,19,4.4,19,4.2,7,1.6,,,9,2.1,17,3.9,0.5
38,2017,7,18,4.2,19,4.2,6,1.4,,,9,2.1,17,3.9,0.5
38,2017,8,18,4.2,20,4.4,7,1.6,,,9,2.1,17,3.9,0.5
38,2017,9,17,3.9,20,4.4,5,1.2,,,10,2.3,17,3.9,0.5
38,2017,10,17,3.9,20,4.4,7,1.6,,,9,2.1,17,3.9,0.5
38,2017,11,17,3.9,20,4.4,6,1.4,,,10,2.3,17,3.9,0.5
38,2017,12,17,3.9,21,4.6,6,1.4,,,11,2.5,17,3.9,0.5
38,2018,1,18,4.1,22,4.8,5,1.2,,,10,2.3,16,3.7,0.5
38,2018,2,18,4.1,21,4.6,6,1.4,,,10,2.3,17,3.9,0.5
38,2018,3,17,3.9,22,4.8,6,1.4,,,10,2.3,16,3.7,0.5
38,2018,4,17,3.9,21,4.6,6,1.4,,,10,2.3,17,3.9,0.5
38,2018,5,21,4.8,24,5.2,6,1.4,,,10,2.3,16,3.7,0.4
38,2018,6,18,4.1,24,5.2,6,1.4,,,11,2.5,18,4.1,0.4
38,2018,7,17,3.9,22,4.8,5,1.1,,,11,2.5,18,4.1,0.4
38,2018,8,18,4.1,23,5,6,1.4,,,12,2.7,19,4.3,0.4
38,2018,9,19,4.3,24,5.2,7,1.6,,,10,2.3,18,4.1,0.4
38,2018,10,18,4.1,25,5.4,6,1.4,,,11,2.5,18,4.1,0.4
38,2018,11,18,4.1,24,5.2,8,1.8,,,11,2.5,20,4.6,0.4
38,2018,12,20,4.5,26,5.6,6,1.4,,,10,2.3,17,3.9,0.4
38,2019,1,27,6.1,40,8.3,7,1.6,,,15,3.4,23,5.2,0.2
38,2019,2,18,4.1,25,5.4,5,1.1,,,10,2.3,16,3.6,0.4
38,2019,3,17,3.9,26,5.6,5,1.1,,,11,2.5,17,3.9,0.4
38,2019,4,19,4.3,27,5.8,6,1.4,,,11,2.5,18,4.1,0.3
38,2019,5,18,4.1,27,5.8,6,1.4,,,12,2.7,19,4.3,0.3
38,2019,6,19,4.3,25,5.4,6,1.4,,,12,2.7,18,4.1,0.3
38,2019,7,19,4.3,25,5.4,7,1.6,,,12,2.7,20,4.5,0.3
38,2019,8,26,5.9,25,5.4,6,1.4,,,13,2.9,19,4.3,0.3
38,2019,9,19,4.3,23,5,7,1.6,,,13,2.9,20,4.5,0.4
38,2019,10,21,4.8,26,5.6,6,1.4,,,13,2.9,21,4.8,0.3
38,2019,11,19,4.3,21,4.5,7,1.6,,,12,2.7,20,4.5,0.4
38,2019,12,18,4.1,21,4.5,6,1.4,,,12,2.7,19,4.3,0.4
38,2020,1,18,4.1,23,5,6,1.4,,,12,2.7,19,4.3,0.4
38,2020,2,20,4.5,23,5,7,1.6,,,12,2.7,19,4.3,0.4
38,2020,3,20,4.6,19,4.2,46,10.5,,,11,2.5,59,13.5,0.5
38,2020,4,17,4.4,16,4,29,7.5,,,7,1.8,37,9.6,2.2
38,2020,5,30,7.6,17,4.1,10,2.5,,,9,2.3,20,5.1,1.7
38,2020,6,18,4.5,16,3.9,8,2,,,9,2.3,18,4.5,1.7
38,2020,7,17,4.2,18,4.3,6,1.5,,,11,2.7,19,4.7,1.4
38,2020,8,19,4.7,18,4.2,6,1.5,,,9,2.2,16,3.9,1.3
38,2020,9,17,4.2,18,4.2,6,1.5,,,11,2.7,18,4.4,1.2
38,2020,10,18,4.4,20,4.6,8,1.9,,,11,2.7,19,4.6,1
38,2020,11,17,4.2,19,4.4,10,2.4,,,11,2.7,22,5.4,1
38,2020,12,17,4.2,20,4.7,5,1.2,,,10,2.4,16,3.9,0.9
38,2021,1,19,4.6,22,5.1,5,1.2,,,11,2.7,17,4.1,0.7
38,2021,2,19,4.6,23,5.3,5,1.2,,,11,2.7,18,4.4,0.7
38,2021,3,20,4.8,23,5.3,5,1.2,,,12,2.9,18,4.4,0.7
38,2021,4,21,5,26,5.9,5,1.2,,,12,2.9,18,4.3,0.6
38,2021,5,15,3.6,26,5.9,7,1.7,,,12,2.9,19,4.6,0.5
38,2021,6,21,5,29,6.5,4,1,,,12,2.9,17,4.1,0.4
38,2021,7,22,5.3,29,6.5,4,1,,,11,2.6,16,3.8,0.4
38,2021,8,21,5,29,6.5,4,1,,,12,2.9,17,4.1,0.4
38,2021,9,20,4.8,32,7.1,4,1,,,11,2.6,16,3.8,0.3
38,2021,10,18,4.3,31,6.9,5,1.2,,,11,2.6,18,4.3,0.3
38,2021,11,20,4.7,32,7,5,1.2,,,12,2.8,18,4.3,0.3
38,2021,12,20,4.7,34,7.5,4,0.9,,,12,2.8,18,4.3,0.3
38,2022,1,15,3.5,29,6.4,4,0.9,,,13,3.1,18,4.3,0.3
38,2022,2,17,4,31,6.8,4,0.9,,,12,2.8,17,4,0.3
38,2022,3,20,4.7,35,7.6,4,0.9,,,11,2.6,17,4,0.3
38,2022,4,18,4.2,32,7,4,0.9,,,16,3.8,22,5.2,0.3
38,2022,5,18,4.2,31,6.8,8,1.9,,,11,2.6,20,4.7,0.3
38,2022,6,21,4.9,32,7,5,1.2,,,11,2.6,17,4,0.3
38,2022,7,20,4.7,32,6.9,4,0.9,,,12,2.8,17,4,0.3
38,2022,8,20,4.7,27,5.9,5,1.2,,,10,2.3,17,4,0.3
38,2022,9,19,4.4,31,6.7,5,1.2,,,11,2.6,17,3.9,0.3
38,2022,10,18,4.2,29,6.3,5,1.2,,,11,2.5,17,3.9,0.3
38,2022,11,21,4.8,31,6.7,4,0.9,,,12,2.8,18,4.2,0.3
38,2022,12,18,4.2,31,6.7,6,1.4,,,13,3,20,4.6,0.3
38,2023,1,19,4.4,29,6.2,5,1.1,,,10,2.3,16,3.7,0.3
38,2023,2,21,4.8,30,6.4,5,1.1,,,11,2.5,17,3.9,0.3
38,2023,3,18,4.1,28,6,7,1.6,,,11,2.5,19,4.4,0.3
38,2023,4,16,3.7,28,6,7,1.6,,,12,2.8,20,4.6,0.3
38,2023,5,21,4.8,31,6.6,5,1.1,,,13,3,18,4.1,0.3
38,2023,6,20,4.6,29,6.2,5,1.1,,,13,3,19,4.3,0.3
38,2023,7,19,4.3,31,6.6,5,1.1,,,13,3,19,4.3,0.3
38,2023,8,18,4.1,29,6.2,5,1.1,,,13,3,19,4.3,0.3
38,2023,9,17,3.9,28,6,6,1.4,,,12,2.7,18,4.1,0.3
38,2023,10,17,3.9,24,5.2,4,0.9,,,10,2.3,14,3.2,0.4
38,2023,11,16,3.6,27,5.8,5,1.1,,,13,2.9,19,4.3,0.3
38,2023,12,18,4.1,27,5.7,5,1.1,,,11,2.5,16,3.6,0.3
38,2024,1,16,3.6,24,5.1,5,1.1,,,10,2.3,17,3.8,0.4
38,2024,2,16,3.6,25,5.3,7,1.6,,,10,2.3,18,4.1,0.4
38,2024,3,16,3.6,24,5.1,8,1.8,,,10,2.2,19,4.3,0.4
38,2024,4,17,3.8,22,4.7,5,1.1,,,11,2.5,17,3.8,0.4
38,2024,5,19,4.3,24,5.1,5,1.1,,,12,2.7,18,4,0.4
38,2024,6,17,3.8,23,4.9,5,1.1,,,10,2.2,16,3.6,0.4
38,2024,7,18,4,22,4.7,6,1.3,,,9,2,16,3.6,0.5
38,2024,8,15,3.3,23,4.9,7,1.6,,,10,2.2,19,4.2,0.5
38,2024,9,16,3.6,23,4.9,5,1.1,,,10,2.2,16,3.6,0.5
38,2024,10,18,4,26,5.5,4,0.9,,,11,2.5,16,3.6,0.4
38,2024,11,18,4,23,4.9,6,1.3,,,9,2,17,3.8,0.5
38,2024,12,19,4.2,24,5.1,6,1.3,,,9,2,17,3.8,0.5
38,2025,1,19,4.2,27,5.7,6,1.3,,,11,2.5,18,4,0.4
38,2025,2,15,3.4,21,4.5,5,1.1,,,11,2.5,17,3.8,0.5
38,2025,3,17,3.8,25,5.3,5,1.1,,,11,2.5,17,3.8,0.4
38,2025,4,17,3.8,21,4.5,6,1.3,,,10,2.2,17,3.8,0.5
38,2025,5,16,3.6,18,3.9,6,1.3,,,10,2.2,17,3.8,0.6
38,2025,6,17,3.8,23,4.9,6,1.3,,,12,2.7,18,4,0.5
38,2025,7,15,3.4,22,4.7,7,1.6,,,10,2.2,18,4,0.5
38,2025,8,16,3.6,22,4.7,6,1.3,,,8,1.8,15,3.4,0.5
38,2025,9,18,4,22,4.7,6,1.3,,,10,2.2,17,3.8,0.5
38,2025,10,19,4.3,23,4.9,6,1.3,,,10,2.2,17,3.8,
38,2025,11,17,3.8,21,4.5,5,1.1,,,10,2.2,15,3.4,0.5
38,2025,12,18,4,18,3.9,5,1.1,,,12,2.7,18,4,0.6
39,2012,1,139,2.7,125,2.4,39,0.8,,,75,1.5,122,2.4,3.6
39,2012,2,164,3.2,146,2.7,70,1.4,,,104,2,186,3.6,3
39,2012,3,151,2.9,147,2.7,43,0.8,,,85,1.6,139,2.7,2.9
39,2012,4,144,2.8,130,2.4,58,1.1,,,80,1.5,148,2.8,3.3
39,2012,5,149,2.9,137,2.6,62,1.2,,,83,1.6,158,3,3.1
39,2012,6,157,3,126,2.4,40,0.8,,,68,1.3,122,2.3,3.3
39,2012,7,140,2.7,122,2.3,67,1.3,,,68,1.3,148,2.8,3.4
39,2012,8,145,2.8,148,2.8,56,1.1,,,67,1.3,133,2.6,2.8
39,2012,9,157,3,162,3,65,1.2,,,71,1.4,148,2.8,2.5
39,2012,10,169,3.2,157,2.9,46,0.9,,,69,1.3,132,2.5,2.6
39,2012,11,173,3.3,146,2.7,71,1.4,,,84,1.6,172,3.3,2.9
39,2012,12,167,3.2,143,2.7,63,1.2,,,82,1.6,161,3.1,3
39,2013,1,155,3,132,2.5,55,1.1,,,76,1.5,150,2.9,3.2
39,2013,2,139,2.7,139,2.6,50,1,,,87,1.7,149,2.8,3.1
39,2013,3,162,3.1,155,2.9,64,1.2,,,98,1.9,178,3.4,2.8
39,2013,4,161,3.1,145,2.7,56,1.1,,,100,1.9,173,3.3,3
39,2013,5,171,3.2,162,3,75,1.4,,,87,1.7,175,3.3,2.6
39,2013,6,158,3,167,3.1,50,0.9,,,102,1.9,165,3.1,2.6
39,2013,7,185,3.5,146,2.7,52,1,,,107,2,175,3.3,2.9
39,2013,8,200,3.8,156,2.9,73,1.4,,,93,1.8,180,3.4,2.7
39,2013,9,178,3.4,157,2.9,59,1.1,,,99,1.9,173,3.3,2.7
39,2013,10,154,2.9,186,3.4,72,1.4,,,89,1.7,174,3.3,2.2
39,2013,11,161,3,168,3.1,66,1.2,,,82,1.5,163,3.1,2.4
39,2013,12,133,2.5,151,2.8,65,1.2,,,88,1.7,169,3.2,2.6
39,2014,1,153,2.9,161,3,58,1.1,,,90,1.7,158,3,2.3
39,2014,2,161,3,164,3,65,1.2,,,82,1.5,165,3.1,2.2
39,2014,3,170,3.2,161,2.9,53,1,,,81,1.5,148,2.8,2.2
39,2014,4,199,3.7,196,3.6,75,1.4,,,83,1.6,172,3.2,1.8
39,2014,5,198,3.7,184,3.3,44,0.8,,,93,1.7,158,3,1.8
39,2014,6,175,3.3,195,3.5,69,1.3,,,88,1.6,176,3.3,1.7
39,2014,7,181,3.4,197,3.6,69,1.3,,,85,1.6,168,3.1,1.7
39,2014,8,194,3.6,187,3.4,55,1,,,89,1.7,161,3,1.7
39,2014,9,216,4,178,3.2,68,1.3,,,92,1.7,176,3.3,1.8
39,2014,10,181,3.4,184,3.3,79,1.5,,,83,1.5,175,3.3,1.7
39,2014,11,192,3.6,172,3.1,82,1.5,,,85,1.6,177,3.3,1.8
39,2014,12,198,3.7,186,3.3,89,1.6,,,70,1.3,174,3.2,1.6
39,2015,1,215,4,212,3.8,89,1.7,,,102,1.9,204,3.8,1.4
39,2015,2,220,4.1,209,3.7,53,1,,,111,2.1,177,3.3,1.4
39,2015,3,215,4,199,3.6,104,1.9,,,96,1.8,217,4,1.5
39,2015,4,223,4.1,218,3.9,103,1.9,,,101,1.9,218,4,1.3
39,2015,5,201,3.7,207,3.7,86,1.6,,,97,1.8,195,3.6,1.4
39,2015,6,183,3.4,209,3.7,99,1.8,,,97,1.8,209,3.9,1.3
39,2015,7,192,3.5,226,4,84,1.5,,,96,1.8,194,3.6,1.2
39,2015,8,219,4,201,3.6,91,1.7,,,112,2.1,217,4,1.4
39,2015,9,206,3.8,223,3.9,76,1.4,,,115,2.1,204,3.8,1.2
39,2015,10,237,4.4,236,4.2,93,1.7,,,134,2.5,237,4.4,1.2
39,2015,11,217,4,227,4,73,1.3,,,140,2.6,231,4.2,1.2
39,2015,12,253,4.6,235,4.1,90,1.6,,,100,1.8,200,3.7,1.2
39,2016,1,212,3.9,243,4.3,90,1.6,,,105,1.9,207,3.8,1.2
39,2016,2,225,4.1,245,4.3,85,1.6,,,117,2.1,215,3.9,1.2
39,2016,3,249,4.6,245,4.3,66,1.2,,,115,2.1,192,3.5,1.2
39,2016,4,218,4,232,4.1,54,1,,,118,2.2,198,3.6,1.2
39,2016,5,215,3.9,240,4.2,75,1.4,,,142,2.6,232,4.2,1.2
39,2016,6,217,4,219,3.9,86,1.6,,,118,2.2,216,4,1.3
39,2016,7,205,3.7,258,4.5,75,1.4,,,108,2,198,3.6,1.1
39,2016,8,225,4.1,244,4.3,93,1.7,,,123,2.2,224,4.1,1.2
39,2016,9,232,4.2,230,4,82,1.5,,,128,2.3,218,4,1.3
39,2016,10,237,4.3,192,3.4,74,1.3,,,143,2.6,230,4.2,1.6
39,2016,11,207,3.8,271,4.7,83,1.5,,,125,2.3,219,4,1.1
39,2016,12,215,3.9,240,4.2,71,1.3,,,117,2.1,200,3.6,1.3
39,2017,1,200,3.6,246,4.3,60,1.1,,,129,2.3,199,3.6,1.2
39,2017,2,196,3.6,243,4.2,55,1,,,130,2.4,195,3.5,1.2
39,2017,3,191,3.5,250,4.3,72,1.3,,,133,2.4,216,3.9,1.2
39,2017,4,177,3.2,236,4.1,51,0.9,,,118,2.1,180,3.3,1.2
39,2017,5,218,3.9,202,3.5,62,1.1,,,110,2,184,3.3,1.4
39,2017,6,203,3.7,250,4.3,53,1,,,115,2.1,180,3.3,1.2
39,2017,7,220,4,230,4,52,0.9,,,109,2,168,3,1.3
39,2017,8,183,3.3,261,4.5,64,1.2,,,109,2,189,3.4,1.1
39,2017,9,186,3.4,256,4.4,61,1.1,,,108,2,179,3.2,1.1
39,2017,10,182,3.3,264,4.6,74,1.3,,,116,2.1,201,3.6,1.1
39,2017,11,192,3.5,248,4.3,52,0.9,,,111,2,177,3.2,1.1
39,2017,12,184,3.3,246,4.3,59,1.1,,,128,2.3,194,3.5,1.1
39,2018,1,209,3.8,265,4.6,56,1,,,120,2.2,188,3.4,1
39,2018,2,218,3.9,249,4.3,65,1.2,,,124,2.2,201,3.6,1.1
39,2018,3,201,3.6,267,4.6,65,1.2,,,124,2.2,202,3.6,1
39,2018,4,216,3.9,279,4.8,65,1.2,,,139,2.5,215,3.9,0.9
39,2018,5,228,4.1,262,4.5,73,1.3,,,132,2.4,216,3.9,1
39,2018,6,229,4.1,292,5,60,1.1,,,137,2.5,212,3.8,0.9
39,2018,7,223,4,283,4.8,83,1.5,,,146,2.6,244,4.4,0.9
39,2018,8,197,3.5,274,4.7,52,0.9,,,147,2.6,212,3.8,0.9
39,2018,9,189,3.4,287,4.9,56,1,,,123,2.2,195,3.5,0.9
39,2018,10,195,3.5,281,4.8,86,1.5,,,132,2.4,235,4.2,0.9
39,2018,11,204,3.7,296,5,74,1.3,,,143,2.6,228,4.1,0.9
39,2018,12,211,3.8,305,5.2,54,1,,,150,2.7,218,3.9,0.9
39,2019,1,200,3.6,313,5.3,65,1.2,,,149,2.7,230,4.1,0.8
39,2019,2,197,3.5,262,4.5,58,1,,,124,2.2,196,3.5,0.9
39,2019,3,212,3.8,276,4.7,60,1.1,,,134,2.4,207,3.7,0.9
39,2019,4,229,4.1,297,5,86,1.5,,,132,2.4,224,4,0.8
39,2019,5,187,3.3,286,4.9,63,1.1,,,138,2.5,212,3.8,0.8
39,2019,6,204,3.6,261,4.5,66,1.2,,,127,2.3,199,3.6,0.9
39,2019,7,209,3.7,284,4.8,61,1.1,,,148,2.6,222,4,0.8
39,2019,8,225,4,261,4.5,57,1,,,121,2.2,187,3.3,0.9
39,2019,9,227,4.1,269,4.6,67,1.2,,,173,3.1,254,4.5,0.9
39,2019,10,199,3.6,278,4.7,27,0.5,,,121,2.2,160,2.9,0.9
39,2019,11,224,4,262,4.5,72,1.3,,,128,2.3,211,3.8,1
39,2019,12,209,3.7,249,4.3,66,1.2,,,125,2.2,200,3.6,1
39,2020,1,191,3.4,255,4.3,69,1.2,,,124,2.2,204,3.6,1
39,2020,2,201,3.6,259,4.4,80,1.4,,,126,2.2,217,3.9,1
39,2020,3,183,3.3,195,3.4,520,9.4,,,115,2.1,647,11.6,1.4
39,2020,4,155,3.3,167,3.4,320,6.8,,,73,1.5,409,8.7,5.5
39,2020,5,405,8.3,228,4.4,79,1.6,,,81,1.7,166,3.4,3.2
39,2020,6,344,6.7,245,4.6,66,1.3,,,112,2.2,189,3.7,2.5
39,2020,7,228,4.4,221,4.1,67,1.3,,,127,2.4,202,3.9,2.5
39,2020,8,224,4.3,250,4.6,79,1.5,,,101,1.9,194,3.7,1.9
39,2020,9,208,3.9,236,4.3,66,1.3,,,118,2.2,198,3.8,1.8
39,2020,10,217,4.1,259,4.7,63,1.2,,,130,2.5,204,3.8,1.5
39,2020,11,224,4.2,253,4.5,70,1.3,,,126,2.4,207,3.9,1.5
39,2020,12,224,4.2,257,4.6,70,1.3,,,123,2.3,206,3.9,1.4
39,2021,1,208,3.9,255,4.6,51,1,,,124,2.3,187,3.5,1.4
39,2021,2,218,4.1,295,5.2,71,1.3,,,115,2.2,196,3.7,1.2
39,2021,3,221,4.1,298,5.3,66,1.2,,,128,2.4,203,3.8,1.1
39,2021,4,220,4.1,295,5.2,44,0.8,,,134,2.5,187,3.5,1.1
39,2021,5,192,3.6,324,5.7,47,0.9,,,137,2.6,194,3.6,1
39,2021,6,234,4.4,326,5.7,57,1.1,,,141,2.6,211,3.9,1
39,2021,7,239,4.4,379,6.5,52,1,,,135,2.5,199,3.7,0.8
39,2021,8,219,4,357,6.2,44,0.8,,,147,2.7,204,3.8,0.8
39,2021,9,239,4.4,402,6.9,62,1.1,,,160,3,228,4.2,0.7
39,2021,10,223,4.1,435,7.4,44,0.8,,,141,2.6,194,3.6,0.6
39,2021,11,206,3.8,451,7.6,49,0.9,,,133,2.4,196,3.6,0.5
39,2021,12,234,4.3,443,7.5,51,0.9,,,158,2.9,221,4,0.5
39,2022,1,222,4.1,385,6.6,55,1,,,149,2.7,214,3.9,0.6
39,2022,2,216,3.9,454,7.6,41,0.7,,,163,3,215,3.9,0.5
39,2022,3,217,3.9,428,7.2,46,0.8,,,130,2.4,184,3.3,0.5
39,2022,4,216,3.9,424,7.1,44,0.8,,,139,2.5,198,3.6,0.5
39,2022,5,230,4.2,404,6.8,54,1,,,130,2.4,196,3.5,0.6
39,2022,6,243,4.4,435,7.3,91,1.6,,,138,2.5,243,4.4,0.5
39,2022,7,238,4.3,420,7,82,1.5,,,116,2.1,208,3.7,0.6
39,2022,8,225,4.1,368,6.2,56,1,,,145,2.6,214,3.9,0.6
39,2022,9,205,3.7,399,6.7,55,1,,,144,2.6,207,3.7,0.6
39,2022,10,219,3.9,362,6.1,68,1.2,,,134,2.4,213,3.8,0.7
39,2022,11,226,4.1,358,6,43,0.8,,,135,2.4,196,3.5,0.6
39,2022,12,206,3.7,416,7,59,1.1,,,158,2.8,228,4.1,0.5
39,2023,1,233,4.2,358,6,68,1.2,,,139,2.5,214,3.8,0.6
39,2023,2,198,3.5,314,5.3,60,1.1,,,126,2.3,200,3.6,0.7
39,2023,3,207,3.7,337,5.7,67,1.2,,,134,2.4,207,3.7,0.6
39,2023,4,199,3.6,357,6,78,1.4,,,110,2,209,3.7,0.6
39,2023,5,187,3.3,371,6.2,60,1.1,,,135,2.4,209,3.7,0.5
39,2023,6,195,3.5,354,5.9,58,1,,,129,2.3,198,3.5,0.6
39,2023,7,197,3.5,305,5.1,62,1.1,,,131,2.3,214,3.8,0.7
39,2023,8,209,3.7,353,5.9,53,0.9,,,150,2.7,210,3.7,0.6
39,2023,9,240,4.3,353,5.9,54,1,,,124,2.2,192,3.4,0.6
39,2023,10,196,3.5,321,5.4,62,1.1,,,129,2.3,204,3.6,0.7
39,2023,11,174,3.1,307,5.2,62,1.1,,,129,2.3,202,3.6,0.7
39,2023,12,184,3.3,322,5.4,56,1,,,115,2,185,3.3,0.7
39,2024,1,176,3.1,301,5.1,50,0.9,,,108,1.9,181,3.2,0.8
39,2024,2,210,3.7,282,4.8,84,1.5,,,127,2.2,223,4,0.8
39,2024,3,192,3.4,287,4.8,60,1.1,,,119,2.1,198,3.5,0.8
39,2024,4,202,3.6,243,4.1,63,1.1,,,134,2.4,207,3.7,1
39,2024,5,205,3.6,245,4.2,69,1.2,,,118,2.1,200,3.5,1
39,2024,6,202,3.6,246,4.2,67,1.2,,,112,2,186,3.3,1
39,2024,7,185,3.3,280,4.7,65,1.1,,,125,2.2,200,3.5,0.9
39,2024,8,188,3.3,284,4.8,66,1.2,,,122,2.2,198,3.5,0.9
39,2024,9,190,3.4,259,4.4,69,1.2,,,114,2,191,3.4,1
39,2024,10,189,3.3,279,4.7,62,1.1,,,132,2.3,205,3.6,1
39,2024,11,178,3.1,286,4.8,61,1.1,,,130,2.3,203,3.6,1
39,2024,12,193,3.4,279,4.7,77,1.4,,,112,2,198,3.5,1
39,2025,1,219,3.9,297,5,66,1.2,,,138,2.4,217,3.8,1
39,2025,2,194,3.4,278,4.7,55,1,,,109,1.9,180,3.2,1
39,2025,3,187,3.3,287,4.8,70,1.2,,,134,2.4,218,3.8,1
39,2025,4,192,3.4,271,4.6,65,1.1,,,146,2.6,224,4,1
39,2025,5,200,3.5,280,4.7,68,1.2,,,139,2.4,218,3.8,1
39,2025,6,191,3.4,279,4.7,62,1.1,,,158,2.8,233,4.1,1
39,2025,7,189,3.3,246,4.2,55,1,,,112,2,177,3.1,1.1
39,2025,8,189,3.3,256,4.3,108,1.9,,,111,2,231,4.1,1
39,2025,9,183,3.2,280,4.7,77,1.4,,,118,2.1,206,3.6,0.9
39,2025,10,188,3.3,291,4.9,65,1.1,,,123,2.2,201,3.6,
39,2025,11,164,2.9,266,4.5,58,1,,,123,2.2,190,3.4,1
39,2025,12,183,3.2,287,4.8,44,0.8,,,145,2.6,197,3.5,0.9
40,2012,1,59,3.7,53,3.2,20,1.3,,,27,1.7,51,3.2,1.8
40,2012,2,55,3.4,51,3.1,22,1.4,,,37,2.3,63,3.9,1.8
40,2012,3,59,3.7,55,3.3,20,1.2,,,30,1.9,53,3.3,1.6
40,2012,4,54,3.4,50,3,18,1.1,,,29,1.8,50,3.1,1.8
40,2012,5,60,3.7,55,3.3,21,1.3,,,32,2,57,3.5,1.6
40,2012,6,61,3.8,59,3.5,21,1.3,,,28,1.7,54,3.3,1.5
40,2012,7,60,3.7,64,3.8,19,1.2,,,32,2,55,3.4,1.4
40,2012,8,58,3.6,54,3.2,21,1.3,,,32,2,57,3.5,1.7
40,2012,9,59,3.6,57,3.4,21,1.3,,,28,1.7,54,3.3,1.6
40,2012,10,55,3.4,51,3,27,1.7,,,27,1.7,59,3.6,1.8
40,2012,11,51,3.1,48,2.9,19,1.2,,,26,1.6,49,3,1.9
40,2012,12,58,3.6,52,3.1,17,1,,,28,1.7,48,2.9,1.8
40,2013,1,54,3.3,53,3.2,20,1.2,,,35,2.2,61,3.8,1.7
40,2013,2,59,3.6,65,3.8,19,1.2,,,33,2,55,3.4,1.4
40,2013,3,58,3.6,55,3.3,18,1.1,,,33,2,59,3.6,1.7
40,2013,4,63,3.9,57,3.4,17,1,,,37,2.3,59,3.6,1.6
40,2013,5,68,4.2,65,3.8,17,1,,,31,1.9,54,3.3,1.4
40,2013,6,71,4.3,50,3,28,1.7,,,34,2.1,66,4,1.8
40,2013,7,56,3.4,46,2.7,19,1.2,,,33,2,56,3.4,2
40,2013,8,61,3.7,48,2.8,18,1.1,,,33,2,55,3.4,1.9
40,2013,9,63,3.8,50,3,22,1.3,,,34,2.1,60,3.7,1.8
40,2013,10,61,3.7,58,3.4,22,1.3,,,36,2.2,63,3.8,1.6
40,2013,11,68,4.1,63,3.7,18,1.1,,,33,2,56,3.4,1.4
40,2013,12,55,3.4,48,2.8,21,1.3,,,32,2,59,3.6,1.8
40,2014,1,69,4.2,60,3.5,20,1.2,,,35,2.1,59,3.6,1.4
40,2014,2,69,4.2,63,3.7,17,1,,,35,2.1,60,3.6,1.3
40,2014,3,66,4,58,3.4,22,1.3,,,37,2.2,64,3.9,1.4
40,2014,4,65,3.9,62,3.6,21,1.3,,,32,1.9,57,3.5,1.3
40,2014,5,61,3.7,67,3.9,18,1.1,,,33,2,55,3.3,1.2
40,2014,6,65,3.9,68,3.9,17,1,,,33,2,54,3.3,1.1
40,2014,7,65,3.9,64,3.7,16,1,,,32,1.9,53,3.2,1.2
40,2014,8,64,3.9,75,4.3,27,1.6,,,36,2.2,68,4.1,1
40,2014,9,70,4.2,70,4,22,1.3,,,44,2.6,71,4.3,1.1
40,2014,10,72,4.3,67,3.9,18,1.1,,,37,2.2,60,3.6,1.1
40,2014,11,69,4.1,73,4.2,26,1.6,,,36,2.2,66,4,1
40,2014,12,68,4.1,72,4.1,20,1.2,,,37,2.2,62,3.7,1
40,2015,1,66,3.9,67,3.8,21,1.3,,,35,2.1,60,3.6,1.1
40,2015,2,66,3.9,65,3.7,22,1.3,,,34,2,60,3.6,1.1
40,2015,3,59,3.5,66,3.8,20,1.2,,,33,2,57,3.4,1.2
40,2015,4,65,3.9,80,4.6,24,1.4,,,38,2.3,65,3.9,1
40,2015,5,67,4,69,4,19,1.1,,,38,2.3,60,3.6,1.2
40,2015,6,63,3.8,68,3.9,20,1.2,,,35,2.1,61,3.7,1.2
40,2015,7,65,3.9,76,4.4,19,1.1,,,37,2.2,63,3.8,1
40,2015,8,64,3.8,68,3.9,21,1.3,,,37,2.2,62,3.7,1.2
40,2015,9,59,3.5,65,3.8,19,1.1,,,32,1.9,56,3.4,1.2
40,2015,10,62,3.7,68,3.9,31,1.9,,,30,1.8,64,3.8,1.2
40,2015,11,68,4.1,63,3.6,21,1.3,,,34,2,60,3.6,1.3
40,2015,12,72,4.3,63,3.7,23,1.4,,,51,3.1,78,4.7,1.3
40,2016,1,73,4.4,81,4.6,19,1.1,,,39,2.3,64,3.9,1
40,2016,2,67,4,66,3.8,26,1.6,,,35,2.1,68,4.1,1.3
40,2016,3,64,3.9,64,3.7,26,1.6,,,41,2.5,74,4.5,1.3
40,2016,4,62,3.7,58,3.4,25,1.5,,,37,2.2,68,4.1,1.5
40,2016,5,62,3.8,57,3.3,23,1.4,,,36,2.2,64,3.9,1.5
40,2016,6,59,3.6,58,3.4,23,1.4,,,37,2.2,65,3.9,1.5
40,2016,7,62,3.8,58,3.4,17,1,,,35,2.1,58,3.5,1.5
40,2016,8,58,3.5,60,3.5,19,1.2,,,39,2.4,64,3.9,1.4
40,2016,9,59,3.6,62,3.6,17,1,,,37,2.2,63,3.8,1.4
40,2016,10,60,3.6,58,3.4,19,1.2,,,37,2.2,60,3.6,1.5
40,2016,11,62,3.8,65,3.8,18,1.1,,,37,2.2,64,3.9,1.3
40,2016,12,57,3.5,63,3.7,18,1.1,,,35,2.1,61,3.7,1.3
40,2017,1,62,3.8,63,3.7,19,1.2,,,39,2.4,64,3.9,1.3
40,2017,2,64,3.9,64,3.7,17,1,,,38,2.3,60,3.6,1.2
40,2017,3,66,4,65,3.8,17,1,,,38,2.3,59,3.6,1.2
40,2017,4,59,3.6,68,3.9,17,1,,,37,2.2,59,3.6,1.1
40,2017,5,60,3.6,63,3.7,20,1.2,,,36,2.2,60,3.6,1.2
40,2017,6,70,4.2,70,4,19,1.1,,,41,2.5,65,3.9,1
40,2017,7,64,3.8,69,4,21,1.3,,,41,2.5,66,4,1.1
40,2017,8,67,4,67,3.9,19,1.1,,,35,2.1,59,3.5,1.1
40,2017,9,67,4,69,4,17,1,,,42,2.5,62,3.7,1
40,2017,10,66,4,65,3.7,18,1.1,,,48,2.9,69,4.1,1.1
40,2017,11,66,4,66,3.8,18,1.1,,,43,2.6,64,3.8,1.1
40,2017,12,71,4.2,65,3.7,18,1.1,,,40,2.4,62,3.7,1.1
40,2018,1,67,4,72,4.1,19,1.1,,,39,2.3,63,3.8,0.9
40,2018,2,67,4,69,3.9,16,1,,,49,2.9,69,4.1,1
40,2018,3,76,4.5,70,4,17,1,,,43,2.6,65,3.9,0.9
40,2018,4,77,4.6,73,4.2,18,1.1,,,47,2.8,70,4.2,0.9
40,2018,5,81,4.8,77,4.4,17,1,,,55,3.3,76,4.5,0.8
40,2018,6,78,4.6,81,4.6,19,1.1,,,50,3,73,4.3,0.7
40,2018,7,72,4.3,83,4.7,21,1.2,,,50,3,75,4.4,0.7
40,2018,8,88,5.2,81,4.6,21,1.2,,,42,2.5,68,4,0.7
40,2018,9,83,4.9,81,4.6,24,1.4,,,51,3,78,4.6,0.7
40,2018,10,89,5.2,81,4.6,25,1.5,,,50,2.9,79,4.7,0.7
40,2018,11,88,5.2,77,4.3,24,1.4,,,55,3.2,83,4.9,0.8
40,2018,12,79,4.7,82,4.6,35,2.1,,,60,3.5,98,5.8,0.7
40,2019,1,72,4.2,79,4.4,21,1.2,,,50,2.9,77,4.5,0.7
40,2019,2,86,5,75,4.2,23,1.3,,,66,3.9,94,5.5,0.8
40,2019,3,76,4.5,89,5,22,1.3,,,58,3.4,85,5,0.6
40,2019,4,76,4.5,82,4.6,18,1.1,,,45,2.6,68,4,0.7
40,2019,5,70,4.1,91,5.1,20,1.2,,,50,2.9,74,4.3,0.6
40,2019,6,74,4.3,78,4.4,22,1.3,,,44,2.6,70,4.1,0.7
40,2019,7,69,4,80,4.5,22,1.3,,,47,2.8,74,4.3,0.7
40,2019,8,70,4.1,82,4.6,21,1.2,,,53,3.1,77,4.5,0.7
40,2019,9,79,4.6,82,4.6,18,1.1,,,50,2.9,73,4.3,0.7
40,2019,10,68,4,90,5,17,1,,,46,2.7,68,4,0.6
40,2019,11,72,4.2,76,4.3,17,1,,,46,2.7,68,4,0.8
40,2019,12,65,3.8,71,4,19,1.1,,,46,2.7,70,4.1,0.8
40,2020,1,75,4.4,82,4.6,18,1.1,,,46,2.7,67,3.9,0.7
40,2020,2,68,4,78,4.4,25,1.5,,,41,2.4,72,4.2,0.7
40,2020,3,67,4,72,4.1,135,8,,,35,2.1,174,10.3,0.8
40,2020,4,63,4.1,79,4.9,80,5.2,,,36,2.3,121,7.9,2.9
40,2020,5,104,6.6,86,5.2,29,1.9,,,31,2,65,4.1,2.1
40,2020,6,76,4.7,75,4.5,31,1.9,,,38,2.4,74,4.6,2
40,2020,7,70,4.4,87,5.1,21,1.3,,,38,2.4,64,4,1.6
40,2020,8,65,4,85,5,17,1.1,,,41,2.5,64,4,1.4
40,2020,9,64,4,69,4.1,14,0.9,,,41,2.5,60,3.7,1.6
40,2020,10,75,4.6,84,4.9,16,1,,,44,2.7,64,3.9,1.2
40,2020,11,68,4.2,86,5,19,1.2,,,39,2.4,61,3.7,1.1
40,2020,12,64,3.9,83,4.8,17,1,,,44,2.7,64,3.9,1.2
40,2021,1,63,3.9,90,5.2,17,1,,,50,3.1,70,4.3,1
40,2021,2,57,3.5,100,5.8,16,1,,,45,2.8,65,4,0.9
40,2021,3,79,4.8,107,6.1,15,0.9,,,41,2.5,59,3.6,0.8
40,2021,4,72,4.4,113,6.5,21,1.3,,,59,3.6,84,5.1,0.8
40,2021,5,76,4.6,109,6.2,14,0.9,,,49,3,66,4,0.8
40,2021,6,75,4.5,115,6.5,16,1,,,43,2.6,63,3.8,0.7
40,2021,7,91,5.5,115,6.5,16,1,,,57,3.4,78,4.7,0.7
40,2021,8,76,4.6,108,6.1,17,1,,,47,2.8,69,4.2,0.6
40,2021,9,83,5,125,7,17,1,,,51,3.1,72,4.3,0.5
40,2021,10,86,5.2,126,7,16,1,,,53,3.2,76,4.6,0.5
40,2021,11,88,5.3,130,7.2,21,1.3,,,61,3.7,87,5.2,0.4
40,2021,12,91,5.4,131,7.2,18,1.1,,,60,3.6,82,4.9,0.4
40,2022,1,89,5.3,128,7.1,15,0.9,,,55,3.3,75,4.5,0.4
40,2022,2,88,5.2,124,6.9,16,1,,,51,3,71,4.2,0.4
40,2022,3,87,5.2,135,7.4,15,0.9,,,59,3.5,79,4.7,0.4
40,2022,4,103,6.1,121,6.7,18,1.1,,,54,3.2,76,4.5,0.5
40,2022,5,90,5.3,124,6.8,16,0.9,,,50,2.9,71,4.2,0.5
40,2022,6,88,5.2,131,7.2,15,0.9,,,59,3.5,79,4.7,0.4
40,2022,7,84,4.9,125,6.8,16,0.9,,,50,2.9,69,4,0.5
40,2022,8,85,5,127,6.9,18,1,,,62,3.6,84,4.9,0.5
40,2022,9,86,5,129,7,15,0.9,,,60,3.5,78,4.5,0.5
40,2022,10,80,4.6,127,6.9,15,0.9,,,47,2.7,65,3.8,0.5
40,2022,11,82,4.7,130,7,16,0.9,,,56,3.2,76,4.4,0.5
40,2022,12,83,4.8,126,6.8,23,1.3,,,52,3,79,4.6,0.5
40,2023,1,84,4.8,139,7.4,25,1.4,,,50,2.9,77,4.4,0.4
40,2023,2,83,4.8,124,6.6,21,1.2,,,58,3.3,84,4.8,0.5
40,2023,3,78,4.5,123,6.6,21,1.2,,,55,3.1,79,4.5,0.5
40,2023,4,79,4.5,124,6.6,16,0.9,,,53,3,74,4.2,0.5
40,2023,5,85,4.9,122,6.5,21,1.2,,,56,3.2,80,4.6,0.5
40,2023,6,82,4.7,118,6.3,19,1.1,,,56,3.2,78,4.4,0.5
40,2023,7,84,4.8,101,5.4,19,1.1,,,53,3,76,4.3,0.6
40,2023,8,83,4.7,116,6.2,17,1,,,49,2.8,71,4,0.5
40,2023,9,87,4.9,113,6,18,1,,,46,2.6,68,3.9,0.6
40,2023,10,94,5.3,126,6.7,18,1,,,58,3.3,82,4.6,0.5
40,2023,11,79,4.5,108,5.8,16,0.9,,,46,2.6,65,3.7,0.6
40,2023,12,79,4.5,112,6,18,1,,,41,2.3,64,3.6,0.6
40,2024,1,71,4,103,5.5,24,1.4,,,43,2.4,70,4,0.6
40,2024,2,82,4.6,118,6.2,15,0.8,,,39,2.2,56,3.2,0.6
40,2024,3,76,4.3,105,5.6,18,1,,,40,2.2,62,3.5,0.6
40,2024,4,81,4.6,107,5.7,14,0.8,,,45,2.5,62,3.5,0.6
40,2024,5,77,4.3,104,5.5,26,1.5,,,44,2.5,73,4.1,0.6
40,2024,6,68,3.8,90,4.8,31,1.7,,,42,2.4,77,4.3,0.7
40,2024,7,77,4.3,108,5.7,16,0.9,,,39,2.2,58,3.3,0.6
40,2024,8,72,4,110,5.8,19,1.1,,,42,2.4,65,3.6,0.6
40,2024,9,65,3.6,83,4.4,16,0.9,,,39,2.2,59,3.3,0.8
40,2024,10,69,3.9,95,5,18,1,,,44,2.5,65,3.6,0.7
40,2024,11,65,3.6,101,5.3,16,0.9,,,37,2.1,56,3.1,0.6
40,2024,12,67,3.7,95,5,16,0.9,,,39,2.2,58,3.2,0.6
40,2025,1,62,3.5,92,4.9,17,0.9,,,40,2.2,60,3.3,0.7
40,2025,2,56,3.1,93,4.9,15,0.8,,,39,2.2,57,3.2,0.7
40,2025,3,63,3.5,90,4.8,15,0.8,,,44,2.5,61,3.4,0.7
40,2025,4,65,3.6,98,5.2,17,0.9,,,40,2.2,60,3.3,0.6
40,2025,5,58,3.2,102,5.4,15,0.8,,,44,2.4,62,3.4,0.6
40,2025,6,63,3.5,96,5.1,15,0.8,,,42,2.3,61,3.4,0.7
40,2025,7,62,3.5,98,5.2,20,1.1,,,38,2.1,60,3.4,0.7
40,2025,8,62,3.5,96,5.1,33,1.8,,,39,2.2,75,4.2,0.7
40,2025,9,63,3.5,102,5.4,17,1,,,35,2,57,3.2,0.7
40,2025,10,54,3,101,5.4,17,1,,,39,2.2,59,3.3,
40,2025,11,60,3.4,108,5.7,17,1,,,43,2.4,64,3.6,0.7
40,2025,12,69,3.9,101,5.3,17,1,,,40,2.2,60,3.4,0.7
41,2012,1,53,3.2,39,2.3,26,1.6,,,21,1.3,51,3.1,4.5
41,2012,2,66,4,39,2.3,29,1.8,,,19,1.2,51,3.1,4.5
41,2012,3,56,3.4,43,2.6,20,1.2,,,23,1.4,46,2.8,4.1
41,2012,4,66,4,42,2.5,21,1.3,,,26,1.6,52,3.2,4.1
41,2012,5,64,3.9,56,3.3,37,2.3,,,25,1.5,68,4.1,3.1
41,2012,6,62,3.8,50,3,31,1.9,,,27,1.6,62,3.8,3.4
41,2012,7,55,3.3,43,2.5,22,1.3,,,29,1.8,55,3.3,4
41,2012,8,56,3.4,40,2.4,28,1.7,,,23,1.4,53,3.2,4.2
41,2012,9,42,2.5,39,2.3,22,1.3,,,17,1,42,2.5,4.3
41,2012,10,60,3.6,40,2.4,43,2.6,,,28,1.7,74,4.5,4.2
41,2012,11,53,3.2,43,2.5,17,1,,,23,1.4,46,2.8,3.9
41,2012,12,46,2.8,46,2.7,18,1.1,,,19,1.1,41,2.5,3.6
41,2013,1,62,3.7,48,2.8,35,2.1,,,27,1.6,69,4.2,3.4
41,2013,2,60,3.6,46,2.7,21,1.3,,,30,1.8,57,3.4,3.5
41,2013,3,55,3.3,55,3.2,26,1.6,,,24,1.4,63,3.8,2.9
41,2013,4,53,3.2,48,2.8,26,1.6,,,27,1.6,61,3.7,3.2
41,2013,5,54,3.2,52,3,20,1.2,,,25,1.5,54,3.2,2.9
41,2013,6,50,3,42,2.4,19,1.1,,,26,1.6,53,3.2,3.6
41,2013,7,60,3.6,48,2.8,24,1.4,,,27,1.6,61,3.6,3.1
41,2013,8,60,3.6,50,2.9,19,1.1,,,29,1.7,56,3.3,2.9
41,2013,9,62,3.7,50,2.9,24,1.4,,,29,1.7,60,3.5,2.8
41,2013,10,54,3.2,50,2.9,19,1.1,,,29,1.7,54,3.2,2.8
41,2013,11,62,3.7,54,3.1,26,1.5,,,29,1.7,59,3.5,2.6
41,2013,12,64,3.8,50,2.9,25,1.5,,,30,1.8,61,3.6,2.8
41,2014,1,60,3.5,59,3.3,19,1.1,,,28,1.6,53,3.1,2.4
41,2014,2,59,3.5,60,3.4,22,1.3,,,29,1.7,62,3.6,2.3
41,2014,3,67,3.9,57,3.2,19,1.1,,,32,1.9,57,3.3,2.4
41,2014,4,62,3.6,57,3.2,23,1.3,,,28,1.6,56,3.3,2.4
41,2014,5,61,3.5,57,3.2,19,1.1,,,33,1.9,58,3.4,2.3
41,2014,6,59,3.4,57,3.2,24,1.4,,,27,1.6,56,3.2,2.3
41,2014,7,67,3.9,63,3.5,21,1.2,,,34,2,61,3.5,2
41,2014,8,63,3.6,69,3.8,17,1,,,36,2.1,60,3.5,1.8
41,2014,9,66,3.8,63,3.5,19,1.1,,,31,1.8,56,3.2,2
41,2014,10,59,3.4,63,3.5,19,1.1,,,36,2.1,63,3.6,2
41,2014,11,55,3.1,60,3.3,21,1.2,,,31,1.8,57,3.3,2
41,2014,12,63,3.6,73,4,22,1.3,,,29,1.7,57,3.2,1.6
41,2015,1,56,3.2,62,3.4,23,1.3,,,35,2,63,3.6,1.8
41,2015,2,59,3.3,69,3.8,23,1.3,,,34,1.9,62,3.5,1.6
41,2015,3,61,3.4,67,3.6,25,1.4,,,37,2.1,67,3.8,1.7
41,2015,4,61,3.4,69,3.7,21,1.2,,,36,2,60,3.4,1.6
41,2015,5,65,3.6,63,3.4,20,1.1,,,33,1.8,58,3.3,1.7
41,2015,6,67,3.7,70,3.8,17,1,,,36,2,60,3.4,1.6
41,2015,7,64,3.6,75,4,20,1.1,,,31,1.7,55,3.1,1.4
41,2015,8,62,3.5,65,3.5,22,1.2,,,34,1.9,63,3.5,1.6
41,2015,9,54,3,69,3.7,25,1.4,,,38,2.1,70,3.9,1.5
41,2015,10,71,3.9,77,4.1,24,1.3,,,34,1.9,60,3.3,1.3
41,2015,11,68,3.8,78,4.1,22,1.2,,,42,2.3,71,3.9,1.3
41,2015,12,67,3.7,72,3.8,24,1.3,,,41,2.3,69,3.8,1.4
41,2016,1,66,3.6,70,3.7,18,1,,,37,2,61,3.4,1.4
41,2016,2,66,3.6,73,3.8,28,1.5,,,36,2,72,3.9,1.4
41,2016,3,65,3.5,80,4.2,19,1,,,45,2.5,68,3.7,1.3
41,2016,4,73,4,86,4.5,22,1.2,,,44,2.4,70,3.8,1.2
41,2016,5,74,4,89,4.6,25,1.4,,,44,2.4,74,4,1.1
41,2016,6,81,4.4,71,3.7,18,1,,,38,2.1,58,3.2,1.4
41,2016,7,64,3.5,78,4.1,19,1,,,42,2.3,65,3.5,1.3
41,2016,8,71,3.8,77,4,20,1.1,,,39,2.1,62,3.4,1.3
41,2016,9,73,3.9,74,3.8,17,0.9,,,50,2.7,71,3.8,1.3
41,2016,10,63,3.4,68,3.5,19,1,,,38,2,61,3.3,1.4
41,2016,11,69,3.7,79,4.1,22,1.2,,,37,2,64,3.4,1.1
41,2016,12,65,3.5,73,3.8,18,1,,,42,2.3,64,3.4,1.2
41,2017,1,71,3.8,70,3.6,20,1.1,,,50,2.7,74,4,1.2
41,2017,2,73,3.9,74,3.8,21,1.1,,,43,2.3,68,3.6,1.1
41,2017,3,71,3.8,74,3.8,18,1,,,45,2.4,67,3.6,1.1
41,2017,4,76,4,81,4.1,22,1.2,,,42,2.2,68,3.6,1
41,2017,5,79,4.2,77,3.9,14,0.7,,,47,2.5,65,3.4,1.1
41,2017,6,72,3.8,90,4.5,17,0.9,,,49,2.6,71,3.8,0.9
41,2017,7,85,4.5,92,4.6,25,1.3,,,43,2.3,73,3.9,0.9
41,2017,8,78,4.1,89,4.5,24,1.3,,,46,2.4,76,4,1
41,2017,9,77,4.1,88,4.4,23,1.2,,,45,2.4,73,3.8,1
41,2017,10,77,4.1,90,4.5,20,1.1,,,47,2.5,74,3.9,1
41,2017,11,78,4.1,86,4.3,18,0.9,,,47,2.5,72,3.8,1
41,2017,12,80,4.2,83,4.2,19,1,,,48,2.5,72,3.8,1
41,2018,1,81,4.2,89,4.5,23,1.2,,,46,2.4,74,3.9,1
41,2018,2,82,4.3,84,4.2,25,1.3,,,47,2.5,76,4,1
41,2018,3,71,3.7,83,4.2,28,1.5,,,47,2.5,81,4.2,1
41,2018,4,75,3.9,80,4,22,1.1,,,45,2.3,73,3.8,1
41,2018,5,74,3.9,95,4.7,22,1.1,,,49,2.6,75,3.9,0.8
41,2018,6,77,4,94,4.7,31,1.6,,,47,2.4,82,4.3,0.8
41,2018,7,76,4,97,4.8,20,1,,,53,2.8,80,4.2,0.8
41,2018,8,94,4.9,103,5.1,23,1.2,,,52,2.7,79,4.1,0.8
41,2018,9,78,4,103,5.1,23,1.2,,,54,2.8,81,4.2,0.8
41,2018,10,83,4.3,106,5.2,24,1.2,,,52,2.7,79,4.1,0.8
41,2018,11,85,4.4,102,5,23,1.2,,,59,3,85,4.4,0.9
41,2018,12,88,4.5,101,5,19,1,,,49,2.5,72,3.7,0.9
41,2019,1,87,4.5,110,5.4,22,1.1,,,53,2.7,80,4.1,0.8
41,2019,2,71,3.7,92,4.5,22,1.1,,,60,3.1,85,4.4,0.9
41,2019,3,87,4.5,103,5,20,1,,,50,2.6,74,3.8,0.8
41,2019,4,92,4.7,99,4.8,23,1.2,,,57,2.9,84,4.3,0.8
41,2019,5,80,4.1,98,4.8,31,1.6,,,49,2.5,83,4.3,0.8
41,2019,6,86,4.4,108,5.2,23,1.2,,,58,3,86,4.4,0.7
41,2019,7,84,4.3,97,4.7,28,1.4,,,59,3,93,4.8,0.8
41,2019,8,84,4.3,97,4.7,23,1.2,,,54,2.8,81,4.1,0.8
41,2019,9,86,4.4,101,4.9,24,1.2,,,49,2.5,78,4,0.7
41,2019,10,87,4.4,105,5.1,44,2.2,,,61,3.1,111,5.6,0.7
41,2019,11,77,3.9,99,4.8,24,1.2,,,53,2.7,82,4.2,0.7
41,2019,12,87,4.4,115,5.5,47,2.4,,,52,2.6,105,5.3,0.6
41,2020,1,99,5,107,5.2,23,1.2,,,53,2.7,80,4.1,0.7
41,2020,2,88,4.5,112,5.4,24,1.2,,,54,2.7,93,4.7,0.7
41,2020,3,73,3.7,96,4.7,158,8.1,,,45,2.3,208,10.6,0.8
41,2020,4,50,3,73,4.1,204,12.1,,,26,1.5,234,13.9,3.8
41,2020,5,105,6.2,76,4.3,29,1.7,,,31,1.8,66,3.9,3.3
41,2020,6,115,6.5,86,4.6,32,1.8,,,33,1.9,71,4,2.5
41,2020,7,91,5.1,92,4.9,24,1.3,,,36,2,64,3.6,2.1
41,2020,8,69,3.8,97,5.1,20,1.1,,,36,2,60,3.3,1.7
41,2020,9,77,4.2,96,5,32,1.8,,,36,2,72,4,1.7
41,2020,10,83,4.5,91,4.7,19,1,,,39,2.1,62,3.4,1.6
41,2020,11,82,4.5,107,5.5,35,1.9,,,36,2,75,4.1,1.3
41,2020,12,70,3.9,84,4.4,24,1.3,,,46,2.5,74,4.1,1.7
41,2021,1,73,4,101,5.3,17,0.9,,,44,2.4,65,3.6,1.3
41,2021,2,82,4.5,113,5.8,17,0.9,,,45,2.5,66,3.6,1.2
41,2021,3,92,5,127,6.4,17,0.9,,,52,2.8,73,3.9,1
41,2021,4,80,4.3,128,6.4,36,1.9,,,54,2.9,96,5.2,1
41,2021,5,79,4.2,146,7.3,19,1,,,64,3.4,87,4.7,0.8
41,2021,6,85,4.6,146,7.3,17,0.9,,,54,2.9,76,4.1,0.8
41,2021,7,95,5,150,7.3,15,0.8,,,51,2.7,68,3.6,0.7
41,2021,8,90,4.7,152,7.4,15,0.8,,,61,3.2,80,4.2,0.7
41,2021,9,85,4.5,138,6.8,15,0.8,,,66,3.5,85,4.5,0.7
41,2021,10,82,4.3,147,7.2,14,0.7,,,59,3.1,78,4.1,0.6
41,2021,11,98,5.1,147,7.1,23,1.2,,,59,3.1,87,4.5,0.6
41,2021,12,98,5.1,157,7.6,22,1.1,,,60,3.1,87,4.5,0.5
41,2022,1,88,4.6,155,7.5,16,0.8,,,56,2.9,76,4,0.5
41,2022,2,91,4.7,158,7.6,24,1.2,,,57,3,85,4.4,0.5
41,2022,3,90,4.7,160,7.6,15,0.8,,,59,3,77,4,0.5
41,2022,4,80,4.1,146,7,14,0.7,,,57,2.9,74,3.8,0.6
41,2022,5,80,4.1,144,6.9,17,0.9,,,53,2.7,75,3.9,0.6
41,2022,6,83,4.3,132,6.4,18,0.9,,,55,2.8,77,4,0.6
41,2022,7,81,4.1,149,7.1,21,1.1,,,44,2.2,79,4,0.6
41,2022,8,114,5.8,131,6.3,24,1.2,,,62,3.2,96,4.9,0.7
41,2022,9,93,4.7,135,6.4,18,0.9,,,56,2.9,79,4,0.7
41,2022,10,94,4.8,143,6.8,28,1.4,,,54,2.8,85,4.3,0.6
41,2022,11,81,4.1,136,6.5,19,1,,,59,3,87,4.4,0.7
41,2022,12,80,4.1,147,7,11,0.6,,,57,2.9,73,3.7,0.6
41,2023,1,112,5.7,183,8.5,23,1.2,,,58,2.9,86,4.3,0.5
41,2023,2,81,4.1,120,5.7,21,1.1,,,52,2.6,77,3.9,0.7
41,2023,3,82,4.1,118,5.6,25,1.3,,,50,2.5,80,4,0.7
41,2023,4,68,3.4,134,6.3,26,1.3,,,48,2.4,77,3.9,0.6
41,2023,5,83,4.2,118,5.6,17,0.9,,,50,2.5,71,3.6,0.7
41,2023,6,72,3.6,114,5.4,21,1.1,,,49,2.5,72,3.6,0.7
41,2023,7,70,3.5,108,5.2,22,1.1,,,48,2.4,75,3.8,0.7
41,2023,8,72,3.6,116,5.5,22,1.1,,,50,2.5,77,3.9,0.7
41,2023,9,76,3.8,113,5.4,17,0.9,,,50,2.5,74,3.7,0.7
41,2023,10,71,3.6,99,4.7,18,0.9,,,46,2.3,67,3.4,0.9
41,2023,11,67,3.4,102,4.9,19,1,,,48,2.4,70,3.5,0.9
41,2023,12,62,3.1,90,4.3,19,1,,,43,2.2,66,3.3,1
41,2024,1,70,3.5,101,4.9,21,1.1,,,45,2.3,69,3.5,0.9
41,2024,2,78,3.9,112,5.3,18,0.9,,,46,2.3,72,3.6,0.8
41,2024,3,67,3.4,101,4.8,24,1.2,,,42,2.1,71,3.6,0.9
41,2024,4,73,3.7,101,4.8,19,1,,,52,2.6,77,3.9,0.9
41,2024,5,70,3.5,102,4.9,25,1.3,,,45,2.3,73,3.7,0.9
41,2024,6,68,3.4,102,4.9,17,0.9,,,41,2.1,62,3.1,0.9
41,2024,7,74,3.7,91,4.4,24,1.2,,,41,2.1,69,3.5,1
41,2024,8,60,3,98,4.7,19,1,,,39,2,62,3.1,1
41,2024,9,68,3.4,98,4.7,23,1.2,,,32,1.6,58,2.9,1
41,2024,10,71,3.6,104,5,20,1,,,48,2.4,72,3.6,0.9
41,2024,11,69,3.5,98,4.7,20,1,,,40,2,62,3.1,1
41,2024,12,85,4.3,106,5,17,0.9,,,39,2,60,3,1
41,2025,1,63,3.2,98,4.7,19,1,,,41,2.1,64,3.2,1.1
41,2025,2,59,3,87,4.2,22,1.1,,,44,2.2,69,3.5,1.2
41,2025,3,64,3.2,91,4.4,19,1,,,43,2.2,64,3.2,1.2
41,2025,4,69,3.5,90,4.3,17,0.9,,,43,2.2,66,3.3,1.3
41,2025,5,77,3.9,81,3.9,18,0.9,,,37,1.9,60,3,1.4
41,2025,6,68,3.4,79,3.8,23,1.2,,,42,2.1,70,3.5,1.5
41,2025,7,66,3.3,84,4.1,20,1,,,44,2.2,68,3.4,1.4
41,2025,8,66,3.3,76,3.7,20,1,,,41,2.1,66,3.3,1.5
41,2025,9,72,3.6,80,3.9,21,1.1,,,34,1.7,60,3,1.5
41,2025,10,67,3.4,79,3.9,23,1.2,,,36,1.8,62,3.1,
41,2025,11,63,3.2,70,3.4,18,0.9,,,38,1.9,60,3,1.7
41,2025,12,70,3.5,72,3.5,14,0.7,,,43,2.2,60,3,1.6
42,2012,1,152,2.7,172,2.9,83,1.5,,,83,1.5,183,3.2,2.8
42,2012,2,170,3,172,2.9,86,1.5,,,79,1.4,179,3.1,2.8
42,2012,3,155,2.7,176,3,75,1.3,,,75,1.3,164,2.9,2.7
42,2012,4,161,2.8,192,3.2,127,2.2,,,81,1.4,225,3.9,2.5
42,2012,5,162,2.8,182,3.1,119,2.1,,,74,1.3,207,3.6,2.7
42,2012,6,163,2.8,186,3.1,61,1.1,,,87,1.5,171,3,2.7
42,2012,7,160,2.8,178,3,71,1.2,,,77,1.3,162,2.8,2.8
42,2012,8,162,2.8,177,3,44,0.8,,,85,1.5,148,2.6,2.8
42,2012,9,176,3.1,174,2.9,83,1.4,,,72,1.3,173,3,2.9
42,2012,10,143,2.5,184,3.1,113,2,,,63,1.1,191,3.3,2.7
42,2012,11,172,3,175,3,61,1.1,,,80,1.4,158,2.8,2.8
42,2012,12,169,3,169,2.9,63,1.1,,,75,1.3,152,2.7,2.9
42,2013,1,205,3.6,168,2.8,68,1.2,,,82,1.4,164,2.9,2.9
42,2013,2,174,3,161,2.7,79,1.4,,,79,1.4,175,3,3
42,2013,3,180,3.1,152,2.6,101,1.8,,,93,1.6,210,3.7,3.1
42,2013,4,160,2.8,144,2.5,70,1.2,,,76,1.3,154,2.7,3.2
42,2013,5,178,3.1,162,2.7,77,1.3,,,97,1.7,187,3.3,2.8
42,2013,6,149,2.6,161,2.7,80,1.4,,,78,1.4,168,2.9,2.8
42,2013,7,177,3.1,153,2.6,60,1,,,91,1.6,161,2.8,3
42,2013,8,181,3.2,153,2.6,67,1.2,,,87,1.5,168,2.9,2.9
42,2013,9,170,3,169,2.9,72,1.3,,,84,1.5,167,2.9,2.6
42,2013,10,177,3.1,150,2.5,60,1,,,91,1.6,161,2.8,2.9
42,2013,11,168,2.9,156,2.6,67,1.2,,,76,1.3,156,2.7,2.8
42,2013,12,169,2.9,163,2.8,69,1.2,,,93,1.6,176,3.1,2.6
42,2014,1,197,3.4,166,2.8,98,1.7,,,87,1.5,203,3.5,2.5
42,2014,2,178,3.1,160,2.7,68,1.2,,,80,1.4,161,2.8,2.6
42,2014,3,182,3.2,160,2.7,67,1.2,,,85,1.5,164,2.8,2.5
42,2014,4,183,3.2,179,3,89,1.5,,,107,1.9,219,3.8,2.2
42,2014,5,185,3.2,175,2.9,68,1.2,,,80,1.4,164,2.8,2.2
42,2014,6,182,3.1,203,3.4,77,1.3,,,72,1.2,163,2.8,1.9
42,2014,7,189,3.3,223,3.7,108,1.9,,,89,1.5,210,3.6,1.7
42,2014,8,191,3.3,199,3.3,85,1.5,,,84,1.4,184,3.2,1.9
42,2014,9,197,3.4,200,3.3,76,1.3,,,87,1.5,175,3,1.8
42,2014,10,201,3.5,202,3.4,79,1.4,,,99,1.7,206,3.5,1.8
42,2014,11,192,3.3,181,3,58,1,,,94,1.6,163,2.8,2
42,2014,12,194,3.3,239,3.9,87,1.5,,,100,1.7,202,3.5,1.5
42,2015,1,192,3.3,206,3.4,76,1.3,,,102,1.8,193,3.3,1.7
42,2015,2,211,3.6,238,3.9,79,1.4,,,103,1.8,199,3.4,1.5
42,2015,3,192,3.3,227,3.8,84,1.4,,,92,1.6,194,3.3,1.6
42,2015,4,211,3.6,240,4,64,1.1,,,104,1.8,187,3.2,1.5
42,2015,5,208,3.6,244,4,76,1.3,,,97,1.7,185,3.2,1.5
42,2015,6,196,3.4,215,3.6,75,1.3,,,102,1.7,200,3.4,1.6
42,2015,7,195,3.3,242,4,65,1.1,,,97,1.7,180,3.1,1.4
42,2015,8,204,3.5,250,4.1,77,1.3,,,98,1.7,187,3.2,1.4
42,2015,9,225,3.9,228,3.8,75,1.3,,,104,1.8,200,3.4,1.5
42,2015,10,201,3.4,228,3.8,82,1.4,,,95,1.6,194,3.3,1.5
42,2015,11,227,3.9,231,3.8,90,1.5,,,108,1.8,221,3.8,1.5
42,2015,12,209,3.6,218,3.6,85,1.5,,,90,1.5,199,3.4,1.6
42,2016,1,213,3.6,223,3.7,96,1.6,,,118,2,232,4,1.6
42,2016,2,227,3.9,205,3.4,79,1.3,,,113,1.9,204,3.5,1.7
42,2016,3,194,3.3,211,3.5,85,1.4,,,103,1.8,208,3.5,1.7
42,2016,4,186,3.2,200,3.3,86,1.5,,,73,1.2,175,3,1.8
42,2016,5,163,2.8,194,3.2,71,1.2,,,85,1.4,167,2.8,1.8
42,2016,6,194,3.3,200,3.3,89,1.5,,,91,1.6,191,3.3,1.8
42,2016,7,197,3.3,222,3.6,83,1.4,,,116,2,212,3.6,1.6
42,2016,8,199,3.4,212,3.5,73,1.2,,,117,2,202,3.4,1.7
42,2016,9,218,3.7,243,4,73,1.2,,,116,2,198,3.4,1.4
42,2016,10,224,3.8,230,3.8,78,1.3,,,115,1.9,205,3.5,1.5
42,2016,11,214,3.6,231,3.8,64,1.1,,,117,2,193,3.3,1.5
42,2016,12,209,3.5,243,4,82,1.4,,,116,2,212,3.6,1.4
42,2017,1,212,3.6,247,4,92,1.6,,,114,1.9,222,3.8,1.4
42,2017,2,226,3.8,282,4.5,148,2.5,,,121,2,285,4.8,1.2
42,2017,3,233,3.9,266,4.3,82,1.4,,,109,1.8,202,3.4,1.2
42,2017,4,250,4.2,271,4.4,74,1.2,,,124,2.1,210,3.5,1.2
42,2017,5,260,4.4,265,4.3,79,1.3,,,121,2,214,3.6,1.2
42,2017,6,240,4,263,4.2,95,1.6,,,123,2.1,229,3.9,1.2
42,2017,7,192,3.2,270,4.3,101,1.7,,,107,1.8,229,3.9,1.2
42,2017,8,206,3.5,286,4.6,115,1.9,,,123,2.1,251,4.2,1.1
42,2017,9,220,3.7,280,4.5,100,1.7,,,123,2.1,237,4,1.1
42,2017,10,223,3.7,268,4.3,56,0.9,,,116,1.9,191,3.2,1.2
42,2017,11,203,3.4,260,4.2,82,1.4,,,131,2.2,224,3.8,1.2
42,2017,12,183,3.1,270,4.3,50,0.8,,,111,1.9,168,2.8,1.2
42,2018,1,226,3.8,265,4.2,60,1,,,103,1.7,175,2.9,1.2
42,2018,2,222,3.7,283,4.5,73,1.2,,,120,2,203,3.4,1.1
42,2018,3,242,4,306,4.9,115,1.9,,,132,2.2,264,4.4,1
42,2018,4,200,3.3,265,4.2,54,0.9,,,107,1.8,180,3,1.1
42,2018,5,175,2.9,285,4.5,72,1.2,,,115,1.9,200,3.3,1
42,2018,6,210,3.5,302,4.8,78,1.3,,,121,2,216,3.6,0.9
42,2018,7,227,3.8,292,4.6,79,1.3,,,124,2.1,215,3.6,1
42,2018,8,214,3.6,265,4.2,67,1.1,,,106,1.8,187,3.1,1
42,2018,9,176,2.9,287,4.5,97,1.6,,,103,1.7,214,3.5,1
42,2018,10,196,3.2,301,4.8,70,1.2,,,102,1.7,184,3,0.9
42,2018,11,186,3.1,291,4.6,69,1.1,,,104,1.7,188,3.1,1
42,2018,12,174,2.9,304,4.8,69,1.1,,,116,1.9,196,3.2,0.9
42,2019,1,189,3.1,299,4.7,54,0.9,,,98,1.6,163,2.7,1
42,2019,2,183,3,277,4.4,61,1,,,92,1.5,167,2.8,1
42,2019,3,197,3.3,284,4.5,63,1,,,127,2.1,199,3.3,1
42,2019,4,218,3.6,274,4.3,76,1.3,,,117,1.9,200,3.3,1
42,2019,5,206,3.4,309,4.9,109,1.8,,,130,2.1,250,4.1,0.9
42,2019,6,211,3.5,279,4.4,66,1.1,,,122,2,201,3.3,1
42,2019,7,205,3.4,248,3.9,59,1,,,105,1.7,180,3,1.1
42,2019,8,215,3.5,267,4.2,68,1.1,,,111,1.8,193,3.2,1
42,2019,9,195,3.2,262,4.1,64,1.1,,,105,1.7,184,3,1.1
42,2019,10,200,3.3,273,4.3,87,1.4,,,112,1.8,213,3.5,1
42,2019,11,207,3.4,278,4.4,89,1.5,,,107,1.8,209,3.4,1
42,2019,12,231,3.8,253,4,88,1.4,,,115,1.9,218,3.6,1.1
42,2020,1,196,3.2,276,4.3,93,1.5,,,121,2,230,3.8,1.1
42,2020,2,204,3.4,257,4.1,66,1.1,,,116,1.9,193,3.2,1.2
42,2020,3,216,3.6,215,3.4,615,10.2,,,85,1.4,708,11.7,1.5
42,2020,4,108,2.2,211,4.1,421,8.5,,,56,1.1,494,10,4.9
42,2020,5,253,4.9,208,3.9,109,2.1,,,60,1.2,180,3.5,4
42,2020,6,243,4.5,257,4.6,120,2.2,,,91,1.7,226,4.2,2.8
42,2020,7,279,5.1,263,4.6,59,1.1,,,99,1.8,167,3,2.6
42,2020,8,206,3.7,254,4.4,60,1.1,,,78,1.4,145,2.6,2.4
42,2020,9,215,3.8,263,4.5,33,0.6,,,101,1.8,142,2.5,2.2
42,2020,10,183,3.2,286,4.8,54,1,,,79,1.4,142,2.5,1.8
42,2020,11,197,3.5,262,4.4,63,1.1,,,105,1.9,178,3.2,1.9
42,2020,12,205,3.7,246,4.2,106,1.9,,,97,1.7,212,3.8,2
42,2021,1,187,3.3,262,4.4,72,1.3,,,95,1.7,176,3.1,1.8
42,2021,2,227,4,294,4.9,76,1.3,,,110,1.9,197,3.5,1.6
42,2021,3,207,3.6,358,5.9,50,0.9,,,129,2.3,194,3.4,1.2
42,2021,4,216,3.8,429,7,44,0.8,,,126,2.2,184,3.2,1
42,2021,5,181,3.2,452,7.3,68,1.2,,,91,1.6,172,3,0.9
42,2021,6,199,3.5,433,7,50,0.9,,,115,2,178,3.1,0.9
42,2021,7,207,3.6,483,7.7,55,1,,,109,1.9,176,3,0.8
42,2021,8,169,2.9,458,7.3,41,0.7,,,121,2.1,177,3.1,0.8
42,2021,9,215,3.7,440,7.1,54,0.9,,,138,2.4,202,3.5,0.8
42,2021,10,250,4.3,403,6.4,61,1,,,153,2.6,224,3.8,0.8
42,2021,11,247,4.2,400,6.4,63,1.1,,,135,2.3,203,3.5,0.8
42,2021,12,248,4.2,479,7.5,48,0.8,,,124,2.1,185,3.1,0.6
42,2022,1,192,3.3,499,7.8,60,1,,,136,2.3,207,3.5,0.6
42,2022,2,269,4.5,488,7.6,39,0.7,,,133,2.2,188,3.2,0.6
42,2022,3,225,3.8,505,7.8,37,0.6,,,126,2.1,181,3,0.5
42,2022,4,194,3.3,455,7.1,46,0.8,,,128,2.1,184,3.1,0.6
42,2022,5,201,3.4,507,7.8,32,0.5,,,157,2.6,197,3.3,0.5
42,2022,6,204,3.4,456,7.1,48,0.8,,,120,2,175,2.9,0.6
42,2022,7,182,3,447,6.9,75,1.2,,,126,2.1,209,3.5,0.6
42,2022,8,205,3.4,369,5.8,50,0.8,,,153,2.5,212,3.5,0.7
42,2022,9,179,3,374,5.8,38,0.6,,,123,2,171,2.8,0.7
42,2022,10,173,2.9,413,6.4,42,0.7,,,118,2,167,2.8,0.6
42,2022,11,178,3,428,6.6,37,0.6,,,116,1.9,167,2.8,0.6
42,2022,12,176,2.9,430,6.7,54,0.9,,,128,2.1,200,3.3,0.6
42,2023,1,193,3.2,399,6.2,59,1,,,119,2,187,3.1,0.6
42,2023,2,168,2.8,409,6.3,62,1,,,98,1.6,169,2.8,0.6
42,2023,3,176,2.9,408,6.3,67,1.1,,,116,1.9,188,3.1,0.6
42,2023,4,215,3.5,388,6,36,0.6,,,118,1.9,161,2.7,0.6
42,2023,5,201,3.3,351,5.5,49,0.8,,,110,1.8,172,2.8,0.7
42,2023,6,171,2.8,357,5.5,62,1,,,124,2,212,3.5,0.6
42,2023,7,168,2.8,359,5.6,44,0.7,,,119,2,171,2.8,0.6
42,2023,8,183,3,364,5.6,48,0.8,,,83,1.4,163,2.7,0.6
42,2023,9,203,3.3,373,5.8,41,0.7,,,118,1.9,167,2.7,0.6
42,2023,10,184,3,373,5.8,66,1.1,,,129,2.1,207,3.4,0.6
42,2023,11,191,3.1,355,5.5,52,0.9,,,121,2,199,3.3,0.7
42,2023,12,162,2.6,342,5.3,54,0.9,,,123,2,194,3.2,0.7
42,2024,1,238,3.9,352,5.4,65,1.1,,,127,2.1,200,3.3,0.7
42,2024,2,200,3.3,334,5.2,64,1,,,124,2,211,3.4,0.7
42,2024,3,177,2.9,315,4.9,82,1.3,,,116,1.9,209,3.4,0.8
42,2024,4,181,3,321,5,95,1.6,,,115,1.9,224,3.7,0.8
42,2024,5,184,3,323,5,79,1.3,,,118,1.9,208,3.4,0.8
42,2024,6,196,3.2,317,4.9,64,1,,,95,1.5,170,2.8,0.8
42,2024,7,219,3.6,297,4.6,79,1.3,,,133,2.2,227,3.7,0.8
42,2024,8,192,3.1,300,4.7,71,1.2,,,127,2.1,210,3.4,0.8
42,2024,9,181,2.9,287,4.5,59,1,,,135,2.2,201,3.3,0.9
42,2024,10,173,2.8,226,3.5,62,1,,,96,1.6,167,2.7,1.1
42,2024,11,164,2.7,258,4,84,1.4,,,87,1.4,178,2.9,1
42,2024,12,166,2.7,248,3.9,60,1,,,92,1.5,159,2.6,1.1
42,2025,1,157,2.5,264,4.1,48,0.8,,,106,1.7,165,2.7,1
42,2025,2,148,2.4,260,4,59,1,,,100,1.6,165,2.7,1
42,2025,3,161,2.6,275,4.3,43,0.7,,,91,1.5,141,2.3,1
42,2025,4,151,2.4,306,4.7,52,0.8,,,104,1.7,161,2.6,0.9
42,2025,5,200,3.2,266,4.1,63,1,,,112,1.8,185,3,1
42,2025,6,175,2.8,235,3.7,50,0.8,,,94,1.5,151,2.4,1.2
42,2025,7,157,2.5,278,4.3,68,1.1,,,87,1.4,164,2.7,1
42,2025,8,163,2.6,211,3.3,90,1.5,,,80,1.3,174,2.8,1.4
42,2025,9,199,3.2,280,4.3,67,1.1,,,80,1.3,156,2.5,1
42,2025,10,125,2,250,3.9,66,1.1,,,97,1.6,173,2.8,
42,2025,11,177,2.9,228,3.6,47,0.8,,,134,2.2,187,3,1.3
42,2025,12,186,3,235,3.7,51,0.8,,,111,1.8,170,2.7,1.2
44,2012,1,18,3.9,16,3.3,7,1.5,,,9,1.9,17,3.6,3.8
44,2012,2,16,3.4,14,2.9,8,1.7,,,7,1.5,15,3.2,4.3
44,2012,3,14,3,14,2.9,7,1.5,,,7,1.5,15,3.2,4.3
44,2012,4,13,2.8,15,3.1,6,1.3,,,7,1.5,14,3,4
44,2012,5,14,3,14,2.9,8,1.7,,,6,1.3,14,3,4.2
44,2012,6,17,3.6,15,3.1,6,1.3,,,7,1.5,15,3.2,3.9
44,2012,7,14,3,15,3.1,8,1.7,,,7,1.5,16,3.4,3.9
44,2012,8,15,3.2,16,3.3,6,1.3,,,7,1.5,14,3,3.6
44,2012,9,19,4,14,2.9,7,1.5,,,6,1.3,14,3,4.1
44,2012,10,13,2.8,15,3.1,7,1.5,,,6,1.3,14,3,3.7
44,2012,11,15,3.2,15,3.1,7,1.5,,,6,1.3,14,3,3.7
44,2012,12,16,3.4,15,3.1,6,1.3,,,6,1.3,13,2.8,3.6
44,2013,1,14,3,14,2.9,7,1.5,,,7,1.5,15,3.2,3.9
44,2013,2,14,3,13,2.7,6,1.3,,,7,1.5,14,3,4.2
44,2013,3,16,3.4,16,3.3,9,1.9,,,6,1.3,16,3.4,3.4
44,2013,4,14,3,13,2.7,7,1.5,,,8,1.7,16,3.4,4.1
44,2013,5,16,3.4,14,2.9,7,1.5,,,7,1.5,15,3.2,3.9
44,2013,6,15,3.2,15,3.1,8,1.7,,,7,1.5,15,3.2,3.6
44,2013,7,15,3.2,14,2.9,7,1.5,,,7,1.5,15,3.2,3.9
44,2013,8,15,3.1,13,2.7,8,1.7,,,7,1.5,16,3.4,4.2
44,2013,9,15,3.1,15,3.1,7,1.5,,,7,1.5,16,3.4,3.6
44,2013,10,15,3.1,14,2.8,5,1,,,7,1.5,14,2.9,3.8
44,2013,11,14,2.9,14,2.8,6,1.3,,,7,1.5,14,2.9,3.7
44,2013,12,14,2.9,14,2.9,6,1.3,,,6,1.3,13,2.7,3.7
44,2014,1,14,2.9,15,3,7,1.5,,,7,1.5,15,3.1,3.4
44,2014,2,16,3.3,16,3.2,6,1.3,,,7,1.5,15,3.1,3.1
44,2014,3,15,3.1,15,3,6,1.3,,,8,1.7,15,3.1,3.2
44,2014,4,15,3.1,14,2.8,6,1.2,,,6,1.2,13,2.7,3.3
44,2014,5,16,3.3,16,3.2,7,1.5,,,8,1.7,16,3.3,2.8
44,2014,6,14,2.9,16,3.2,6,1.2,,,7,1.5,15,3.1,2.8
44,2014,7,16,3.3,18,3.6,6,1.2,,,8,1.7,15,3.1,2.4
44,2014,8,16,3.3,17,3.4,5,1,,,7,1.4,14,2.9,2.5
44,2014,9,16,3.3,15,3,5,1,,,8,1.7,14,2.9,2.7
44,2014,10,15,3.1,15,3,6,1.2,,,7,1.4,15,3.1,2.7
44,2014,11,16,3.3,15,3,5,1,,,7,1.4,14,2.9,2.6
44,2014,12,17,3.5,17,3.4,7,1.4,,,8,1.6,17,3.5,2.2
44,2015,1,13,2.7,16,3.2,6,1.2,,,7,1.4,14,2.9,2.3
44,2015,2,17,3.5,17,3.4,7,1.4,,,8,1.7,17,3.5,2.2
44,2015,3,18,3.7,17,3.4,6,1.2,,,8,1.6,15,3.1,2.1
44,2015,4,17,3.5,18,3.6,5,1,,,7,1.4,13,2.7,2
44,2015,5,16,3.3,19,3.7,5,1,,,9,1.8,16,3.3,1.8
44,2015,6,15,3.1,16,3.2,6,1.2,,,9,1.8,16,3.3,2.1
44,2015,7,16,3.3,19,3.7,5,1,,,8,1.6,14,2.9,1.8
44,2015,8,15,3.1,15,3,7,1.4,,,9,1.8,17,3.5,2.2
44,2015,9,18,3.7,18,3.5,7,1.4,,,8,1.6,17,3.5,1.8
44,2015,10,18,3.7,20,3.9,6,1.2,,,8,1.6,16,3.3,1.6
44,2015,11,19,3.9,19,3.7,6,1.2,,,9,1.8,16,3.3,1.7
44,2015,12,18,3.7,20,3.9,7,1.4,,,9,1.8,17,3.4,1.6
44,2016,1,16,3.3,20,3.9,7,1.4,,,9,1.8,17,3.5,1.6
44,2016,2,17,3.4,18,3.5,7,1.4,,,9,1.8,17,3.4,1.7
44,2016,3,17,3.4,20,3.9,7,1.4,,,9,1.8,17,3.4,1.5
44,2016,4,16,3.2,18,3.5,9,1.8,,,8,1.6,18,3.7,1.7
44,2016,5,16,3.2,18,3.5,7,1.4,,,8,1.6,15,3,1.7
44,2016,6,18,3.7,20,3.9,6,1.2,,,9,1.8,16,3.2,1.5
44,2016,7,15,3,19,3.7,6,1.2,,,8,1.6,15,3,1.6
44,2016,8,19,3.8,18,3.5,7,1.4,,,10,2,17,3.4,1.6
44,2016,9,18,3.6,22,4.3,6,1.2,,,9,1.8,17,3.4,1.3
44,2016,10,18,3.6,19,3.7,5,1,,,9,1.8,15,3,1.5
44,2016,11,17,3.4,19,3.7,6,1.2,,,10,2,17,3.4,1.4
44,2016,12,21,4.2,19,3.7,7,1.4,,,8,1.6,17,3.4,1.4
44,2017,1,19,3.8,20,3.9,7,1.4,,,10,2,19,3.8,1.3
44,2017,2,18,3.6,21,4.1,8,1.6,,,9,1.8,18,3.6,1.2
44,2017,3,17,3.4,21,4.1,7,1.4,,,10,2,18,3.6,1.2
44,2017,4,22,4.4,30,5.7,8,1.6,,,11,2.2,20,4,0.8
44,2017,5,19,3.8,19,3.7,6,1.2,,,9,1.8,16,3.2,1.3
44,2017,6,19,3.8,21,4,8,1.6,,,9,1.8,17,3.4,1.2
44,2017,7,20,4,22,4.2,7,1.4,,,10,2,19,3.8,1.1
44,2017,8,17,3.4,21,4,11,2.2,,,9,1.8,21,4.2,1.2
44,2017,9,17,3.4,20,3.9,7,1.4,,,10,2,18,3.6,1.3
44,2017,10,21,4.2,21,4,7,1.4,,,10,2,18,3.6,1.2
44,2017,11,17,3.4,22,4.2,7,1.4,,,10,2,18,3.6,1.2
44,2017,12,16,3.2,22,4.2,6,1.2,,,10,2,17,3.4,1.2
44,2018,1,15,3,19,3.7,8,1.6,,,9,1.8,18,3.6,1.3
44,2018,2,19,3.8,24,4.6,6,1.2,,,10,2,17,3.4,1
44,2018,3,19,3.8,24,4.6,7,1.4,,,10,2,19,3.8,1
44,2018,4,18,3.6,23,4.4,6,1.2,,,10,2,17,3.4,1
44,2018,5,21,4.2,26,4.9,7,1.4,,,10,2,18,3.6,0.9
44,2018,6,20,4,24,4.6,8,1.6,,,11,2.2,21,4.2,0.9
44,2018,7,20,4,25,4.8,7,1.4,,,10,2,19,3.8,0.9
44,2018,8,20,4,24,4.6,7,1.4,,,9,1.8,17,3.4,0.9
44,2018,9,17,3.4,25,4.7,7,1.4,,,9,1.8,17,3.4,0.9
44,2018,10,17,3.4,24,4.6,8,1.6,,,9,1.8,18,3.6,0.9
44,2018,11,20,4,26,4.9,7,1.4,,,9,1.8,17,3.4,0.9
44,2018,12,19,3.8,25,4.7,6,1.2,,,10,2,17,3.4,0.9
44,2019,1,21,4.2,28,5.3,6,1.2,,,9,1.8,17,3.4,0.8
44,2019,2,20,4,24,4.5,6,1.2,,,9,1.8,17,3.4,0.9
44,2019,3,19,3.8,24,4.6,7,1.4,,,13,2.6,21,4.2,0.8
44,2019,4,21,4.2,23,4.4,14,2.8,,,10,2,24,4.8,0.9
44,2019,5,20,4,24,4.6,7,1.4,,,10,2,18,3.6,0.8
44,2019,6,20,4,25,4.7,7,1.4,,,10,2,19,3.8,0.8
44,2019,7,19,3.8,21,4,6,1.2,,,9,1.8,17,3.4,1
44,2019,8,19,3.8,25,4.7,7,1.4,,,10,2,18,3.6,0.8
44,2019,9,20,4,24,4.5,7,1.4,,,10,2,18,3.6,0.8
44,2019,10,21,4.2,26,4.9,8,1.6,,,11,2.2,20,4,0.8
44,2019,11,20,4,23,4.4,8,1.6,,,10,2,19,3.8,0.9
44,2019,12,19,3.8,22,4.2,8,1.6,,,9,1.8,18,3.6,0.9
44,2020,1,20,3.9,24,4.5,7,1.4,,,10,2,18,3.6,0.8
44,2020,2,19,3.7,23,4.3,6,1.2,,,10,2,18,3.5,0.9
44,2020,3,17,3.4,20,3.8,63,12.5,,,8,1.6,72,14.3,1
44,2020,4,13,3.3,15,3.6,44,11,,,8,2,54,13.5,6.5
44,2020,5,33,8,21,4.8,8,1.9,,,4,1,14,3.4,4.2
44,2020,6,41,9.4,27,5.8,6,1.4,,,6,1.4,13,3,2.8
44,2020,7,22,4.9,20,4.3,6,1.3,,,6,1.3,13,2.9,3.5
44,2020,8,19,4.1,19,4,5,1.1,,,7,1.5,12,2.6,3.1
44,2020,9,19,4.1,18,3.7,5,1.1,,,9,1.9,14,3,3.2
44,2020,10,24,5.1,24,4.9,6,1.3,,,9,1.9,16,3.4,1.6
44,2020,11,22,4.7,23,4.7,7,1.5,,,9,1.9,17,3.6,1.7
44,2020,12,18,3.9,22,4.5,13,2.8,,,10,2.2,24,5.2,1.8
44,2021,1,23,4.9,24,4.9,6,1.3,,,9,1.9,17,3.6,1.6
44,2021,2,22,4.7,26,5.2,9,1.9,,,10,2.1,19,4,1.4
44,2021,3,23,4.8,30,5.9,5,1.1,,,10,2.1,16,3.4,1.2
44,2021,4,22,4.6,36,7,5,1,,,12,2.5,19,4,1
44,2021,5,21,4.4,34,6.6,6,1.3,,,10,2.1,16,3.3,1
44,2021,6,22,4.6,36,7,4,0.8,,,12,2.5,18,3.8,1
44,2021,7,21,4.4,42,8,6,1.2,,,13,2.7,20,4.1,0.8
44,2021,8,21,4.4,39,7.5,6,1.2,,,13,2.7,20,4.2,0.8
44,2021,9,24,5,40,7.6,5,1,,,13,2.7,19,3.9,0.7
44,2021,10,25,5.1,39,7.4,5,1,,,13,2.7,19,3.9,0.7
44,2021,11,23,4.7,37,7,5,1,,,14,2.9,20,4.1,0.6
44,2021,12,23,4.7,38,7.2,5,1,,,14,2.9,20,4.1,0.6
44,2022,1,22,4.5,40,7.6,6,1.2,,,14,2.9,22,4.5,0.5
44,2022,2,25,5.1,42,7.9,5,1,,,14,2.8,21,4.3,0.5
44,2022,3,23,4.7,42,7.8,5,1,,,14,2.8,21,4.3,0.4
44,2022,4,22,4.4,43,8,5,1,,,13,2.6,19,3.8,0.4
44,2022,5,21,4.2,40,7.4,5,1,,,12,2.4,19,3.8,0.5
44,2022,6,24,4.8,41,7.6,6,1.2,,,13,2.6,20,4,0.5
44,2022,7,20,4,39,7.2,5,1,,,13,2.6,19,3.8,0.5
44,2022,8,22,4.4,36,6.7,6,1.2,,,13,2.6,20,4,0.5
44,2022,9,20,4,35,6.6,6,1.2,,,13,2.6,20,4,0.5
44,2022,10,20,4,35,6.5,8,1.6,,,12,2.4,20,4,0.5
44,2022,11,19,3.8,33,6.2,4,0.8,,,11,2.2,17,3.4,0.5
44,2022,12,21,4.2,34,6.3,6,1.2,,,12,2.4,20,4,0.5
44,2023,1,20,4,30,5.6,7,1.4,,,11,2.2,19,3.8,0.5
44,2023,2,23,4.6,35,6.5,7,1.4,,,12,2.4,19,3.8,0.5
44,2023,3,24,4.8,32,6,8,1.6,,,11,2.2,20,4,0.5
44,2023,4,24,4.8,30,5.6,6,1.2,,,16,3.2,23,4.6,0.5
44,2023,5,22,4.4,30,5.6,5,1,,,12,2.4,18,3.6,0.5
44,2023,6,20,3.9,28,5.2,6,1.2,,,10,2,17,3.4,0.6
44,2023,7,17,3.4,29,5.4,6,1.2,,,10,2,17,3.4,0.5
44,2023,8,21,4.1,31,5.8,6,1.2,,,9,1.8,16,3.2,0.5
44,2023,9,22,4.3,32,5.9,5,1,,,11,2.2,18,3.5,0.6
44,2023,10,20,3.9,30,5.6,9,1.8,,,12,2.4,22,4.3,0.6
44,2023,11,20,3.9,29,5.4,6,1.2,,,12,2.4,20,3.9,0.7
44,2023,12,20,3.9,29,5.4,7,1.4,,,11,2.2,20,3.9,0.8
44,2024,1,19,3.7,28,5.2,7,1.4,,,11,2.2,19,3.7,0.8
44,2024,2,19,3.7,27,5,7,1.4,,,10,2,19,3.7,0.9
44,2024,3,19,3.7,28,5.2,8,1.6,,,11,2.1,20,3.9,0.8
44,2024,4,19,3.7,29,5.4,6,1.2,,,12,2.3,19,3.7,0.8
44,2024,5,24,4.7,29,5.4,8,1.6,,,12,2.3,21,4.1,0.9
44,2024,6,19,3.7,29,5.4,6,1.2,,,11,2.1,18,3.5,0.9
44,2024,7,21,4.1,27,5,8,1.6,,,9,1.8,19,3.7,1
44,2024,8,21,4.1,29,5.3,7,1.4,,,13,2.5,21,4.1,0.9
44,2024,9,20,3.9,28,5.2,7,1.4,,,14,2.7,22,4.3,0.9
44,2024,10,20,3.9,24,4.5,5,1,,,9,1.7,16,3.1,1.1
44,2024,11,21,4.1,29,5.3,7,1.4,,,7,1.4,16,3.1,0.9
44,2024,12,17,3.3,27,5,13,2.5,,,10,1.9,23,4.5,1
44,2025,1,19,3.7,26,4.8,12,2.3,,,10,1.9,22,4.3,1
44,2025,2,18,3.5,26,4.8,9,1.7,,,10,1.9,20,3.9,1
44,2025,3,19,3.7,23,4.3,6,1.2,,,10,1.9,17,3.3,1.2
44,2025,4,18,3.5,23,4.3,9,1.7,,,10,1.9,19,3.7,1.1
44,2025,5,24,4.6,25,4.6,7,1.4,,,8,1.5,16,3.1,1
44,2025,6,17,3.3,25,4.6,8,1.6,,,12,2.3,21,4.1,1
44,2025,7,17,3.3,26,4.8,8,1.6,,,9,1.7,18,3.5,1
44,2025,8,19,3.7,23,4.3,7,1.4,,,8,1.6,17,3.3,1.1
44,2025,9,19,3.7,23,4.3,7,1.4,,,9,1.8,18,3.5,1.1
44,2025,10,18,3.5,25,4.6,8,1.6,,,10,1.9,18,3.5,
44,2025,11,22,4.3,25,4.6,6,1.2,,,8,1.6,16,3.1,1
44,2025,12,20,3.9,22,4.1,6,1.2,,,9,1.8,16,3.1,1.2
45,2012,1,61,3.3,58,3,22,1.2,,,32,1.7,59,3.2,3.6
45,2012,2,60,3.2,52,2.7,24,1.3,,,32,1.7,59,3.2,4
45,2012,3,62,3.3,57,3,25,1.3,,,32,1.7,62,3.3,3.6
45,2012,4,64,3.4,55,2.9,29,1.6,,,37,2,70,3.8,3.7
45,2012,5,65,3.5,57,3,33,1.8,,,33,1.8,70,3.8,3.5
45,2012,6,65,3.5,58,3,28,1.5,,,33,1.8,68,3.6,3.4
45,2012,7,64,3.4,47,2.5,22,1.2,,,32,1.7,57,3.1,4.2
45,2012,8,68,3.6,52,2.7,36,1.9,,,32,1.7,73,3.9,3.7
45,2012,9,75,4,52,2.7,22,1.2,,,31,1.7,58,3.1,3.6
45,2012,10,72,3.8,53,2.8,27,1.4,,,33,1.8,64,3.4,3.5
45,2012,11,70,3.7,62,3.2,27,1.4,,,32,1.7,64,3.4,3
45,2012,12,70,3.7,58,3,25,1.3,,,31,1.6,62,3.3,3.2
45,2013,1,63,3.3,59,3,29,1.5,,,29,1.5,64,3.4,3.1
45,2013,2,84,4.5,57,2.9,27,1.4,,,35,1.9,68,3.6,3.2
45,2013,3,70,3.7,57,2.9,26,1.4,,,33,1.8,64,3.4,3.1
45,2013,4,79,4.2,58,3,24,1.3,,,32,1.7,60,3.2,3
45,2013,5,80,4.2,68,3.5,25,1.3,,,31,1.6,62,3.3,2.5
45,2013,6,75,4,61,3.1,22,1.2,,,33,1.7,60,3.2,2.7
45,2013,7,79,4.2,55,2.8,27,1.4,,,34,1.8,67,3.5,2.9
45,2013,8,84,4.4,57,2.9,25,1.3,,,33,1.7,65,3.4,2.8
45,2013,9,73,3.8,55,2.8,25,1.3,,,35,1.8,64,3.3,2.8
45,2013,10,74,3.9,64,3.2,25,1.3,,,33,1.7,62,3.2,2.3
45,2013,11,76,4,57,2.9,24,1.3,,,35,1.8,64,3.3,2.5
45,2013,12,87,4.5,59,3,27,1.4,,,38,2,71,3.7,2.3
45,2014,1,90,4.7,69,3.5,35,1.8,,,39,2,81,4.2,1.9
45,2014,2,79,4.1,65,3.3,27,1.4,,,44,2.3,75,3.9,2
45,2014,3,85,4.4,71,3.5,28,1.4,,,36,1.9,71,3.7,1.8
45,2014,4,82,4.2,69,3.4,26,1.3,,,38,2,70,3.6,1.9
45,2014,5,79,4.1,74,3.7,25,1.3,,,42,2.2,71,3.6,1.8
45,2014,6,90,4.6,81,4,29,1.5,,,42,2.2,78,4,1.7
45,2014,7,84,4.3,74,3.7,29,1.5,,,44,2.3,80,4.1,1.9
45,2014,8,80,4.1,74,3.6,28,1.4,,,39,2,72,3.7,1.9
45,2014,9,86,4.4,84,4.1,28,1.4,,,47,2.4,83,4.2,1.7
45,2014,10,103,5.2,84,4.1,30,1.5,,,50,2.5,88,4.5,1.7
45,2014,11,92,4.7,69,3.4,29,1.5,,,42,2.1,76,3.8,2.1
45,2014,12,84,4.2,83,4,27,1.4,,,43,2.2,76,3.8,1.7
45,2015,1,92,4.6,85,4.1,27,1.4,,,48,2.4,79,4,1.7
45,2015,2,82,4.1,85,4.1,22,1.1,,,37,1.9,64,3.2,1.7
45,2015,3,96,4.8,69,3.4,35,1.8,,,47,2.4,87,4.4,2.1
45,2015,4,80,4,92,4.4,25,1.3,,,48,2.4,78,3.9,1.5
45,2015,5,87,4.4,90,4.3,23,1.2,,,54,2.7,85,4.3,1.5
45,2015,6,84,4.2,76,3.7,28,1.4,,,41,2,75,3.7,1.8
45,2015,7,85,4.2,108,5.1,23,1.1,,,46,2.3,75,3.7,1.2
45,2015,8,85,4.2,90,4.3,24,1.2,,,46,2.3,75,3.7,1.4
45,2015,9,94,4.7,83,3.9,28,1.4,,,43,2.1,77,3.8,1.5
45,2015,10,84,4.1,86,4.1,30,1.5,,,46,2.3,82,4,1.4
45,2015,11,90,4.4,92,4.3,26,1.3,,,51,2.5,86,4.2,1.3
45,2015,12,99,4.9,83,3.9,23,1.1,,,51,2.5,80,3.9,1.5
45,2016,1,87,4.3,83,3.9,26,1.3,,,45,2.2,77,3.8,1.5
45,2016,2,86,4.2,86,4,27,1.3,,,49,2.4,81,4,1.4
45,2016,3,87,4.3,85,4,28,1.4,,,44,2.2,77,3.8,1.4
45,2016,4,81,4,78,3.7,34,1.7,,,49,2.4,89,4.3,1.5
45,2016,5,79,3.9,83,3.9,34,1.7,,,50,2.4,90,4.4,1.4
45,2016,6,81,3.9,79,3.7,28,1.4,,,49,2.4,82,4,1.4
45,2016,7,90,4.4,83,3.9,29,1.4,,,46,2.2,81,3.9,1.3
45,2016,8,89,4.3,85,4,29,1.4,,,56,2.7,92,4.5,1.3
45,2016,9,97,4.7,89,4.1,25,1.2,,,53,2.6,84,4.1,1.2
45,2016,10,74,3.6,76,3.6,25,1.2,,,56,2.7,87,4.2,1.4
45,2016,11,86,4.2,88,4.1,24,1.2,,,50,2.4,80,3.9,1.2
45,2016,12,88,4.2,90,4.2,21,1,,,48,2.3,78,3.8,1.1
45,2017,1,87,4.2,72,3.3,24,1.2,,,48,2.3,78,3.8,1.4
45,2017,2,91,4.4,89,4.1,22,1.1,,,52,2.5,79,3.8,1.1
45,2017,3,96,4.6,90,4.1,25,1.2,,,54,2.6,86,4.1,1.1
45,2017,4,93,4.5,91,4.2,26,1.2,,,55,2.6,85,4.1,1
45,2017,5,97,4.6,95,4.3,31,1.5,,,53,2.5,89,4.3,1
45,2017,6,99,4.7,102,4.6,41,2,,,55,2.6,101,4.8,0.9
45,2017,7,95,4.5,98,4.5,31,1.5,,,56,2.7,92,4.4,1
45,2017,8,98,4.7,101,4.6,35,1.7,,,55,2.6,96,4.6,0.9
45,2017,9,96,4.6,100,4.6,31,1.5,,,50,2.4,86,4.1,1
45,2017,10,98,4.6,95,4.3,29,1.4,,,54,2.6,91,4.3,1
45,2017,11,99,4.7,102,4.6,26,1.2,,,56,2.7,87,4.1,0.9
45,2017,12,92,4.4,112,5,31,1.5,,,50,2.4,85,4,0.8
45,2018,1,93,4.4,105,4.7,40,1.9,,,50,2.3,95,4.4,0.8
45,2018,2,93,4.3,105,4.7,19,0.9,,,49,2.3,75,3.5,0.8
45,2018,3,81,3.8,103,4.6,15,0.7,,,43,2,63,2.9,0.8
45,2018,4,115,5.3,148,6.4,28,1.3,,,69,3.2,103,4.8,0.5
45,2018,5,99,4.6,118,5.2,19,0.9,,,62,2.9,87,4,0.6
45,2018,6,97,4.5,113,5,22,1,,,51,2.4,79,3.7,0.7
45,2018,7,98,4.5,128,5.6,26,1.2,,,68,3.2,98,4.5,0.6
45,2018,8,90,4.2,121,5.3,24,1.1,,,57,2.6,85,3.9,0.6
45,2018,9,95,4.4,117,5.2,27,1.3,,,66,3.1,96,4.5,0.6
45,2018,10,119,5.5,123,5.4,28,1.3,,,66,3.1,98,4.5,0.6
45,2018,11,103,4.8,123,5.4,32,1.5,,,66,3,102,4.7,0.6
45,2018,12,105,4.8,111,4.9,36,1.7,,,70,3.2,110,5.1,0.7
45,2019,1,102,4.7,125,5.4,35,1.6,,,72,3.3,113,5.2,0.6
45,2019,2,107,4.9,121,5.3,37,1.7,,,80,3.7,120,5.5,0.6
45,2019,3,100,4.6,123,5.3,35,1.6,,,72,3.3,113,5.2,0.6
45,2019,4,104,4.8,117,5.1,33,1.5,,,63,2.9,99,4.5,0.6
45,2019,5,97,4.4,110,4.8,25,1.1,,,54,2.5,82,3.7,0.6
45,2019,6,99,4.5,110,4.8,23,1,,,63,2.9,89,4.1,0.6
45,2019,7,104,4.7,114,4.9,25,1.1,,,58,2.6,92,4.2,0.5
45,2019,8,101,4.6,108,4.7,27,1.2,,,61,2.8,94,4.3,0.5
45,2019,9,104,4.7,110,4.8,61,2.8,,,60,2.7,129,5.9,0.5
45,2019,10,103,4.7,119,5.1,31,1.4,,,59,2.7,98,4.5,0.5
45,2019,11,92,4.2,100,4.4,26,1.2,,,56,2.5,90,4.1,0.6
45,2019,12,88,4,94,4.1,29,1.3,,,57,2.6,92,4.2,0.7
45,2020,1,104,4.7,110,4.8,27,1.2,,,74,3.4,113,5.1,0.6
45,2020,2,106,4.8,104,4.5,28,1.3,,,59,2.7,96,4.4,0.7
45,2020,3,93,4.3,98,4.3,127,5.8,,,42,1.9,175,8,0.7
45,2020,4,73,3.9,83,4.2,125,6.6,,,38,2,170,9,3.3
45,2020,5,133,6.8,96,4.7,26,1.3,,,43,2.2,74,3.8,2.3
45,2020,6,121,6,116,5.4,29,1.4,,,51,2.5,87,4.3,1.6
45,2020,7,95,4.7,103,4.8,28,1.4,,,52,2.6,90,4.4,1.6
45,2020,8,109,5.3,119,5.4,24,1.2,,,59,2.8,87,4.2,1.2
45,2020,9,103,4.9,125,5.6,19,0.9,,,62,3,87,4.2,1.1
45,2020,10,104,4.9,122,5.5,19,0.9,,,67,3.2,91,4.3,1
45,2020,11,106,5,123,5.5,21,1,,,69,3.3,93,4.4,1
45,2020,12,95,4.5,122,5.4,21,1,,,55,2.6,86,4,0.9
45,2021,1,88,4.1,133,5.9,21,1,,,62,2.9,86,4,0.8
45,2021,2,98,4.6,148,6.5,25,1.2,,,61,2.9,92,4.3,0.7
45,2021,3,91,4.3,143,6.3,21,1,,,58,2.7,87,4.1,0.7
45,2021,4,91,4.3,157,6.8,19,0.9,,,79,3.7,103,4.8,0.6
45,2021,5,95,4.4,178,7.7,20,0.9,,,65,3,89,4.2,0.5
45,2021,6,105,4.9,164,7.1,22,1,,,64,3,91,4.2,0.6
45,2021,7,107,4.9,183,7.8,23,1.1,,,68,3.1,97,4.5,0.5
45,2021,8,109,5,183,7.8,21,1,,,58,2.7,85,3.9,0.5
45,2021,9,107,4.9,182,7.7,23,1.1,,,64,3,94,4.3,0.5
45,2021,10,115,5.3,184,7.8,21,1,,,79,3.6,106,4.8,0.5
45,2021,11,137,6.2,177,7.5,19,0.9,,,79,3.6,105,4.8,0.5
45,2021,12,111,5,197,8.2,37,1.7,,,75,3.4,116,5.3,0.4
45,2022,1,113,5.1,166,7,17,0.8,,,79,3.6,102,4.6,0.5
45,2022,2,112,5,180,7.5,18,0.8,,,76,3.4,97,4.4,0.4
45,2022,3,114,5.1,215,8.8,20,0.9,,,82,3.7,107,4.8,0.4
45,2022,4,104,4.7,190,7.8,24,1.1,,,77,3.4,105,4.7,0.4
45,2022,5,112,5,184,7.6,21,0.9,,,75,3.3,101,4.5,0.4
45,2022,6,105,4.7,182,7.5,23,1,,,75,3.3,104,4.6,0.4
45,2022,7,113,5,177,7.3,19,0.8,,,74,3.3,97,4.3,0.4
45,2022,8,105,4.6,161,6.7,25,1.1,,,73,3.2,110,4.9,0.5
45,2022,9,115,5.1,170,7,17,0.7,,,77,3.4,99,4.4,0.5
45,2022,10,110,4.8,173,7.1,22,1,,,70,3.1,95,4.2,0.4
45,2022,11,112,4.9,179,7.3,23,1,,,70,3.1,97,4.3,0.4
45,2022,12,125,5.5,182,7.4,25,1.1,,,77,3.4,109,4.8,0.4
45,2023,1,118,5.2,188,7.6,35,1.5,,,78,3.4,117,5.1,0.4
45,2023,2,105,4.6,174,7.1,22,1,,,73,3.2,99,4.3,0.4
45,2023,3,111,4.8,188,7.6,24,1,,,77,3.4,106,4.6,0.4
45,2023,4,111,4.8,182,7.4,26,1.1,,,74,3.2,105,4.6,0.4
45,2023,5,121,5.3,173,7,26,1.1,,,78,3.4,109,4.7,0.4
45,2023,6,112,4.9,165,6.7,24,1,,,65,2.8,94,4.1,0.4
45,2023,7,111,4.8,174,7,28,1.2,,,65,2.8,96,4.1,0.4
45,2023,8,109,4.7,167,6.7,26,1.1,,,73,3.1,103,4.4,0.4
45,2023,9,104,4.5,163,6.5,32,1.4,,,70,3,107,4.6,0.4
45,2023,10,106,4.5,167,6.7,25,1.1,,,63,2.7,95,4.1,0.5
45,2023,11,91,3.9,166,6.6,22,0.9,,,51,2.2,77,3.3,0.5
45,2023,12,93,4,153,6.1,25,1.1,,,57,2.4,87,3.7,0.5
45,2024,1,110,4.7,164,6.6,29,1.2,,,68,2.9,103,4.4,0.5
45,2024,2,100,4.3,165,6.6,21,0.9,,,68,2.9,93,4,0.5
45,2024,3,102,4.4,152,6.1,31,1.3,,,43,1.8,79,3.4,0.6
45,2024,4,101,4.3,147,5.9,19,0.8,,,60,2.6,84,3.6,0.7
45,2024,5,99,4.2,141,5.7,25,1.1,,,63,2.7,91,3.9,0.7
45,2024,6,92,3.9,129,5.2,19,0.8,,,69,2.9,93,3.9,0.9
45,2024,7,90,3.8,130,5.2,30,1.3,,,73,3.1,107,4.5,0.9
45,2024,8,94,4,148,5.9,28,1.2,,,63,2.7,95,4,0.8
45,2024,9,112,4.7,125,5,32,1.4,,,49,2.1,84,3.5,0.9
45,2024,10,95,4,130,5.2,30,1.3,,,61,2.6,95,4,0.9
45,2024,11,102,4.3,149,5.9,28,1.2,,,61,2.6,94,4,0.7
45,2024,12,106,4.5,135,5.4,26,1.1,,,66,2.8,95,4,0.8
45,2025,1,94,4,120,4.8,26,1.1,,,55,2.3,86,3.6,0.9
45,2025,2,95,4,120,4.8,24,1,,,58,2.4,86,3.6,0.9
45,2025,3,108,4.5,121,4.8,17,0.7,,,59,2.5,78,3.3,0.9
45,2025,4,97,4.1,119,4.8,43,1.8,,,56,2.3,104,4.4,0.9
45,2025,5,92,3.9,137,5.4,21,0.9,,,61,2.6,87,3.6,0.8
45,2025,6,101,4.2,135,5.4,26,1.1,,,56,2.3,86,3.6,0.8
45,2025,7,93,3.9,117,4.7,24,1,,,54,2.3,80,3.4,1
45,2025,8,101,4.2,120,4.8,28,1.2,,,54,2.3,86,3.6,1
45,2025,9,89,3.7,120,4.8,23,1,,,51,2.1,80,3.4,1
45,2025,10,89,3.7,117,4.7,38,1.6,,,52,2.2,93,3.9,
45,2025,11,92,3.8,111,4.4,27,1.1,,,57,2.4,88,3.7,1.1
45,2025,12,105,4.4,103,4.1,28,1.2,,,58,2.4,91,3.8,1.2
46,2012,1,13,3.2,10,2.4,6,1.5,,,6,1.5,13,3.2,1.8
46,2012,2,15,3.6,12,2.8,6,1.5,,,7,1.7,14,3.4,1.5
46,2012,3,16,3.9,14,3.3,6,1.5,,,7,1.7,14,3.4,1.3
46,2012,4,14,3.4,13,3,6,1.4,,,6,1.4,14,3.4,1.4
46,2012,5,15,3.6,13,3,6,1.5,,,7,1.7,15,3.6,1.4
46,2012,6,16,3.9,12,2.8,6,1.4,,,8,1.9,15,3.6,1.5
46,2012,7,14,3.4,12,2.8,6,1.5,,,6,1.5,13,3.1,1.5
46,2012,8,15,3.6,12,2.8,6,1.5,,,7,1.7,15,3.6,1.5
46,2012,9,14,3.4,13,3,6,1.4,,,7,1.7,13,3.1,1.4
46,2012,10,14,3.4,13,3,5,1.2,,,7,1.7,13,3.1,1.4
46,2012,11,14,3.4,12,2.8,6,1.4,,,7,1.7,13,3.1,1.5
46,2012,12,13,3.1,13,3,6,1.4,,,7,1.7,14,3.4,1.3
46,2013,1,21,5,17,3.9,5,1.2,,,10,2.4,17,4.1,1
46,2013,2,12,2.9,12,2.8,5,1.2,,,7,1.7,13,3.1,1.4
46,2013,3,13,3.1,12,2.8,5,1.2,,,6,1.4,12,2.9,1.4
46,2013,4,12,2.9,12,2.8,5,1.2,,,7,1.7,14,3.4,1.4
46,2013,5,16,3.8,13,3,6,1.4,,,7,1.7,14,3.4,1.3
46,2013,6,13,3.1,14,3.2,5,1.2,,,7,1.7,13,3.1,1.2
46,2013,7,14,3.4,12,2.8,5,1.2,,,8,1.9,14,3.4,1.4
46,2013,8,16,3.8,13,3,5,1.2,,,8,1.9,14,3.4,1.3
46,2013,9,16,3.8,13,3,7,1.7,,,8,1.9,16,3.8,1.2
46,2013,10,15,3.6,16,3.7,5,1.2,,,8,1.9,13,3.1,1
46,2013,11,15,3.6,14,3.2,5,1.2,,,8,1.9,14,3.3,1.1
46,2013,12,15,3.6,12,2.8,6,1.4,,,7,1.7,14,3.3,1.3
46,2014,1,15,3.6,14,3.2,9,2.1,,,7,1.7,18,4.3,1.1
46,2014,2,14,3.3,12,2.8,5,1.2,,,7,1.7,14,3.3,1.3
46,2014,3,14,3.3,13,3,6,1.4,,,8,1.9,16,3.8,1.2
46,2014,4,15,3.6,13,3,6,1.4,,,8,1.9,15,3.6,1.2
46,2014,5,16,3.8,14,3.2,5,1.2,,,9,2.1,16,3.8,1.1
46,2014,6,14,3.3,14,3.2,6,1.4,,,9,2.1,15,3.5,1.1
46,2014,7,16,3.8,15,3.4,5,1.2,,,8,1.9,14,3.3,1
46,2014,8,15,3.5,15,3.4,4,0.9,,,9,2.1,14,3.3,1
46,2014,9,16,3.8,14,3.2,5,1.2,,,9,2.1,15,3.5,1
46,2014,10,15,3.5,14,3.2,6,1.4,,,8,1.9,15,3.5,1
46,2014,11,15,3.5,14,3.2,6,1.4,,,8,1.9,15,3.5,1
46,2014,12,16,3.8,15,3.4,5,1.2,,,7,1.6,13,3.1,1
46,2015,1,15,3.5,15,3.4,5,1.2,,,8,1.9,14,3.3,1
46,2015,2,16,3.7,19,4.3,4,0.9,,,9,2.1,14,3.3,0.7
46,2015,3,18,4.2,18,4,7,1.6,,,9,2.1,16,3.7,0.8
46,2015,4,17,4,17,3.8,6,1.4,,,8,1.9,16,3.7,0.8
46,2015,5,15,3.5,16,3.6,6,1.4,,,9,2.1,16,3.7,0.9
46,2015,6,17,4,17,3.8,6,1.4,,,9,2.1,16,3.7,0.8
46,2015,7,15,3.5,18,4,6,1.4,,,9,2.1,16,3.7,0.8
46,2015,8,16,3.7,16,3.6,6,1.4,,,9,2.1,16,3.7,0.8
46,2015,9,17,4,18,4,6,1.4,,,9,2.1,17,4,0.7
46,2015,10,17,4,19,4.2,6,1.4,,,10,2.3,16,3.7,0.7
46,2015,11,17,4,17,3.8,5,1.2,,,9,2.1,16,3.7,0.8
46,2015,12,18,4.2,18,4,6,1.4,,,9,2.1,16,3.7,0.7
46,2016,1,16,3.7,17,3.8,6,1.4,,,9,2.1,16,3.7,0.8
46,2016,2,19,4.4,19,4.2,6,1.4,,,10,2.3,17,4,0.7
46,2016,3,19,4.4,18,4,6,1.4,,,10,2.3,17,3.9,0.7
46,2016,4,16,3.7,19,4.2,5,1.2,,,10,2.3,16,3.7,0.7
46,2016,5,17,3.9,17,3.8,5,1.2,,,9,2.1,15,3.5,0.8
46,2016,6,18,4.2,18,4,6,1.4,,,9,2.1,17,3.9,0.8
46,2016,7,16,3.7,19,4.2,5,1.2,,,9,2.1,15,3.5,0.7
46,2016,8,15,3.5,17,3.8,6,1.4,,,10,2.3,16,3.7,0.8
46,2016,9,16,3.7,16,3.6,5,1.2,,,9,2.1,15,3.5,0.9
46,2016,10,17,3.9,17,3.8,5,1.2,,,9,2.1,16,3.7,0.8
46,2016,11,17,3.9,18,4,5,1.2,,,10,2.3,16,3.7,0.8
46,2016,12,16,3.7,17,3.8,7,1.6,,,10,2.3,18,4.2,0.8
46,2017,1,16,3.7,16,3.6,6,1.4,,,11,2.5,18,4.2,0.9
46,2017,2,16,3.7,18,4,5,1.2,,,10,2.3,16,3.7,0.8
46,2017,3,16,3.7,19,4.2,6,1.4,,,9,2.1,16,3.7,0.7
46,2017,4,17,3.9,21,4.6,5,1.1,,,9,2.1,15,3.4,0.6
46,2017,5,15,3.5,18,4,5,1.2,,,10,2.3,17,3.9,0.8
46,2017,6,18,4.1,20,4.4,6,1.4,,,9,2.1,16,3.7,0.7
46,2017,7,18,4.2,18,4,5,1.2,,,9,2.1,15,3.5,0.8
46,2017,8,16,3.7,20,4.4,6,1.4,,,8,1.8,15,3.5,0.7
46,2017,9,17,3.9,21,4.6,5,1.2,,,9,2.1,15,3.5,0.7
46,2017,10,15,3.4,21,4.6,7,1.6,,,8,1.8,16,3.7,0.7
46,2017,11,16,3.7,20,4.4,5,1.2,,,10,2.3,17,3.9,0.7
46,2017,12,17,3.9,22,4.8,5,1.1,,,11,2.5,17,3.9,0.6
46,2018,1,17,3.9,22,4.8,5,1.1,,,9,2.1,15,3.4,0.6
46,2018,2,18,4.1,21,4.6,5,1.1,,,10,2.3,17,3.9,0.6
46,2018,3,18,4.1,28,6,5,1.1,,,11,2.5,17,3.9,0.5
46,2018,4,20,4.6,22,4.8,7,1.6,,,11,2.5,20,4.6,0.6
46,2018,5,19,4.3,28,6,7,1.6,,,10,2.3,17,3.9,0.5
46,2018,6,17,3.9,24,5.2,5,1.1,,,11,2.5,17,3.9,0.5
46,2018,7,17,3.9,22,4.8,6,1.4,,,11,2.5,18,4.1,0.6
46,2018,8,19,4.3,22,4.8,5,1.1,,,11,2.5,17,3.9,0.6
46,2018,9,18,4.1,22,4.8,7,1.6,,,10,2.3,17,3.9,0.6
46,2018,10,18,4.1,22,4.8,6,1.4,,,11,2.5,17,3.9,0.6
46,2018,11,17,3.9,23,5,11,2.5,,,11,2.5,23,5.2,0.5
46,2018,12,19,4.3,24,5.2,6,1.4,,,10,2.3,16,3.6,0.5
46,2019,1,16,3.6,22,4.8,5,1.1,,,11,2.5,17,3.9,0.6
46,2019,2,17,3.9,23,5,5,1.1,,,10,2.3,17,3.9,0.6
46,2019,3,16,3.6,20,4.4,4,0.9,,,10,2.3,15,3.4,0.6
46,2019,4,17,3.9,22,4.8,6,1.4,,,11,2.5,18,4.1,0.6
46,2019,5,17,3.9,23,5,4,0.9,,,11,2.5,17,3.9,0.6
46,2019,6,16,3.6,23,5,4,0.9,,,10,2.3,15,3.4,0.6
46,2019,7,17,3.9,22,4.8,5,1.1,,,11,2.5,17,3.9,0.6
46,2019,8,19,4.3,22,4.8,5,1.1,,,10,2.3,16,3.6,0.6
46,2019,9,18,4.1,22,4.8,5,1.1,,,10,2.3,16,3.6,0.6
46,2019,10,18,4.1,23,4.9,5,1.1,,,13,2.9,20,4.5,0.5
46,2019,11,18,4.1,22,4.7,6,1.4,,,10,2.3,17,3.8,0.6
46,2019,12,16,3.6,20,4.3,5,1.1,,,10,2.3,17,3.8,0.6
46,2020,1,17,3.8,24,5.2,5,1.1,,,11,2.5,17,3.8,0.5
46,2020,2,16,3.6,21,4.5,7,1.6,,,11,2.5,19,4.3,0.6
46,2020,3,16,3.6,16,3.5,39,8.9,,,10,2.3,50,11.4,0.7
46,2020,4,15,3.8,16,3.9,20,5,,,4,1,25,6.3,2.5
46,2020,5,18,4.4,11,2.6,5,1.2,,,5,1.2,11,2.7,2.8
46,2020,6,15,3.6,14,3.3,5,1.2,,,7,1.7,13,3.1,1.8
46,2020,7,18,4.3,21,4.8,4,1,,,9,2.1,14,3.3,1
46,2020,8,16,3.8,19,4.3,5,1.2,,,9,2.1,15,3.5,1
46,2020,9,18,4.2,22,4.9,5,1.2,,,9,2.1,15,3.5,0.8
46,2020,10,18,4.2,24,5.2,6,1.4,,,10,2.3,17,3.9,0.6
46,2020,11,18,4.2,22,4.8,7,1.6,,,9,2.1,18,4.2,0.7
46,2020,12,19,4.4,23,5.1,4,0.9,,,10,2.3,16,3.7,0.6
46,2021,1,17,3.9,22,4.8,4,0.9,,,11,2.5,16,3.7,0.6
46,2021,2,18,4.1,23,5,4,0.9,,,11,2.5,16,3.7,0.6
46,2021,3,20,4.6,27,5.8,4,0.9,,,13,3,18,4.1,0.5
46,2021,4,20,4.6,32,6.8,4,0.9,,,11,2.5,16,3.7,0.4
46,2021,5,16,3.6,27,5.8,3,0.7,,,11,2.5,16,3.6,0.5
46,2021,6,21,4.8,29,6.2,4,0.9,,,13,3,19,4.3,0.4
46,2021,7,20,4.5,30,6.3,4,0.9,,,11,2.5,16,3.6,0.4
46,2021,8,19,4.3,30,6.3,4,0.9,,,13,2.9,18,4.1,0.4
46,2021,9,21,4.7,33,6.9,3,0.7,,,12,2.7,16,3.6,0.3
46,2021,10,17,3.8,36,7.5,4,0.9,,,14,3.2,18,4.1,0.3
46,2021,11,20,4.5,34,7.1,4,0.9,,,13,2.9,18,4,0.3
46,2021,12,20,4.5,33,6.9,3,0.7,,,12,2.7,17,3.8,0.3
46,2022,1,20,4.5,36,7.4,4,0.9,,,13,2.9,18,4,0.3
46,2022,2,19,4.2,34,7,3,0.7,,,12,2.7,16,3.6,0.3
46,2022,3,20,4.4,35,7.2,3,0.7,,,12,2.7,16,3.6,0.3
46,2022,4,17,3.8,33,6.8,4,0.9,,,14,3.1,18,4,0.3
46,2022,5,18,4,33,6.8,5,1.1,,,14,3.1,20,4.4,0.3
46,2022,6,22,4.9,33,6.8,4,0.9,,,11,2.4,16,3.5,0.3
46,2022,7,21,4.6,32,6.6,4,0.9,,,12,2.6,16,3.5,0.3
46,2022,8,21,4.6,29,6,4,0.9,,,9,2,15,3.3,0.3
46,2022,9,19,4.2,29,6,5,1.1,,,13,2.9,19,4.2,0.3
46,2022,10,18,3.9,26,5.4,5,1.1,,,12,2.6,18,3.9,0.4
46,2022,11,19,4.2,27,5.6,4,0.9,,,13,2.9,18,3.9,0.3
46,2022,12,20,4.4,30,6.2,6,1.3,,,13,2.9,19,4.2,0.3
46,2023,1,22,4.8,29,6,5,1.1,,,12,2.6,18,3.9,0.3
46,2023,2,23,5,30,6.1,6,1.3,,,11,2.4,18,3.9,0.3
46,2023,3,19,4.1,27,5.6,7,1.5,,,11,2.4,19,4.1,0.3
46,2023,4,18,3.9,29,5.9,7,1.5,,,10,2.2,18,3.9,0.3
46,2023,5,20,4.4,31,6.3,6,1.3,,,12,2.6,18,3.9,0.3
46,2023,6,20,4.3,29,5.9,5,1.1,,,13,2.8,18,3.9,0.3
46,2023,7,17,3.7,25,5.1,6,1.3,,,12,2.6,19,4.1,0.4
46,2023,8,19,4.1,30,6.1,5,1.1,,,12,2.6,18,3.9,0.3
46,2023,9,16,3.4,27,5.5,5,1.1,,,11,2.4,17,3.7,0.3
46,2023,10,17,3.7,22,4.5,4,0.9,,,11,2.4,15,3.2,0.4
46,2023,11,17,3.7,28,5.7,5,1.1,,,14,3,20,4.3,0.3
46,2023,12,18,3.9,29,5.9,5,1.1,,,10,2.1,16,3.4,0.3
46,2024,1,16,3.4,22,4.5,5,1.1,,,10,2.1,16,3.4,0.4
46,2024,2,18,3.9,26,5.3,6,1.3,,,10,2.1,18,3.9,0.3
46,2024,3,17,3.6,24,4.9,6,1.3,,,10,2.1,17,3.6,0.3
46,2024,4,17,3.6,20,4.1,5,1.1,,,12,2.6,18,3.9,0.4
46,2024,5,18,3.8,22,4.5,5,1.1,,,12,2.6,18,3.8,0.4
46,2024,6,16,3.4,21,4.3,4,0.9,,,10,2.1,15,3.2,0.4
46,2024,7,17,3.6,21,4.3,6,1.3,,,10,2.1,17,3.6,0.4
46,2024,8,14,3,21,4.3,5,1.1,,,10,2.1,17,3.6,0.4
46,2024,9,17,3.6,22,4.5,4,0.9,,,9,1.9,15,3.2,0.4
46,2024,10,18,3.8,24,4.9,4,0.9,,,10,2.1,14,3,0.4
46,2024,11,19,4,21,4.3,5,1.1,,,9,1.9,15,3.2,0.4
46,2024,12,17,3.6,21,4.3,6,1.3,,,11,2.3,18,3.8,0.4
46,2025,1,18,3.8,25,5.1,5,1.1,,,11,2.3,17,3.6,0.4
46,2025,2,15,3.2,19,3.9,5,1.1,,,14,3,20,4.3,0.5
46,2025,3,17,3.6,21,4.3,5,1.1,,,11,2.3,17,3.6,0.5
46,2025,4,18,3.8,21,4.3,5,1.1,,,10,2.1,16,3.4,0.5
46,2025,5,15,3.2,20,4.1,6,1.3,,,10,2.1,16,3.4,0.5
46,2025,6,16,3.4,22,4.5,6,1.3,,,13,2.8,21,4.5,0.4
46,2025,7,17,3.6,22,4.5,6,1.3,,,10,2.1,17,3.6,0.5
46,2025,8,16,3.4,21,4.3,6,1.3,,,8,1.7,15,3.2,0.5
46,2025,9,17,3.6,21,4.3,6,1.3,,,10,2.1,17,3.6,0.5
46,2025,10,19,4,23,4.7,5,1.1,,,10,2.1,16,3.4,
46,2025,11,17,3.6,22,4.5,4,0.9,,,10,2.1,15,3.2,0.5
46,2025,12,17,3.6,20,4.1,6,1.3,,,16,3.4,23,4.9,0.5
47,2012,1,101,3.7,99,3.5,46,1.7,,,53,2,105,3.9,2.6
47,2012,2,115,4.3,86,3.1,42,1.6,,,49,1.8,97,3.6,2.9
47,2012,3,115,4.2,110,3.9,46,1.7,,,46,1.7,97,3.6,2.3
47,2012,4,109,4,83,3,42,1.5,,,49,1.8,95,3.5,3
47,2012,5,119,4.4,79,2.8,39,1.4,,,50,1.8,98,3.6,3.1
47,2012,6,89,3.3,90,3.2,49,1.8,,,44,1.6,103,3.8,2.7
47,2012,7,103,3.8,83,3,41,1.5,,,50,1.8,97,3.6,3
47,2012,8,108,4,78,2.8,60,2.2,,,52,1.9,120,4.4,3.1
47,2012,9,117,4.3,91,3.2,53,1.9,,,51,1.9,110,4,2.7
47,2012,10,114,4.2,84,3,60,2.2,,,50,1.8,122,4.5,2.9
47,2012,11,95,3.5,80,2.8,45,1.6,,,45,1.6,98,3.6,3
47,2012,12,113,4.1,86,3,45,1.6,,,61,2.2,113,4.1,2.8
47,2013,1,117,4.3,86,3,34,1.2,,,54,2,97,3.5,2.8
47,2013,2,122,4.4,82,2.9,60,2.2,,,56,2,121,4.4,3
47,2013,3,115,4.2,90,3.2,36,1.3,,,53,1.9,95,3.5,2.7
47,2013,4,111,4,79,2.8,43,1.6,,,60,2.2,108,3.9,3.1
47,2013,5,112,4.1,89,3.1,45,1.6,,,52,1.9,105,3.8,2.7
47,2013,6,126,4.6,87,3.1,43,1.6,,,53,1.9,103,3.7,2.8
47,2013,7,113,4.1,81,2.9,43,1.6,,,53,1.9,102,3.7,2.9
47,2013,8,114,4.1,85,3,43,1.6,,,54,2,105,3.8,2.8
47,2013,9,121,4.4,91,3.2,46,1.7,,,49,1.8,101,3.6,2.5
47,2013,10,111,4,90,3.1,57,2.1,,,50,1.8,111,4,2.5
47,2013,11,117,4.2,81,2.8,32,1.1,,,57,2,94,3.4,2.7
47,2013,12,107,3.8,87,3,36,1.3,,,55,2,95,3.4,2.5
47,2014,1,100,3.6,76,2.6,40,1.4,,,54,1.9,101,3.6,2.8
47,2014,2,109,3.9,93,3.2,50,1.8,,,61,2.2,120,4.3,2.2
47,2014,3,109,3.9,95,3.3,37,1.3,,,66,2.4,111,4,2.1
47,2014,4,102,3.6,82,2.8,47,1.7,,,53,1.9,105,3.7,2.5
47,2014,5,94,3.3,94,3.2,31,1.1,,,57,2,95,3.4,2.2
47,2014,6,101,3.6,93,3.2,37,1.3,,,56,2,99,3.5,2.2
47,2014,7,107,3.8,87,3,32,1.1,,,54,1.9,94,3.3,2.3
47,2014,8,99,3.5,108,3.7,33,1.2,,,53,1.9,96,3.4,1.8
47,2014,9,97,3.4,86,2.9,29,1,,,56,2,96,3.4,2.3
47,2014,10,97,3.4,95,3.2,35,1.2,,,69,2.4,113,4,2.1
47,2014,11,107,3.7,116,3.9,33,1.2,,,55,1.9,94,3.3,1.7
47,2014,12,114,4,94,3.2,32,1.1,,,56,2,97,3.4,2
47,2015,1,108,3.8,101,3.4,34,1.2,,,65,2.3,107,3.7,1.8
47,2015,2,90,3.1,100,3.4,31,1.1,,,49,1.7,89,3.1,1.8
47,2015,3,103,3.6,96,3.2,37,1.3,,,60,2.1,104,3.6,1.9
47,2015,4,114,4,110,3.7,29,1,,,56,1.9,94,3.3,1.6
47,2015,5,123,4.3,111,3.7,31,1.1,,,61,2.1,99,3.4,1.6
47,2015,6,122,4.2,117,3.9,35,1.2,,,64,2.2,107,3.7,1.5
47,2015,7,145,5,147,4.8,33,1.1,,,76,2.6,118,4.1,1.2
47,2015,8,117,4,130,4.3,33,1.1,,,75,2.6,116,4,1.3
47,2015,9,119,4.1,111,3.7,35,1.2,,,68,2.3,112,3.8,1.5
47,2015,10,114,3.9,122,4,32,1.1,,,69,2.4,110,3.8,1.3
47,2015,11,109,3.7,123,4,34,1.2,,,76,2.6,118,4,1.3
47,2015,12,103,3.5,112,3.7,35,1.2,,,76,2.6,119,4.1,1.4
47,2016,1,121,4.1,119,3.9,34,1.2,,,69,2.3,109,3.7,1.3
47,2016,2,124,4.2,112,3.7,28,1,,,78,2.7,113,3.8,1.3
47,2016,3,125,4.2,135,4.4,47,1.6,,,64,2.2,119,4,1.1
47,2016,4,130,4.4,110,3.6,28,0.9,,,91,3.1,127,4.3,1.3
47,2016,5,141,4.8,130,4.2,42,1.4,,,91,3.1,140,4.7,1.1
47,2016,6,121,4.1,115,3.7,35,1.2,,,94,3.2,138,4.7,1.3
47,2016,7,120,4,122,3.9,34,1.1,,,79,2.7,123,4.1,1.2
47,2016,8,129,4.3,108,3.5,33,1.1,,,76,2.6,117,3.9,1.4
47,2016,9,112,3.7,103,3.3,32,1.1,,,82,2.7,122,4.1,1.5
47,2016,10,112,3.7,101,3.3,29,1,,,69,2.3,110,3.7,1.5
47,2016,11,115,3.8,106,3.4,32,1.1,,,69,2.3,110,3.7,1.4
47,2016,12,104,3.5,131,4.2,24,0.8,,,68,2.3,103,3.4,1.1
47,2017,1,111,3.7,108,3.5,28,0.9,,,65,2.2,102,3.4,1.3
47,2017,2,114,3.8,130,4.2,31,1,,,70,2.3,109,3.6,1.1
47,2017,3,109,3.6,114,3.7,31,1,,,74,2.5,110,3.7,1.2
47,2017,4,105,3.5,124,4,34,1.1,,,69,2.3,119,4,1
47,2017,5,116,3.9,121,3.9,38,1.3,,,72,2.4,117,3.9,1
47,2017,6,123,4.1,131,4.2,29,1,,,71,2.4,106,3.5,0.9
47,2017,7,125,4.1,127,4,38,1.3,,,70,2.3,113,3.7,0.9
47,2017,8,128,4.2,126,4,39,1.3,,,68,2.3,116,3.8,0.9
47,2017,9,122,4,128,4.1,29,1,,,69,2.3,104,3.4,0.9
47,2017,10,127,4.2,124,3.9,42,1.4,,,87,2.9,136,4.5,0.9
47,2017,11,133,4.4,148,4.7,29,1,,,69,2.3,104,3.4,0.8
47,2017,12,143,4.7,134,4.2,46,1.5,,,75,2.5,129,4.2,0.8
47,2018,1,136,4.5,134,4.2,48,1.6,,,78,2.6,135,4.4,0.8
47,2018,2,145,4.8,130,4.1,34,1.1,,,83,2.7,123,4,0.9
47,2018,3,151,4.9,138,4.3,31,1,,,102,3.3,140,4.6,0.8
47,2018,4,149,4.9,158,4.9,42,1.4,,,87,2.8,134,4.4,0.7
47,2018,5,151,4.9,131,4.1,36,1.2,,,98,3.2,141,4.6,0.9
47,2018,6,156,5.1,147,4.6,43,1.4,,,85,2.8,134,4.4,0.8
47,2018,7,153,5,154,4.8,41,1.3,,,102,3.3,151,4.9,0.7
47,2018,8,162,5.3,151,4.7,28,0.9,,,88,2.9,122,4,0.7
47,2018,9,163,5.3,165,5.1,38,1.2,,,97,3.1,140,4.5,0.7
47,2018,10,151,4.9,171,5.3,37,1.2,,,102,3.3,145,4.7,0.7
47,2018,11,153,4.9,156,4.8,49,1.6,,,90,2.9,146,4.7,0.7
47,2018,12,147,4.8,168,5.2,37,1.2,,,87,2.8,131,4.2,0.7
47,2019,1,133,4.3,159,4.9,36,1.2,,,84,2.7,128,4.1,0.7
47,2019,2,142,4.6,137,4.2,40,1.3,,,106,3.4,154,4.9,0.8
47,2019,3,140,4.5,145,4.4,42,1.3,,,78,2.5,126,4,0.8
47,2019,4,142,4.5,144,4.4,36,1.2,,,79,2.5,121,3.9,0.8
47,2019,5,122,3.9,140,4.3,32,1,,,61,2,98,3.1,0.8
47,2019,6,134,4.3,133,4.1,32,1,,,75,2.4,112,3.6,0.8
47,2019,7,135,4.3,123,3.8,29,0.9,,,78,2.5,114,3.6,0.9
47,2019,8,134,4.3,151,4.6,45,1.4,,,81,2.6,131,4.2,0.7
47,2019,9,141,4.5,161,4.9,36,1.1,,,67,2.1,110,3.5,0.7
47,2019,10,153,4.9,144,4.4,33,1.1,,,75,2.4,114,3.6,0.8
47,2019,11,147,4.7,140,4.3,25,0.8,,,79,2.5,111,3.5,0.8
47,2019,12,137,4.4,118,3.6,41,1.3,,,94,3,139,4.4,1
47,2020,1,160,5.1,140,4.2,43,1.4,,,89,2.8,140,4.4,0.8
47,2020,2,122,3.9,164,4.9,40,1.3,,,75,2.4,119,3.8,0.7
47,2020,3,123,3.9,145,4.4,199,6.3,,,60,1.9,265,8.4,0.8
47,2020,4,83,3,96,3.3,217,7.8,,,59,2.1,283,10.2,5.2
47,2020,5,212,7.5,144,4.8,39,1.4,,,68,2.4,110,3.9,2.7
47,2020,6,191,6.5,149,4.8,51,1.7,,,81,2.8,139,4.8,2.2
47,2020,7,160,5.4,147,4.7,43,1.5,,,79,2.7,131,4.4,2
47,2020,8,145,4.9,138,4.4,36,1.2,,,86,2.9,127,4.3,1.8
47,2020,9,146,4.9,148,4.7,38,1.3,,,84,2.8,134,4.5,1.6
47,2020,10,141,4.6,151,4.7,28,0.9,,,79,2.6,112,3.7,1.4
47,2020,11,135,4.4,150,4.7,44,1.4,,,84,2.7,133,4.3,1.3
47,2020,12,127,4.1,156,4.8,42,1.4,,,87,2.8,133,4.3,1.2
47,2021,1,155,5.1,177,5.5,51,1.7,,,99,3.2,156,5.1,1
47,2021,2,128,4.2,182,5.6,32,1,,,90,2.9,127,4.1,1
47,2021,3,143,4.7,197,6,45,1.5,,,106,3.4,159,5.2,0.9
47,2021,4,120,3.9,202,6.2,40,1.3,,,103,3.4,149,4.9,0.8
47,2021,5,149,4.8,233,7,37,1.2,,,102,3.3,148,4.8,0.7
47,2021,6,143,4.6,227,6.8,29,0.9,,,92,3,130,4.2,0.7
47,2021,7,160,5.1,249,7.4,35,1.1,,,90,2.9,134,4.3,0.6
47,2021,8,157,5,239,7.1,32,1,,,95,3,142,4.5,0.6
47,2021,9,147,4.7,235,7,33,1.1,,,105,3.4,148,4.7,0.6
47,2021,10,154,4.9,244,7.2,34,1.1,,,87,2.8,130,4.1,0.5
47,2021,11,164,5.2,260,7.6,26,0.8,,,118,3.7,150,4.8,0.5
47,2021,12,160,5,242,7.1,30,0.9,,,111,3.5,147,4.6,0.5
47,2022,1,165,5.2,245,7.1,32,1,,,115,3.6,155,4.9,0.5
47,2022,2,172,5.4,277,7.9,34,1.1,,,112,3.5,153,4.8,0.4
47,2022,3,171,5.3,306,8.7,44,1.4,,,103,3.2,155,4.8,0.4
47,2022,4,167,5.2,276,7.9,45,1.4,,,116,3.6,167,5.2,0.4
47,2022,5,150,4.6,274,7.8,32,1,,,109,3.4,147,4.5,0.4
47,2022,6,173,5.3,258,7.4,38,1.2,,,118,3.6,164,5.1,0.4
47,2022,7,173,5.3,276,7.8,36,1.1,,,116,3.6,158,4.8,0.4
47,2022,8,165,5,233,6.7,45,1.4,,,119,3.6,172,5.3,0.5
47,2022,9,159,4.8,266,7.5,28,0.9,,,119,3.6,153,4.7,0.4
47,2022,10,164,5,242,6.9,54,1.6,,,115,3.5,175,5.3,0.5
47,2022,11,159,4.8,257,7.3,37,1.1,,,111,3.4,154,4.7,0.4
47,2022,12,153,4.7,247,7,39,1.2,,,101,3.1,148,4.5,0.5
47,2023,1,147,4.4,261,7.3,45,1.4,,,89,2.7,139,4.2,0.4
47,2023,2,145,4.4,246,6.9,34,1,,,105,3.2,148,4.5,0.5
47,2023,3,143,4.3,234,6.6,70,2.1,,,97,2.9,173,5.2,0.5
47,2023,4,159,4.8,230,6.5,32,1,,,90,2.7,130,3.9,0.5
47,2023,5,152,4.6,227,6.4,38,1.1,,,117,3.5,161,4.9,0.5
47,2023,6,144,4.3,225,6.3,30,0.9,,,90,2.7,127,3.8,0.5
47,2023,7,140,4.2,176,5,39,1.2,,,86,2.6,130,3.9,0.6
47,2023,8,140,4.2,215,6.1,36,1.1,,,100,3,143,4.3,0.5
47,2023,9,152,4.5,303,8.3,36,1.1,,,90,2.7,132,3.9,0.4
47,2023,10,142,4.2,214,6,34,1,,,101,3,143,4.3,0.5
47,2023,11,126,3.8,201,5.7,32,1,,,83,2.5,123,3.7,0.6
47,2023,12,149,4.4,211,5.9,36,1.1,,,91,2.7,135,4,0.5
47,2024,1,153,4.6,199,5.6,34,1,,,81,2.4,122,3.6,0.5
47,2024,2,172,5.1,188,5.3,42,1.3,,,79,2.4,127,3.8,0.6
47,2024,3,140,4.2,181,5.1,28,0.8,,,86,2.6,121,3.6,0.6
47,2024,4,152,4.5,190,5.3,31,0.9,,,96,2.9,136,4,0.6
47,2024,5,161,4.8,169,4.8,40,1.2,,,98,2.9,145,4.3,0.7
47,2024,6,115,3.4,162,4.6,32,0.9,,,85,2.5,123,3.6,0.7
47,2024,7,121,3.6,167,4.7,39,1.2,,,90,2.7,135,4,0.7
47,2024,8,124,3.7,166,4.7,43,1.3,,,77,2.3,127,3.8,0.7
47,2024,9,132,3.9,156,4.4,42,1.2,,,84,2.5,133,3.9,0.8
47,2024,10,137,4.1,169,4.8,47,1.4,,,89,2.6,142,4.2,0.7
47,2024,11,121,3.6,175,4.9,43,1.3,,,85,2.5,134,4,0.7
47,2024,12,121,3.6,155,4.4,45,1.3,,,74,2.2,124,3.7,0.8
47,2025,1,133,3.9,155,4.4,38,1.1,,,112,3.3,156,4.6,0.8
47,2025,2,117,3.5,152,4.3,44,1.3,,,82,2.4,134,4,0.8
47,2025,3,133,3.9,153,4.3,32,0.9,,,89,2.6,126,3.7,0.8
47,2025,4,120,3.6,148,4.2,44,1.3,,,72,2.1,121,3.6,0.8
47,2025,5,108,3.2,148,4.2,36,1.1,,,72,2.1,114,3.4,0.8
47,2025,6,135,4,165,4.7,52,1.5,,,77,2.3,135,4,0.7
47,2025,7,130,3.9,143,4.1,47,1.4,,,73,2.2,123,3.7,0.9
47,2025,8,140,4.2,148,4.2,33,1,,,82,2.4,121,3.6,0.8
47,2025,9,118,3.5,156,4.4,50,1.5,,,74,2.2,132,3.9,0.8
47,2025,10,115,3.4,161,4.6,40,1.2,,,65,1.9,110,3.3,
47,2025,11,127,3.8,159,4.5,46,1.4,,,94,2.8,146,4.3,0.8
47,2025,12,122,3.6,143,4.1,38,1.1,,,73,2.2,123,3.6,0.9
48,2012,1,347,3.2,387,3.5,151,1.4,,,189,1.8,361,3.4,2.3
48,2012,2,414,3.8,303,2.7,103,1,,,204,1.9,326,3,2.9
48,2012,3,412,3.8,369,3.3,123,1.1,,,218,2,361,3.3,2.3
48,2012,4,393,3.6,380,3.4,131,1.2,,,212,2,366,3.4,2.2
48,2012,5,405,3.7,379,3.4,134,1.2,,,214,2,373,3.4,2.3
48,2012,6,401,3.7,361,3.2,132,1.2,,,254,2.3,412,3.8,2.4
48,2012,7,382,3.5,344,3.1,116,1.1,,,218,2,360,3.3,2.5
48,2012,8,435,4,335,3,177,1.6,,,231,2.1,430,3.9,2.5
48,2012,9,385,3.5,349,3.1,139,1.3,,,210,1.9,369,3.4,2.4
48,2012,10,411,3.7,353,3.1,126,1.1,,,221,2,376,3.4,2.3
48,2012,11,435,3.9,347,3,184,1.7,,,239,2.2,445,4,2.4
48,2012,12,439,4,341,3,128,1.2,,,214,1.9,372,3.4,2.4
48,2013,1,435,3.9,350,3.1,125,1.1,,,212,1.9,370,3.3,2.4
48,2013,2,400,3.6,380,3.3,113,1,,,275,2.5,417,3.7,2.2
48,2013,3,389,3.5,368,3.2,134,1.2,,,213,1.9,373,3.3,2.3
48,2013,4,434,3.9,361,3.1,140,1.3,,,247,2.2,410,3.7,2.3
48,2013,5,424,3.8,401,3.5,133,1.2,,,243,2.2,402,3.6,2.1
48,2013,6,363,3.2,358,3.1,137,1.2,,,224,2,385,3.4,2.3
48,2013,7,430,3.8,363,3.1,124,1.1,,,261,2.3,408,3.6,2.2
48,2013,8,417,3.7,354,3,130,1.2,,,227,2,382,3.4,2.3
48,2013,9,408,3.6,349,3,168,1.5,,,232,2.1,426,3.8,2.3
48,2013,10,405,3.6,342,2.9,138,1.2,,,248,2.2,406,3.6,2.3
48,2013,11,384,3.4,343,2.9,112,1,,,230,2,373,3.3,2.2
48,2013,12,411,3.6,401,3.4,123,1.1,,,204,1.8,356,3.1,1.9
48,2014,1,410,3.6,365,3.1,141,1.2,,,240,2.1,404,3.5,2
48,2014,2,433,3.8,381,3.2,129,1.1,,,252,2.2,405,3.5,1.9
48,2014,3,433,3.8,402,3.4,125,1.1,,,249,2.2,399,3.5,1.8
48,2014,4,449,3.9,399,3.3,163,1.4,,,263,2.3,451,3.9,1.7
48,2014,5,478,4.1,425,3.5,125,1.1,,,272,2.4,433,3.7,1.6
48,2014,6,474,4.1,455,3.8,158,1.4,,,284,2.5,470,4.1,1.5
48,2014,7,480,4.1,455,3.8,184,1.6,,,269,2.3,483,4.2,1.5
48,2014,8,409,3.5,495,4.1,162,1.4,,,280,2.4,476,4.1,1.3
48,2014,9,493,4.2,456,3.8,135,1.2,,,309,2.6,473,4.1,1.4
48,2014,10,505,4.3,449,3.7,123,1,,,292,2.5,443,3.8,1.4
48,2014,11,507,4.3,453,3.7,144,1.2,,,302,2.6,472,4,1.4
48,2014,12,498,4.2,458,3.7,175,1.5,,,296,2.5,498,4.2,1.3
48,2015,1,524,4.4,473,3.9,158,1.3,,,297,2.5,478,4,1.2
48,2015,2,457,3.9,426,3.5,189,1.6,,,301,2.5,515,4.4,1.4
48,2015,3,484,4.1,428,3.5,199,1.7,,,274,2.3,493,4.2,1.4
48,2015,4,474,4,485,3.9,144,1.2,,,276,2.3,453,3.8,1.2
48,2015,5,441,3.7,477,3.9,138,1.2,,,262,2.2,421,3.6,1.2
48,2015,6,499,4.2,475,3.8,145,1.2,,,272,2.3,445,3.8,1.2
48,2015,7,508,4.3,559,4.5,139,1.2,,,298,2.5,464,3.9,1
48,2015,8,473,4,535,4.3,146,1.2,,,300,2.5,467,3.9,1.1
48,2015,9,522,4.4,506,4.1,186,1.6,,,279,2.3,497,4.2,1.2
48,2015,10,487,4.1,578,4.6,189,1.6,,,275,2.3,492,4.1,1
48,2015,11,512,4.3,531,4.3,167,1.4,,,284,2.4,480,4,1.1
48,2015,12,482,4,529,4.2,138,1.2,,,293,2.5,459,3.8,1.1
48,2016,1,423,3.5,541,4.3,164,1.4,,,299,2.5,494,4.1,1.1
48,2016,2,520,4.3,565,4.5,198,1.7,,,282,2.4,514,4.3,1
48,2016,3,516,4.3,619,4.9,148,1.2,,,313,2.6,493,4.1,1
48,2016,4,500,4.2,533,4.3,135,1.1,,,286,2.4,459,3.8,1.1
48,2016,5,476,4,549,4.4,167,1.4,,,316,2.6,515,4.3,1.1
48,2016,6,435,3.6,510,4.1,135,1.1,,,303,2.5,464,3.9,1.2
48,2016,7,565,4.7,518,4.1,139,1.2,,,313,2.6,488,4.1,1.2
48,2016,8,478,4,489,3.9,163,1.4,,,312,2.6,500,4.2,1.3
48,2016,9,493,4.1,516,4.1,130,1.1,,,296,2.5,452,3.7,1.2
48,2016,10,519,4.3,467,3.7,153,1.3,,,328,2.7,523,4.3,1.4
48,2016,11,497,4.1,511,4.1,164,1.4,,,341,2.8,536,4.4,1.3
48,2016,12,477,3.9,542,4.3,125,1,,,326,2.7,480,4,1.2
48,2017,1,458,3.8,447,3.6,147,1.2,,,302,2.5,484,4,1.4
48,2017,2,511,4.2,451,3.6,134,1.1,,,323,2.7,487,4,1.4
48,2017,3,506,4.2,482,3.8,159,1.3,,,338,2.8,530,4.4,1.3
48,2017,4,480,3.9,488,3.8,150,1.2,,,310,2.5,491,4,1.3
48,2017,5,501,4.1,448,3.5,169,1.4,,,316,2.6,508,4.2,1.3
48,2017,6,544,4.4,476,3.7,187,1.5,,,345,2.8,564,4.6,1.2
48,2017,7,505,4.1,465,3.7,180,1.5,,,317,2.6,525,4.3,1.2
48,2017,8,544,4.4,469,3.7,150,1.2,,,310,2.5,491,4,1.2
48,2017,9,543,4.4,526,4.1,179,1.5,,,353,2.9,560,4.6,1.1
48,2017,10,533,4.3,484,3.8,175,1.4,,,398,3.2,601,4.9,1.1
48,2017,11,555,4.5,438,3.4,166,1.3,,,322,2.6,511,4.1,1.3
48,2017,12,499,4,431,3.4,179,1.5,,,310,2.5,519,4.2,1.3
48,2018,1,552,4.5,503,3.9,220,1.8,,,281,2.3,531,4.3,1.1
48,2018,2,531,4.3,486,3.8,150,1.2,,,351,2.8,529,4.3,1.1
48,2018,3,528,4.2,493,3.8,157,1.3,,,319,2.6,506,4.1,1.1
48,2018,4,549,4.4,474,3.7,165,1.3,,,354,2.8,543,4.4,1.2
48,2018,5,621,5,499,3.8,168,1.3,,,330,2.6,527,4.2,1.1
48,2018,6,585,4.7,562,4.3,195,1.6,,,347,2.8,578,4.6,1
48,2018,7,592,4.7,591,4.5,194,1.5,,,352,2.8,569,4.5,0.9
48,2018,8,578,4.6,517,3.9,192,1.5,,,348,2.8,569,4.5,1
48,2018,9,585,4.6,558,4.2,204,1.6,,,328,2.6,563,4.5,0.9
48,2018,10,622,4.9,581,4.4,182,1.4,,,343,2.7,556,4.4,0.9
48,2018,11,531,4.2,619,4.7,168,1.3,,,344,2.7,557,4.4,0.9
48,2018,12,602,4.8,622,4.7,187,1.5,,,346,2.7,551,4.4,0.8
48,2019,1,640,5,614,4.6,145,1.1,,,379,3,550,4.3,0.8
48,2019,2,594,4.7,594,4.5,198,1.6,,,338,2.7,566,4.5,0.9
48,2019,3,596,4.7,591,4.4,189,1.5,,,339,2.7,556,4.4,0.8
48,2019,4,584,4.6,625,4.7,194,1.5,,,367,2.9,578,4.5,0.8
48,2019,5,575,4.5,600,4.5,120,0.9,,,337,2.6,481,3.8,0.8
48,2019,6,551,4.3,572,4.3,156,1.2,,,312,2.4,488,3.8,0.8
48,2019,7,577,4.5,573,4.3,152,1.2,,,366,2.9,547,4.3,0.8
48,2019,8,578,4.5,596,4.4,199,1.5,,,345,2.7,574,4.5,0.8
48,2019,9,544,4.2,562,4.2,161,1.3,,,329,2.6,516,4,0.9
48,2019,10,510,4,542,4,147,1.1,,,315,2.4,479,3.7,0.9
48,2019,11,499,3.9,535,4,149,1.2,,,330,2.6,507,3.9,0.9
48,2019,12,601,4.7,499,3.7,195,1.5,,,333,2.6,553,4.3,1
48,2020,1,539,4.2,529,3.9,157,1.2,,,338,2.6,528,4.1,0.9
48,2020,2,585,4.5,529,3.9,156,1.2,,,349,2.7,531,4.1,0.9
48,2020,3,450,3.5,418,3.1,862,6.7,,,288,2.2,1179,9.1,1.7
48,2020,4,314,2.7,289,2.4,766,6.7,,,186,1.6,974,8.5,5.9
48,2020,5,739,6.3,416,3.4,171,1.5,,,273,2.3,469,4,3.9
48,2020,6,563,4.7,423,3.4,247,2.1,,,225,1.9,498,4.2,3.3
48,2020,7,510,4.3,423,3.4,177,1.5,,,267,2.2,470,3.9,3.1
48,2020,8,541,4.5,474,3.8,144,1.2,,,270,2.2,447,3.7,2.4
48,2020,9,550,4.5,598,4.7,123,1,,,339,2.8,494,4.1,1.8
48,2020,10,546,4.5,550,4.3,126,1,,,318,2.6,475,3.9,1.8
48,2020,11,561,4.6,557,4.3,119,1,,,314,2.6,451,3.7,1.8
48,2020,12,493,4,546,4.2,122,1,,,371,3,523,4.2,1.8
48,2021,1,527,4.2,594,4.6,108,0.9,,,308,2.5,432,3.5,1.6
48,2021,2,466,3.8,652,5,123,1,,,323,2.6,472,3.8,1.4
48,2021,3,588,4.7,735,5.6,109,0.9,,,367,2.9,518,4.1,1.2
48,2021,4,592,4.7,800,6,134,1.1,,,366,2.9,529,4.2,1.1
48,2021,5,568,4.5,855,6.4,123,1,,,388,3.1,555,4.4,1
48,2021,6,593,4.7,916,6.7,100,0.8,,,401,3.2,538,4.2,0.9
48,2021,7,636,5,935,6.8,122,1,,,392,3.1,545,4.3,0.9
48,2021,8,620,4.8,936,6.8,103,0.8,,,339,2.6,476,3.7,0.8
48,2021,9,674,5.2,883,6.4,100,0.8,,,447,3.5,570,4.4,0.8
48,2021,10,649,5,989,7.1,80,0.6,,,448,3.4,565,4.3,0.7
48,2021,11,652,5,986,7,125,1,,,429,3.3,596,4.6,0.7
48,2021,12,652,5,969,6.9,130,1,,,400,3,562,4.3,0.7
48,2022,1,561,4.3,967,6.9,111,0.8,,,460,3.5,602,4.6,0.7
48,2022,2,648,4.9,981,6.9,104,0.8,,,393,3,517,3.9,0.6
48,2022,3,619,4.7,1096,7.6,120,0.9,,,469,3.5,607,4.6,0.5
48,2022,4,652,4.9,1076,7.5,103,0.8,,,435,3.3,578,4.3,0.5
48,2022,5,682,5.1,1025,7.1,108,0.8,,,425,3.2,560,4.2,0.6
48,2022,6,623,4.6,1056,7.3,102,0.8,,,405,3,543,4,0.5
48,2022,7,677,5,1028,7.1,104,0.8,,,398,2.9,528,3.9,0.5
48,2022,8,606,4.5,891,6.2,123,0.9,,,447,3.3,587,4.3,0.6
48,2022,9,591,4.3,992,6.8,115,0.8,,,377,2.8,522,3.8,0.6
48,2022,10,569,4.2,942,6.4,120,0.9,,,419,3.1,550,4,0.6
48,2022,11,602,4.4,898,6.2,103,0.8,,,429,3.1,551,4,0.7
48,2022,12,581,4.2,903,6.2,128,0.9,,,402,2.9,552,4,0.7
48,2023,1,601,4.4,870,5.9,138,1,,,382,2.8,543,3.9,0.7
48,2023,2,556,4,857,5.8,112,0.8,,,408,3,550,4,0.7
48,2023,3,601,4.3,777,5.3,130,0.9,,,369,2.7,516,3.7,0.8
48,2023,4,618,4.5,794,5.4,136,1,,,351,2.5,514,3.7,0.8
48,2023,5,621,4.5,797,5.4,132,1,,,472,3.4,630,4.5,0.8
48,2023,6,609,4.4,786,5.3,217,1.6,,,397,2.8,642,4.6,0.8
48,2023,7,546,3.9,773,5.3,133,1,,,389,2.8,573,4.1,0.8
48,2023,8,629,4.5,782,5.3,134,1,,,436,3.1,597,4.3,0.8
48,2023,9,559,4,768,5.2,136,1,,,401,2.9,562,4,0.8
48,2023,10,588,4.2,764,5.2,120,0.9,,,379,2.7,526,3.8,0.8
48,2023,11,593,4.2,797,5.4,147,1,,,369,2.6,540,3.9,0.8
48,2023,12,583,4.2,782,5.3,134,1,,,371,2.6,532,3.8,0.8
48,2024,1,517,3.7,787,5.3,132,0.9,,,388,2.8,550,3.9,0.8
48,2024,2,558,4,753,5.1,193,1.4,,,362,2.6,579,4.1,0.8
48,2024,3,479,3.4,721,4.9,104,0.7,,,343,2.4,473,3.4,0.9
48,2024,4,487,3.5,620,4.2,111,0.8,,,349,2.5,507,3.6,1
48,2024,5,499,3.5,649,4.4,114,0.8,,,330,2.3,468,3.3,1
48,2024,6,445,3.1,592,4,122,0.9,,,345,2.4,499,3.5,1.1
48,2024,7,442,3.1,570,3.9,100,0.7,,,300,2.1,427,3,1.1
48,2024,8,496,3.5,633,4.3,162,1.1,,,305,2.2,498,3.5,1
48,2024,9,553,3.9,476,3.2,187,1.3,,,323,2.3,539,3.8,1.4
48,2024,10,500,3.5,528,3.6,159,1.1,,,305,2.1,493,3.5,1.2
48,2024,11,459,3.2,630,4.2,144,1,,,265,1.9,430,3,1
48,2024,12,467,3.3,567,3.8,136,1,,,323,2.3,492,3.5,1.1
48,2025,1,543,3.8,575,3.9,151,1.1,,,299,2.1,479,3.4,1.1
48,2025,2,459,3.2,607,4.1,131,0.9,,,319,2.2,474,3.3,1.1
48,2025,3,503,3.5,541,3.6,157,1.1,,,352,2.5,520,3.6,1.2
48,2025,4,438,3.1,583,3.9,122,0.9,,,293,2,444,3.1,1.1
48,2025,5,401,2.8,657,4.4,125,0.9,,,314,2.2,488,3.4,1
48,2025,6,507,3.5,597,4,148,1,,,298,2.1,476,3.3,1.1
48,2025,7,506,3.5,583,3.9,165,1.2,,,367,2.6,544,3.8,1.1
48,2025,8,406,2.8,601,4,140,1,,,302,2.1,458,3.2,1.1
48,2025,9,428,3,671,4.5,121,0.8,,,286,2,426,3,1
48,2025,10,484,3.4,615,4.1,140,1,,,286,2,442,3.1,
48,2025,11,455,3.2,623,4.2,136,1,,,296,2.1,451,3.2,1.1
48,2025,12,503,3.5,608,4.1,137,1,,,318,2.2,480,3.3,1.1
49,2012,1,46,3.7,31,2.5,15,1.2,,,20,1.6,37,3,2.3
49,2012,2,47,3.8,28,2.2,22,1.8,,,22,1.8,46,3.7,2.3
49,2012,3,46,3.7,33,2.6,15,1.2,,,21,1.7,39,3.2,1.9
49,2012,4,56,4.5,33,2.6,24,1.9,,,22,1.8,49,3.9,2
49,2012,5,52,4.2,34,2.6,19,1.5,,,24,1.9,46,3.7,1.9
49,2012,6,43,3.4,33,2.6,18,1.4,,,26,2.1,50,4,2
49,2012,7,50,4,32,2.5,16,1.3,,,22,1.8,43,3.4,2
49,2012,8,50,4,33,2.6,25,2,,,19,1.5,47,3.7,1.9
49,2012,9,44,3.5,36,2.8,16,1.3,,,23,1.8,41,3.3,1.8
49,2012,10,54,4.3,33,2.5,20,1.6,,,26,2.1,48,3.8,1.9
49,2012,11,48,3.8,36,2.8,17,1.3,,,26,2.1,45,3.5,1.7
49,2012,12,51,4,34,2.6,17,1.3,,,27,2.1,47,3.7,1.8
49,2013,1,53,4.2,37,2.8,23,1.8,,,29,2.3,56,4.4,1.7
49,2013,2,51,4,39,3,18,1.4,,,26,2,47,3.7,1.6
49,2013,3,48,3.7,38,2.9,17,1.3,,,26,2,47,3.7,1.6
49,2013,4,47,3.7,36,2.7,30,2.3,,,27,2.1,60,4.7,1.7
49,2013,5,48,3.7,38,2.9,17,1.3,,,23,1.8,43,3.3,1.6
49,2013,6,55,4.3,37,2.8,18,1.4,,,21,1.6,43,3.3,1.6
49,2013,7,43,3.3,37,2.8,16,1.2,,,25,1.9,45,3.5,1.6
49,2013,8,45,3.5,35,2.6,17,1.3,,,27,2.1,47,3.6,1.7
49,2013,9,43,3.3,34,2.6,21,1.6,,,22,1.7,48,3.7,1.7
49,2013,10,51,3.9,43,3.2,15,1.2,,,25,1.9,43,3.3,1.3
49,2013,11,51,3.9,39,2.9,19,1.5,,,26,2,49,3.8,1.4
49,2013,12,50,3.8,41,3,18,1.4,,,24,1.8,45,3.4,1.3
49,2014,1,50,3.8,45,3.3,16,1.2,,,26,2,44,3.4,1.2
49,2014,2,49,3.7,41,3,17,1.3,,,28,2.1,48,3.7,1.3
49,2014,3,53,4,44,3.2,18,1.4,,,29,2.2,50,3.8,1.2
49,2014,4,48,3.6,43,3.2,16,1.2,,,26,2,46,3.5,1.2
49,2014,5,45,3.4,44,3.2,18,1.4,,,25,1.9,47,3.6,1.2
49,2014,6,51,3.9,51,3.7,17,1.3,,,26,2,46,3.5,1
49,2014,7,48,3.6,47,3.4,16,1.2,,,29,2.2,48,3.6,1.1
49,2014,8,51,3.8,57,4.1,16,1.2,,,25,1.9,45,3.4,0.9
49,2014,9,53,4,49,3.5,17,1.3,,,29,2.2,49,3.7,1
49,2014,10,49,3.7,50,3.6,15,1.1,,,27,2,46,3.4,1
49,2014,11,44,3.3,49,3.5,15,1.1,,,25,1.9,44,3.3,1
49,2014,12,51,3.8,54,3.8,15,1.1,,,24,1.8,46,3.4,0.9
49,2015,1,47,3.5,51,3.6,17,1.3,,,26,1.9,45,3.3,1
49,2015,2,58,4.3,58,4.1,15,1.1,,,32,2.4,49,3.6,0.9
49,2015,3,51,3.7,56,3.9,17,1.2,,,28,2.1,50,3.7,0.9
49,2015,4,52,3.8,59,4.1,16,1.2,,,29,2.1,47,3.4,0.9
49,2015,5,55,4,58,4.1,16,1.2,,,29,2.1,48,3.5,0.9
49,2015,6,54,3.9,53,3.7,19,1.4,,,28,2,51,3.7,1
49,2015,7,57,4.1,66,4.6,18,1.3,,,25,1.8,46,3.3,0.8
49,2015,8,54,3.9,56,3.9,16,1.2,,,28,2,49,3.5,0.9
49,2015,9,51,3.7,59,4.1,17,1.2,,,30,2.2,51,3.7,0.9
49,2015,10,54,3.9,58,4,17,1.2,,,30,2.2,50,3.6,0.9
49,2015,11,57,4.1,56,3.9,20,1.4,,,29,2.1,53,3.8,0.9
49,2015,12,54,3.9,58,4,18,1.3,,,29,2.1,51,3.6,0.9
49,2016,1,56,4,56,3.8,17,1.2,,,32,2.3,54,3.8,0.9
49,2016,2,59,4.2,57,3.9,15,1.1,,,29,2.1,48,3.4,0.9
49,2016,3,56,4,63,4.3,12,0.8,,,30,2.1,46,3.3,0.8
49,2016,4,67,4.7,65,4.4,20,1.4,,,33,2.3,57,4,0.8
49,2016,5,67,4.7,64,4.3,17,1.2,,,34,2.4,55,3.9,0.8
49,2016,6,62,4.4,61,4.1,16,1.1,,,32,2.2,51,3.6,0.8
49,2016,7,60,4.2,59,4,17,1.2,,,38,2.7,58,4,0.8
49,2016,8,65,4.5,60,4,24,1.7,,,37,2.6,64,4.5,0.8
49,2016,9,66,4.6,60,4,19,1.3,,,35,2.4,57,4,0.8
49,2016,10,59,4.1,59,3.9,21,1.5,,,36,2.5,60,4.2,0.8
49,2016,11,61,4.2,66,4.4,21,1.5,,,36,2.5,59,4.1,0.7
49,2016,12,65,4.5,60,4,17,1.2,,,38,2.6,59,4.1,0.8
49,2017,1,67,4.6,61,4,17,1.2,,,42,2.9,63,4.4,0.8
49,2017,2,62,4.3,59,3.9,21,1.4,,,37,2.6,61,4.2,0.8
49,2017,3,59,4,60,4,16,1.1,,,37,2.5,57,3.9,0.8
49,2017,4,59,4,62,4.1,19,1.3,,,39,2.7,62,4.3,0.8
49,2017,5,69,4.7,63,4.1,18,1.2,,,38,2.6,60,4.1,0.8
49,2017,6,65,4.4,67,4.4,21,1.4,,,44,3,68,4.6,0.7
49,2017,7,76,5.2,70,4.5,23,1.6,,,37,2.5,63,4.3,0.7
49,2017,8,73,5,70,4.5,24,1.6,,,42,2.9,70,4.8,0.7
49,2017,9,79,5.4,73,4.7,26,1.8,,,48,3.3,77,5.2,0.7
49,2017,10,80,5.4,73,4.7,23,1.6,,,55,3.7,84,5.7,0.7
49,2017,11,79,5.3,69,4.4,17,1.1,,,51,3.4,72,4.8,0.7
49,2017,12,82,5.5,68,4.4,28,1.9,,,50,3.4,81,5.4,0.7
49,2018,1,82,5.5,81,5.1,26,1.7,,,47,3.1,78,5.2,0.6
49,2018,2,78,5.2,73,4.6,33,2.2,,,46,3.1,82,5.5,0.6
49,2018,3,80,5.3,70,4.4,25,1.7,,,50,3.3,78,5.2,0.7
49,2018,4,81,5.4,72,4.6,21,1.4,,,49,3.3,74,4.9,0.6
49,2018,5,73,4.8,66,4.2,18,1.2,,,56,3.7,78,5.2,0.7
49,2018,6,80,5.3,72,4.5,20,1.3,,,49,3.2,73,4.8,0.6
49,2018,7,72,4.7,78,4.9,20,1.3,,,56,3.7,81,5.3,0.6
49,2018,8,76,5,80,5,18,1.2,,,49,3.2,71,4.7,0.6
49,2018,9,73,4.8,83,5.2,16,1,,,51,3.3,70,4.6,0.6
49,2018,10,82,5.4,97,6,23,1.5,,,50,3.3,76,5,0.5
49,2018,11,88,5.7,85,5.3,27,1.8,,,47,3.1,77,5,0.5
49,2018,12,82,5.3,83,5.1,30,2,,,51,3.3,84,5.5,0.5
49,2019,1,78,5.1,89,5.5,27,1.8,,,51,3.3,81,5.3,0.5
49,2019,2,79,5.1,79,4.9,15,1,,,54,3.5,73,4.7,0.6
49,2019,3,83,5.4,87,5.3,28,1.8,,,60,3.9,93,6,0.5
49,2019,4,86,5.5,85,5.2,32,2.1,,,51,3.3,87,5.6,0.5
49,2019,5,66,4.2,81,5,23,1.5,,,44,2.8,69,4.4,0.5
49,2019,6,72,4.6,84,5.1,20,1.3,,,48,3.1,71,4.6,0.5
49,2019,7,71,4.6,84,5.1,24,1.5,,,43,2.8,70,4.5,0.5
49,2019,8,68,4.4,78,4.8,20,1.3,,,45,2.9,68,4.4,0.5
49,2019,9,68,4.3,74,4.5,19,1.2,,,42,2.7,64,4.1,0.5
49,2019,10,63,4,72,4.4,21,1.3,,,41,2.6,66,4.2,0.5
49,2019,11,58,3.7,74,4.5,17,1.1,,,44,2.8,65,4.1,0.5
49,2019,12,63,4,75,4.6,18,1.1,,,42,2.7,63,4,0.5
49,2020,1,68,4.3,73,4.4,17,1.1,,,44,2.8,65,4.1,0.6
49,2020,2,66,4.2,76,4.6,19,1.2,,,42,2.7,64,4.1,0.5
49,2020,3,63,4,69,4.2,112,7.1,,,34,2.2,149,9.5,0.6
49,2020,4,66,4.6,72,4.8,79,5.5,,,14,1,96,6.7,2.2
49,2020,5,98,6.6,71,4.6,21,1.4,,,21,1.4,44,3,1.8
49,2020,6,68,4.5,63,4,23,1.5,,,26,1.7,53,3.5,1.7
49,2020,7,71,4.7,64,4,18,1.2,,,34,2.2,55,3.6,1.5
49,2020,8,71,4.6,68,4.2,18,1.2,,,39,2.5,61,4,1.2
49,2020,9,68,4.4,66,4.1,27,1.7,,,36,2.3,65,4.2,1.1
49,2020,10,78,5,67,4.1,13,0.8,,,36,2.3,53,3.4,1
49,2020,11,62,4,76,4.6,18,1.1,,,36,2.3,58,3.7,0.8
49,2020,12,64,4.1,78,4.7,18,1.1,,,35,2.2,56,3.6,0.8
49,2021,1,59,3.7,75,4.5,15,0.9,,,34,2.2,52,3.3,0.8
49,2021,2,73,4.6,85,5.1,13,0.8,,,53,3.3,68,4.3,0.6
49,2021,3,62,3.9,84,5,15,0.9,,,48,3,68,4.3,0.6
49,2021,4,66,4.1,93,5.5,14,0.9,,,51,3.2,69,4.3,0.5
49,2021,5,70,4.4,101,5.9,13,0.8,,,46,2.9,63,3.9,0.5
49,2021,6,77,4.8,122,7,11,0.7,,,51,3.2,66,4.1,0.4
49,2021,7,77,4.7,118,6.8,18,1.1,,,46,2.8,68,4.2,0.4
49,2021,8,75,4.6,120,6.9,12,0.7,,,39,2.4,55,3.4,0.4
49,2021,9,65,4,107,6.2,13,0.8,,,61,3.8,78,4.8,0.4
49,2021,10,70,4.3,114,6.5,11,0.7,,,52,3.2,68,4.2,0.4
49,2021,11,88,5.4,112,6.4,13,0.8,,,58,3.5,75,4.6,0.3
49,2021,12,76,4.6,127,7.2,13,0.8,,,56,3.4,73,4.4,0.3
49,2022,1,82,5,130,7.3,15,0.9,,,54,3.3,73,4.4,0.3
49,2022,2,84,5.1,124,6.9,14,0.8,,,47,2.8,65,3.9,0.3
49,2022,3,82,4.9,130,7.2,9,0.5,,,66,4,78,4.7,0.3
49,2022,4,79,4.7,121,6.7,11,0.7,,,48,2.9,62,3.7,0.3
49,2022,5,71,4.2,124,6.9,15,0.9,,,47,2.8,65,3.9,0.3
49,2022,6,71,4.2,114,6.4,17,1,,,45,2.7,65,3.9,0.4
49,2022,7,68,4,116,6.4,16,0.9,,,42,2.5,66,3.9,0.4
49,2022,8,85,5,112,6.2,17,1,,,52,3.1,72,4.3,0.4
49,2022,9,80,4.7,114,6.3,18,1.1,,,54,3.2,76,4.5,0.4
49,2022,10,72,4.2,109,6,21,1.2,,,46,2.7,71,4.2,0.4
49,2022,11,73,4.3,113,6.2,16,0.9,,,52,3.1,72,4.2,0.4
49,2022,12,76,4.5,137,7.5,16,0.9,,,66,3.9,86,5.1,0.3
49,2023,1,72,4.2,107,5.9,18,1.1,,,44,2.6,65,3.8,0.4
49,2023,2,71,4.2,106,5.8,15,0.9,,,45,2.6,63,3.7,0.4
49,2023,3,66,3.9,106,5.8,20,1.2,,,44,2.6,69,4,0.4
49,2023,4,63,3.7,118,6.4,19,1.1,,,42,2.5,64,3.7,0.4
49,2023,5,70,4.1,105,5.8,18,1,,,44,2.6,66,3.8,0.4
49,2023,6,63,3.6,101,5.5,16,0.9,,,43,2.5,61,3.5,0.5
49,2023,7,67,3.9,98,5.4,20,1.2,,,51,3,74,4.3,0.5
49,2023,8,63,3.7,127,6.9,17,1,,,56,3.2,77,4.5,0.4
49,2023,9,69,4,100,5.5,17,1,,,46,2.7,66,3.8,0.5
49,2023,10,71,4.1,94,5.2,16,0.9,,,43,2.5,62,3.6,0.6
49,2023,11,65,3.8,86,4.7,19,1.1,,,48,2.8,71,4.1,0.6
49,2023,12,62,3.6,83,4.6,24,1.4,,,45,2.6,73,4.2,0.7
49,2024,1,67,3.9,85,4.7,18,1,,,49,2.8,69,4,0.6
49,2024,2,62,3.6,84,4.6,23,1.3,,,48,2.8,77,4.4,0.7
49,2024,3,62,3.6,86,4.7,21,1.2,,,42,2.4,66,3.8,0.7
49,2024,4,64,3.7,75,4.1,22,1.3,,,43,2.5,70,4,0.8
49,2024,5,68,3.9,84,4.6,27,1.6,,,47,2.7,77,4.4,0.7
49,2024,6,67,3.9,81,4.4,18,1,,,41,2.4,63,3.6,0.8
49,2024,7,66,3.8,69,3.8,19,1.1,,,37,2.1,60,3.4,0.9
49,2024,8,62,3.6,77,4.2,23,1.3,,,34,1.9,60,3.4,0.8
49,2024,9,57,3.3,71,3.9,19,1.1,,,31,1.8,53,3,0.9
49,2024,10,58,3.3,84,4.6,19,1.1,,,41,2.3,64,3.6,0.7
49,2024,11,62,3.5,79,4.3,21,1.2,,,31,1.8,54,3.1,0.8
49,2024,12,77,4.4,81,4.4,16,0.9,,,36,2,54,3.1,0.8
49,2025,1,53,3,82,4.4,17,1,,,36,2,58,3.3,0.7
49,2025,2,61,3.5,81,4.4,21,1.2,,,38,2.2,61,3.5,0.8
49,2025,3,62,3.5,77,4.2,21,1.2,,,37,2.1,61,3.5,0.8
49,2025,4,64,3.6,74,4,19,1.1,,,46,2.6,68,3.8,0.9
49,2025,5,73,4.1,65,3.5,21,1.2,,,40,2.3,66,3.7,1
49,2025,6,64,3.6,71,3.9,27,1.5,,,39,2.2,70,4,0.9
49,2025,7,65,3.7,74,4,21,1.2,,,39,2.2,63,3.6,0.9
49,2025,8,62,3.5,73,4,20,1.1,,,39,2.2,62,3.5,0.9
49,2025,9,71,4,79,4.3,21,1.2,,,38,2.1,64,3.6,0.8
49,2025,10,66,3.7,73,4,23,1.3,,,41,2.3,68,3.8,
49,2025,11,56,3.2,65,3.5,18,1,,,38,2.1,59,3.3,1
49,2025,12,62,3.5,64,3.5,17,1,,,37,2.1,57,3.2,1.1
50,2012,1,11,3.6,9,2.9,5,1.6,,,6,2,11,3.6,1.9
50,2012,2,12,3.9,9,2.9,6,2,,,5,1.6,12,3.9,1.9
50,2012,3,12,3.9,10,3.2,6,2,,,5,1.6,12,3.9,1.7
50,2012,4,14,4.6,12,3.8,6,2,,,6,2,13,4.3,1.4
50,2012,5,10,3.3,10,3.2,5,1.6,,,4,1.3,10,3.3,1.7
50,2012,6,12,3.9,10,3.2,5,1.6,,,5,1.6,11,3.6,1.7
50,2012,7,11,3.6,10,3.2,5,1.6,,,4,1.3,10,3.3,1.7
50,2012,8,11,3.6,10,3.2,5,1.6,,,5,1.6,11,3.6,1.7
50,2012,9,12,3.9,9,2.9,5,1.6,,,4,1.3,10,3.3,1.9
50,2012,10,9,3,9,2.9,5,1.6,,,5,1.6,11,3.6,1.9
50,2012,11,12,3.9,11,3.5,5,1.6,,,4,1.3,11,3.6,1.5
50,2012,12,11,3.6,9,2.9,5,1.6,,,5,1.6,10,3.3,1.8
50,2013,1,10,3.3,9,2.9,5,1.6,,,6,2,12,3.9,1.8
50,2013,2,12,3.9,10,3.2,5,1.6,,,5,1.6,12,3.9,1.6
50,2013,3,13,4.2,11,3.5,8,2.6,,,5,1.6,14,4.6,1.5
50,2013,4,10,3.3,9,2.8,6,2,,,5,1.6,11,3.6,1.8
50,2013,5,11,3.6,10,3.2,5,1.6,,,6,2,13,4.2,1.6
50,2013,6,11,3.6,11,3.5,6,2,,,5,1.6,12,3.9,1.4
50,2013,7,11,3.6,10,3.2,5,1.6,,,5,1.6,11,3.6,1.6
50,2013,8,13,4.2,11,3.5,5,1.6,,,5,1.6,12,3.9,1.4
50,2013,9,11,3.6,10,3.2,5,1.6,,,6,2,11,3.6,1.5
50,2013,10,11,3.6,9,2.8,4,1.3,,,6,2,11,3.6,1.7
50,2013,11,11,3.6,10,3.1,4,1.3,,,5,1.6,10,3.2,1.5
50,2013,12,10,3.2,10,3.1,5,1.6,,,5,1.6,11,3.6,1.5
50,2014,1,11,3.6,10,3.1,6,1.9,,,5,1.6,12,3.9,1.4
50,2014,2,11,3.6,10,3.1,4,1.3,,,5,1.6,11,3.6,1.4
50,2014,3,11,3.6,10,3.1,4,1.3,,,6,1.9,11,3.6,1.4
50,2014,4,12,3.9,12,3.7,4,1.3,,,6,1.9,11,3.6,1.2
50,2014,5,12,3.9,11,3.4,6,1.9,,,5,1.6,12,3.9,1.3
50,2014,6,11,3.5,13,4,5,1.6,,,5,1.6,11,3.5,1.1
50,2014,7,11,3.6,11,3.4,4,1.3,,,6,1.9,11,3.6,1.3
50,2014,8,11,3.5,12,3.7,4,1.3,,,4,1.3,10,3.2,1.1
50,2014,9,11,3.5,11,3.4,5,1.6,,,6,1.9,11,3.5,1.2
50,2014,10,11,3.5,12,3.7,5,1.6,,,6,1.9,12,3.9,1.1
50,2014,11,12,3.9,12,3.7,4,1.3,,,6,1.9,11,3.5,1.1
50,2014,12,15,4.8,12,3.7,6,1.9,,,7,2.3,13,4.2,1.1
50,2015,1,12,3.8,14,4.3,5,1.6,,,6,1.9,12,3.8,0.9
50,2015,2,13,4.2,13,4,5,1.6,,,6,1.9,12,3.8,1
50,2015,3,13,4.2,11,3.4,5,1.6,,,6,1.9,12,3.8,1.1
50,2015,4,11,3.5,12,3.7,6,1.9,,,5,1.6,13,4.2,1
50,2015,5,12,3.8,14,4.3,4,1.3,,,6,1.9,12,3.8,0.9
50,2015,6,12,3.8,12,3.7,5,1.6,,,6,1.9,12,3.8,1
50,2015,7,14,4.5,17,5.2,4,1.3,,,7,2.2,13,4.2,0.7
50,2015,8,14,4.5,12,3.7,6,1.9,,,7,2.2,14,4.5,1
50,2015,9,13,4.2,13,4,5,1.6,,,6,1.9,12,3.8,0.9
50,2015,10,13,4.2,14,4.3,5,1.6,,,6,1.9,13,4.2,0.8
50,2015,11,14,4.5,14,4.3,5,1.6,,,6,1.9,13,4.2,0.8
50,2015,12,14,4.5,14,4.3,5,1.6,,,7,2.2,14,4.5,0.8
50,2016,1,13,4.2,16,4.9,5,1.6,,,7,2.2,13,4.2,0.7
50,2016,2,14,4.5,14,4.3,6,1.9,,,7,2.2,13,4.2,0.8
50,2016,3,13,4.2,14,4.3,6,1.9,,,7,2.2,14,4.5,0.8
50,2016,4,13,4.2,13,4,6,1.9,,,7,2.2,14,4.5,0.8
50,2016,5,11,3.5,14,4.3,4,1.3,,,5,1.6,10,3.2,0.8
50,2016,6,13,4.2,14,4.3,5,1.6,,,7,2.2,13,4.2,0.8
50,2016,7,12,3.8,13,4,4,1.3,,,6,1.9,12,3.8,0.8
50,2016,8,13,4.1,14,4.3,5,1.6,,,7,2.2,13,4.1,0.8
50,2016,9,14,4.5,15,4.6,4,1.3,,,7,2.2,12,3.8,0.7
50,2016,10,13,4.1,13,4,4,1.3,,,7,2.2,12,3.8,0.8
50,2016,11,12,3.8,14,4.3,5,1.6,,,8,2.6,13,4.1,0.8
50,2016,12,15,4.8,14,4.3,5,1.6,,,7,2.2,13,4.1,0.8
50,2017,1,13,4.1,13,4,5,1.6,,,7,2.2,13,4.1,0.8
50,2017,2,12,3.8,14,4.3,7,2.2,,,7,2.2,15,4.8,0.8
50,2017,3,13,4.1,16,4.8,4,1.3,,,7,2.2,12,3.8,0.7
50,2017,4,15,4.8,17,5.1,4,1.3,,,6,1.9,11,3.5,0.6
50,2017,5,15,4.8,14,4.3,5,1.6,,,7,2.2,13,4.1,0.7
50,2017,6,14,4.4,15,4.5,5,1.6,,,7,2.2,13,4.1,0.7
50,2017,7,17,5.4,17,5.1,6,1.9,,,7,2.2,14,4.4,0.6
50,2017,8,12,3.8,15,4.5,6,1.9,,,6,1.9,13,4.1,0.7
50,2017,9,13,4.1,15,4.5,5,1.6,,,7,2.2,13,4.1,0.7
50,2017,10,14,4.4,15,4.5,5,1.6,,,9,2.9,15,4.8,0.7
50,2017,11,12,3.8,15,4.5,5,1.6,,,7,2.2,13,4.1,0.7
50,2017,12,12,3.8,16,4.8,4,1.3,,,7,2.2,12,3.8,0.6
50,2018,1,11,3.5,13,4,5,1.6,,,6,1.9,12,3.8,0.8
50,2018,2,13,4.1,17,5.1,4,1.3,,,7,2.2,12,3.8,0.6
50,2018,3,13,4.1,16,4.8,5,1.6,,,7,2.2,13,4.1,0.6
50,2018,4,13,4.1,15,4.5,4,1.3,,,8,2.5,13,4.1,0.6
50,2018,5,13,4.1,16,4.8,4,1.3,,,6,1.9,12,3.8,0.6
50,2018,6,14,4.4,18,5.4,5,1.6,,,7,2.2,13,4.1,0.5
50,2018,7,17,5.4,20,5.9,5,1.6,,,7,2.2,13,4.1,0.4
50,2018,8,14,4.4,17,5.1,4,1.3,,,7,2.2,12,3.8,0.5
50,2018,9,12,3.8,17,5.1,5,1.6,,,7,2.2,13,4.1,0.5
50,2018,10,14,4.4,17,5.1,5,1.6,,,6,1.9,13,4.1,0.5
50,2018,11,13,4.1,17,5.1,4,1.3,,,6,1.9,12,3.8,0.5
50,2018,12,14,4.4,17,5.1,4,1.3,,,8,2.5,13,4.1,0.5
50,2019,1,13,4.1,17,5.1,4,1.3,,,7,2.2,11,3.5,0.5
50,2019,2,13,4.1,16,4.8,4,1.3,,,6,1.9,11,3.5,0.5
50,2019,3,13,4.1,16,4.8,4,1.3,,,8,2.5,13,4.1,0.5
50,2019,4,13,4.1,15,4.5,5,1.6,,,6,1.9,12,3.8,0.5
50,2019,5,14,4.4,18,5.4,5,1.6,,,8,2.5,14,4.4,0.4
50,2019,6,14,4.4,17,5.1,5,1.6,,,7,2.2,13,4.1,0.4
50,2019,7,13,4.1,16,4.8,4,1.3,,,7,2.2,12,3.8,0.4
50,2019,8,13,4.1,16,4.8,4,1.3,,,7,2.2,12,3.8,0.5
50,2019,9,13,4.1,16,4.8,5,1.6,,,7,2.2,12,3.8,0.5
50,2019,10,13,4.1,16,4.8,5,1.6,,,7,2.2,12,3.8,0.5
50,2019,11,14,4.4,16,4.8,5,1.6,,,7,2.2,13,4.1,0.5
50,2019,12,13,4.1,15,4.5,5,1.6,,,6,1.9,12,3.8,0.5
50,2020,1,14,4.4,17,5.1,5,1.6,,,7,2.2,13,4.1,0.4
50,2020,2,13,4.1,16,4.8,5,1.6,,,7,2.2,12,3.8,0.5
50,2020,3,11,3.5,14,4.3,39,12.5,,,5,1.6,45,14.4,0.6
50,2020,4,9,3.6,12,4.6,28,11.2,,,2,0.8,30,12.1,4.2
50,2020,5,19,7.2,12,4.4,4,1.5,,,0,0,5,1.9,2.7
50,2020,6,17,6.2,12,4.2,4,1.5,,,5,1.8,9,3.3,2.2
50,2020,7,11,4,8,2.8,4,1.4,,,5,1.8,9,3.2,2.8
50,2020,8,13,4.6,13,4.4,3,1.1,,,4,1.4,8,2.8,1.4
50,2020,9,14,4.8,16,5.2,5,1.7,,,5,1.7,11,3.8,1
50,2020,10,13,4.5,15,4.9,4,1.4,,,6,2.1,11,3.8,1
50,2020,11,11,3.8,13,4.3,5,1.7,,,6,2.1,12,4.2,1.1
50,2020,12,12,4.2,14,4.7,6,2.1,,,6,2.1,13,4.6,1
50,2021,1,11,3.8,14,4.7,4,1.4,,,6,2.1,11,3.8,1
50,2021,2,13,4.5,16,5.3,4,1.4,,,6,2.1,11,3.8,0.9
50,2021,3,13,4.5,19,6.2,3,1,,,7,2.4,11,3.8,0.7
50,2021,4,15,5.1,24,7.6,3,1,,,6,2,10,3.4,0.6
50,2021,5,12,4.1,24,7.5,3,1,,,7,2.4,11,3.7,0.5
50,2021,6,13,4.4,23,7.2,3,1,,,7,2.4,11,3.7,0.5
50,2021,7,13,4.4,26,8,3,1,,,9,3,13,4.4,0.4
50,2021,8,13,4.4,23,7.2,3,1,,,8,2.7,12,4,0.5
50,2021,9,13,4.4,23,7.2,5,1.7,,,9,3,14,4.7,0.4
50,2021,10,13,4.3,24,7.4,3,1,,,9,3,13,4.3,0.4
50,2021,11,13,4.3,24,7.4,4,1.3,,,10,3.3,14,4.7,0.4
50,2021,12,14,4.7,26,8,3,1,,,9,3,12,4,0.3
50,2022,1,14,4.7,27,8.2,3,1,,,9,3,13,4.3,0.3
50,2022,2,14,4.6,25,7.7,3,1,,,10,3.3,14,4.6,0.3
50,2022,3,13,4.3,26,7.9,3,1,,,8,2.6,12,4,0.3
50,2022,4,14,4.6,26,7.9,3,1,,,8,2.6,11,3.6,0.3
50,2022,5,13,4.3,25,7.6,3,1,,,9,3,12,4,0.3
50,2022,6,12,4,24,7.3,3,1,,,8,2.6,13,4.3,0.3
50,2022,7,11,3.6,23,7,3,1,,,7,2.3,11,3.6,0.3
50,2022,8,12,3.9,19,5.9,3,1,,,9,2.9,13,4.3,0.4
50,2022,9,12,3.9,23,7,3,1,,,8,2.6,12,3.9,0.4
50,2022,10,13,4.2,22,6.7,3,1,,,8,2.6,11,3.6,0.4
50,2022,11,13,4.2,23,7,3,1,,,7,2.3,11,3.6,0.3
50,2022,12,13,4.3,22,6.7,4,1.3,,,8,2.6,13,4.3,0.4
50,2023,1,12,3.9,20,6.1,4,1.3,,,7,2.3,11,3.6,0.4
50,2023,2,12,3.9,20,6.1,3,1,,,7,2.3,11,3.6,0.3
50,2023,3,13,4.2,21,6.4,4,1.3,,,7,2.3,11,3.6,0.3
50,2023,4,15,4.8,18,5.5,3,1,,,7,2.3,11,3.6,0.4
50,2023,5,12,3.9,17,5.2,3,1,,,9,2.9,13,4.2,0.4
50,2023,6,12,3.9,18,5.5,3,1,,,6,1.9,10,3.2,0.4
50,2023,7,10,3.2,18,5.5,3,1,,,8,2.6,12,3.9,0.4
50,2023,8,13,4.2,18,5.5,4,1.3,,,6,1.9,11,3.6,0.4
50,2023,9,12,3.9,19,5.8,2,0.6,,,7,2.3,10,3.2,0.4
50,2023,10,12,3.9,18,5.5,6,1.9,,,7,2.3,13,4.2,0.4
50,2023,11,11,3.5,16,4.9,4,1.3,,,7,2.3,12,3.9,0.4
50,2023,12,12,3.9,17,5.2,4,1.3,,,6,1.9,11,3.5,0.4
50,2024,1,15,4.8,19,5.7,4,1.3,,,8,2.6,13,4.2,0.4
50,2024,2,11,3.5,16,4.9,4,1.3,,,6,1.9,11,3.5,0.5
50,2024,3,10,3.2,17,5.2,4,1.3,,,7,2.2,12,3.8,0.4
50,2024,4,11,3.5,14,4.3,5,1.6,,,7,2.2,12,3.9,0.5
50,2024,5,11,3.5,17,5.2,4,1.3,,,7,2.2,11,3.5,0.5
50,2024,6,12,3.8,17,5.2,4,1.3,,,8,2.6,12,3.8,0.5
50,2024,7,11,3.5,17,5.2,4,1.3,,,6,1.9,11,3.5,0.5
50,2024,8,12,3.8,17,5.1,3,1,,,6,1.9,11,3.5,0.5
50,2024,9,11,3.5,15,4.6,4,1.3,,,7,2.2,11,3.5,0.6
50,2024,10,11,3.5,15,4.6,3,1,,,5,1.6,9,2.9,0.6
50,2024,11,11,3.5,15,4.6,4,1.3,,,4,1.3,9,2.9,0.6
50,2024,12,7,2.2,12,3.7,4,1.3,,,6,1.9,10,3.2,0.7
50,2025,1,11,3.5,16,4.8,4,1.3,,,6,1.9,11,3.5,0.6
50,2025,2,11,3.5,16,4.9,5,1.6,,,7,2.2,13,4.2,0.6
50,2025,3,11,3.5,15,4.6,3,1,,,7,2.2,11,3.5,0.6
50,2025,4,11,3.5,16,4.9,3,1,,,7,2.2,10,3.2,0.6
50,2025,5,13,4.2,16,4.9,4,1.3,,,6,1.9,10,3.2,0.6
50,2025,6,11,3.5,16,4.9,4,1.3,,,6,1.9,10,3.2,0.6
50,2025,7,10,3.2,15,4.6,4,1.3,,,6,1.9,10,3.2,0.6
50,2025,8,10,3.2,14,4.3,4,1.3,,,6,1.9,10,3.2,0.6
50,2025,9,11,3.5,14,4.3,4,1.3,,,6,1.9,10,3.2,0.7
50,2025,10,11,3.5,15,4.6,5,1.6,,,6,1.9,12,3.9,
50,2025,11,11,3.5,14,4.3,3,1,,,5,1.6,8,2.6,0.7
50,2025,12,9,2.9,11,3.4,3,1,,,7,2.2,11,3.5,0.8
51,2012,1,110,3,164,4.2,56,1.5,,,46,1.2,111,3,1.5
51,2012,2,121,3.2,129,3.3,97,2.6,,,75,2,181,4.9,1.9
51,2012,3,117,3.1,125,3.2,28,0.7,,,67,1.8,102,2.7,2
51,2012,4,145,3.9,124,3.2,40,1.1,,,63,1.7,109,2.9,2
51,2012,5,143,3.8,126,3.3,41,1.1,,,69,1.9,117,3.1,2
51,2012,6,125,3.4,135,3.5,69,1.9,,,57,1.5,134,3.6,1.8
51,2012,7,120,3.2,128,3.3,38,1,,,68,1.8,115,3.1,1.9
51,2012,8,122,3.3,130,3.4,48,1.3,,,62,1.7,117,3.1,1.9
51,2012,9,127,3.4,114,3,40,1.1,,,53,1.4,103,2.8,2.1
51,2012,10,124,3.3,127,3.3,54,1.4,,,61,1.6,121,3.2,1.9
51,2012,11,121,3.2,135,3.5,44,1.2,,,64,1.7,125,3.3,1.8
51,2012,12,132,3.5,119,3.1,34,0.9,,,55,1.5,99,2.6,2
51,2013,1,169,4.5,131,3.4,38,1,,,60,1.6,113,3,1.8
51,2013,2,143,3.8,137,3.5,39,1,,,65,1.7,109,2.9,1.7
51,2013,3,103,2.7,140,3.6,41,1.1,,,58,1.5,110,2.9,1.7
51,2013,4,115,3.1,129,3.3,55,1.5,,,70,1.9,135,3.6,1.8
51,2013,5,119,3.2,123,3.2,45,1.2,,,57,1.5,112,3,1.9
51,2013,6,122,3.2,131,3.4,56,1.5,,,67,1.8,131,3.5,1.8
51,2013,7,123,3.3,127,3.3,76,2,,,44,1.2,130,3.5,1.9
51,2013,8,123,3.3,129,3.3,50,1.3,,,55,1.5,117,3.1,1.8
51,2013,9,116,3.1,152,3.9,40,1.1,,,65,1.7,116,3.1,1.5
51,2013,10,110,2.9,118,3,38,1,,,76,2,124,3.3,2
51,2013,11,129,3.4,112,2.9,24,0.6,,,58,1.5,92,2.4,2
51,2013,12,126,3.3,104,2.7,51,1.4,,,64,1.7,126,3.3,2.2
51,2014,1,118,3.1,103,2.7,45,1.2,,,66,1.8,120,3.2,2.2
51,2014,2,118,3.1,147,3.8,44,1.2,,,56,1.5,111,3,1.5
51,2014,3,127,3.4,136,3.5,52,1.4,,,69,1.8,132,3.5,1.6
51,2014,4,123,3.3,142,3.6,50,1.3,,,64,1.7,124,3.3,1.6
51,2014,5,111,2.9,165,4.2,41,1.1,,,68,1.8,118,3.1,1.3
51,2014,6,154,4.1,161,4.1,44,1.2,,,72,1.9,129,3.4,1.4
51,2014,7,149,3.9,142,3.6,43,1.1,,,68,1.8,124,3.3,1.5
51,2014,8,130,3.4,155,3.9,48,1.3,,,73,1.9,130,3.4,1.4
51,2014,9,136,3.6,143,3.6,60,1.6,,,74,2,145,3.8,1.5
51,2014,10,128,3.4,175,4.4,46,1.2,,,70,1.8,128,3.4,1.2
51,2014,11,117,3.1,154,3.9,46,1.2,,,61,1.6,114,3,1.3
51,2014,12,130,3.4,175,4.4,42,1.1,,,67,1.8,119,3.1,1.2
51,2015,1,139,3.6,165,4.1,46,1.2,,,64,1.7,119,3.1,1.2
51,2015,2,124,3.3,153,3.9,98,2.6,,,76,2,181,4.7,1.3
51,2015,3,123,3.2,146,3.7,42,1.1,,,70,1.8,122,3.2,1.3
51,2015,4,139,3.6,169,4.2,38,1,,,73,1.9,126,3.3,1.1
51,2015,5,149,3.9,173,4.3,65,1.7,,,70,1.8,157,4.1,1.1
51,2015,6,136,3.5,153,3.8,41,1.1,,,68,1.8,122,3.2,1.2
51,2015,7,128,3.3,180,4.4,43,1.1,,,79,2,134,3.5,1
51,2015,8,140,3.6,177,4.4,30,0.8,,,83,2.1,126,3.2,1
51,2015,9,133,3.4,180,4.4,39,1,,,74,1.9,123,3.2,1
51,2015,10,139,3.6,182,4.5,49,1.3,,,65,1.7,124,3.2,1
51,2015,11,148,3.8,184,4.5,50,1.3,,,79,2,143,3.7,0.9
51,2015,12,143,3.7,193,4.7,54,1.4,,,85,2.2,149,3.8,0.9
51,2016,1,109,2.8,191,4.7,35,0.9,,,88,2.3,134,3.4,0.9
51,2016,2,139,3.6,171,4.2,39,1,,,87,2.2,134,3.4,1
51,2016,3,133,3.4,169,4.2,32,0.8,,,67,1.7,108,2.8,1
51,2016,4,150,3.8,177,4.3,38,1,,,87,2.2,138,3.5,1
51,2016,5,126,3.2,138,3.4,33,0.8,,,70,1.8,111,2.8,1.2
51,2016,6,128,3.3,154,3.8,35,0.9,,,83,2.1,131,3.3,1.1
51,2016,7,120,3.1,168,4.1,31,0.8,,,84,2.1,125,3.2,1
51,2016,8,116,3,177,4.3,37,0.9,,,71,1.8,118,3,1
51,2016,9,132,3.4,180,4.4,41,1,,,81,2.1,138,3.5,1
51,2016,10,134,3.4,173,4.2,34,0.9,,,78,2,122,3.1,1
51,2016,11,139,3.5,186,4.5,29,0.7,,,77,2,111,2.8,0.9
51,2016,12,129,3.3,183,4.4,56,1.4,,,90,2.3,154,3.9,0.9
51,2017,1,140,3.6,158,3.9,36,0.9,,,78,2,124,3.2,1.1
51,2017,2,157,4,184,4.5,44,1.1,,,83,2.1,143,3.6,0.9
51,2017,3,155,3.9,186,4.5,36,0.9,,,87,2.2,134,3.4,0.9
51,2017,4,159,4,204,4.9,29,0.7,,,84,2.1,125,3.2,0.8
51,2017,5,149,3.8,201,4.8,66,1.7,,,97,2.5,178,4.5,0.8
51,2017,6,153,3.9,256,6.1,60,1.5,,,97,2.4,164,4.1,0.6
51,2017,7,157,4,190,4.6,36,0.9,,,84,2.1,128,3.2,0.8
51,2017,8,153,3.9,179,4.3,49,1.2,,,83,2.1,148,3.7,0.8
51,2017,9,141,3.6,189,4.5,44,1.1,,,87,2.2,140,3.5,0.8
51,2017,10,130,3.3,179,4.3,45,1.1,,,92,2.3,146,3.7,0.8
51,2017,11,134,3.4,177,4.3,43,1.1,,,86,2.2,138,3.5,0.8
51,2017,12,132,3.3,184,4.4,40,1,,,75,1.9,121,3,0.8
51,2018,1,130,3.3,188,4.5,49,1.2,,,76,1.9,132,3.3,0.8
51,2018,2,130,3.3,188,4.5,36,0.9,,,77,1.9,120,3,0.8
51,2018,3,131,3.3,199,4.7,30,0.7,,,83,2.1,122,3,0.7
51,2018,4,124,3.1,192,4.6,36,0.9,,,99,2.5,141,3.5,0.7
51,2018,5,138,3.4,191,4.5,31,0.8,,,87,2.2,126,3.1,0.7
51,2018,6,146,3.6,211,5,34,0.8,,,85,2.1,124,3.1,0.6
51,2018,7,142,3.5,202,4.8,44,1.1,,,83,2.1,134,3.3,0.6
51,2018,8,144,3.6,203,4.8,55,1.4,,,93,2.3,153,3.8,0.6
51,2018,9,139,3.5,219,5.2,36,0.9,,,85,2.1,127,3.2,0.6
51,2018,10,161,4,186,4.4,25,0.6,,,82,2,114,2.8,0.7
51,2018,11,166,4.1,212,5,32,0.8,,,99,2.5,138,3.4,0.6
51,2018,12,147,3.7,193,4.6,33,0.8,,,82,2,126,3.1,0.7
51,2019,1,150,3.7,211,5,64,1.6,,,81,2,158,3.9,0.6
51,2019,2,165,4.1,216,5.1,40,1,,,92,2.3,141,3.5,0.6
51,2019,3,153,3.8,221,5.2,36,0.9,,,95,2.3,137,3.4,0.6
51,2019,4,159,3.9,212,5,49,1.2,,,89,2.2,145,3.6,0.6
51,2019,5,148,3.7,221,5.2,37,0.9,,,93,2.3,141,3.5,0.5
51,2019,6,155,3.8,220,5.1,64,1.6,,,91,2.2,163,4,0.5
51,2019,7,157,3.9,222,5.2,43,1.1,,,98,2.4,147,3.6,0.5
51,2019,8,148,3.6,222,5.2,43,1.1,,,108,2.7,164,4,0.5
51,2019,9,156,3.8,218,5.1,50,1.2,,,91,2.2,149,3.7,0.5
51,2019,10,190,4.7,251,5.8,54,1.3,,,95,2.3,159,3.9,0.5
51,2019,11,157,3.8,215,5,39,1,,,90,2.2,139,3.4,0.6
51,2019,12,198,4.9,211,4.9,48,1.2,,,96,2.4,154,3.8,0.6
51,2020,1,173,4.2,217,5,33,0.8,,,104,2.5,148,3.6,0.6
51,2020,2,148,3.6,213,5,37,0.9,,,87,2.1,130,3.2,0.6
51,2020,3,121,3,206,4.8,285,7,,,78,1.9,373,9.2,0.7
51,2020,4,79,2.2,157,4.2,182,5,,,53,1.5,245,6.8,3.3
51,2020,5,116,3.2,163,4.3,73,2,,,55,1.5,135,3.7,2.6
51,2020,6,269,7.3,191,4.9,48,1.3,,,64,1.7,123,3.3,2
51,2020,7,152,4,191,4.8,46,1.2,,,70,1.9,125,3.3,1.9
51,2020,8,185,4.8,218,5.4,40,1,,,67,1.8,112,2.9,1.5
51,2020,9,152,3.9,186,4.6,24,0.6,,,81,2.1,116,3,1.6
51,2020,10,175,4.5,210,5.1,58,1.5,,,91,2.3,159,4.1,1.2
51,2020,11,185,4.8,205,5,53,1.4,,,96,2.5,156,4,1.1
51,2020,12,161,4.1,212,5.2,44,1.1,,,85,2.2,134,3.4,1
51,2021,1,156,4,206,5,30,0.8,,,86,2.2,124,3.2,1
51,2021,2,162,4.1,268,6.4,34,0.9,,,88,2.3,132,3.4,0.8
51,2021,3,160,4.1,239,5.7,40,1,,,96,2.4,144,3.7,0.8
51,2021,4,165,4.2,271,6.5,31,0.8,,,119,3,160,4.1,0.7
51,2021,5,168,4.3,281,6.7,45,1.1,,,98,2.5,150,3.8,0.6
51,2021,6,169,4.3,270,6.4,43,1.1,,,107,2.7,161,4.1,0.6
51,2021,7,169,4.2,298,7,25,0.6,,,97,2.4,141,3.5,0.5
51,2021,8,174,4.4,294,6.9,38,1,,,107,2.7,155,3.9,0.5
51,2021,9,180,4.5,332,7.7,30,0.8,,,112,2.8,149,3.7,0.4
51,2021,10,163,4.1,284,6.6,28,0.7,,,97,2.4,132,3.3,0.5
51,2021,11,150,3.7,307,7.1,26,0.6,,,98,2.4,131,3.3,0.4
51,2021,12,167,4.1,293,6.8,33,0.8,,,119,3,164,4.1,0.4
51,2022,1,152,3.8,294,6.8,36,0.9,,,117,2.9,163,4.1,0.4
51,2022,2,174,4.3,305,7,68,1.7,,,92,2.3,169,4.2,0.4
51,2022,3,172,4.3,331,7.6,39,1,,,97,2.4,149,3.7,0.3
51,2022,4,187,4.6,321,7.3,33,0.8,,,117,2.9,157,3.9,0.4
51,2022,5,163,4,308,7,39,1,,,98,2.4,145,3.6,0.4
51,2022,6,161,4,323,7.3,29,0.7,,,108,2.7,148,3.6,0.4
51,2022,7,207,5,336,7.6,34,0.8,,,110,2.7,155,3.8,0.3
51,2022,8,167,4.1,312,7,42,1,,,109,2.6,162,3.9,0.4
51,2022,9,165,4,341,7.6,33,0.8,,,117,2.8,161,3.9,0.4
51,2022,10,165,4,348,7.8,37,0.9,,,125,3,169,4.1,0.4
51,2022,11,180,4.4,330,7.4,41,1,,,115,2.8,165,4,0.4
51,2022,12,185,4.5,346,7.7,40,1,,,113,2.7,162,3.9,0.4
51,2023,1,181,4.4,348,7.7,60,1.4,,,93,2.2,160,3.9,0.4
51,2023,2,185,4.4,346,7.7,28,0.7,,,118,2.8,155,3.7,0.4
51,2023,3,180,4.3,343,7.6,46,1.1,,,132,3.2,186,4.5,0.4
51,2023,4,165,4,274,6.2,64,1.5,,,94,2.3,166,4,0.4
51,2023,5,189,4.5,298,6.7,42,1,,,129,3.1,179,4.3,0.4
51,2023,6,183,4.4,279,6.2,49,1.2,,,112,2.7,168,4,0.4
51,2023,7,174,4.2,234,5.3,67,1.6,,,110,2.6,184,4.4,0.5
51,2023,8,151,3.6,257,5.8,46,1.1,,,113,2.7,167,4,0.5
51,2023,9,171,4.1,260,5.8,40,1,,,103,2.4,152,3.6,0.5
51,2023,10,156,3.7,247,5.5,46,1.1,,,97,2.3,154,3.7,0.5
51,2023,11,159,3.8,265,5.9,35,0.8,,,95,2.3,142,3.4,0.5
51,2023,12,157,3.7,262,5.9,44,1,,,95,2.3,146,3.5,0.5
51,2024,1,160,3.8,260,5.8,55,1.3,,,101,2.4,168,4,0.5
51,2024,2,153,3.6,273,6.1,47,1.1,,,84,2,137,3.2,0.5
51,2024,3,168,4,261,5.8,44,1,,,88,2.1,145,3.4,0.5
51,2024,4,148,3.5,254,5.7,34,0.8,,,80,1.9,125,3,0.5
51,2024,5,180,4.2,243,5.4,49,1.2,,,96,2.3,156,3.7,0.5
51,2024,6,127,3,209,4.7,32,0.8,,,81,1.9,124,2.9,0.6
51,2024,7,132,3.1,242,5.4,37,0.9,,,98,2.3,152,3.6,0.5
51,2024,8,146,3.4,259,5.7,34,0.8,,,86,2,130,3.1,0.5
51,2024,9,158,3.7,241,5.3,45,1.1,,,83,1.9,135,3.2,0.6
51,2024,10,140,3.3,251,5.6,41,1,,,88,2.1,138,3.2,0.6
51,2024,11,121,2.8,242,5.4,40,0.9,,,84,2,135,3.2,0.6
51,2024,12,132,3.1,228,5.1,33,0.8,,,85,2,127,3,0.6
51,2025,1,147,3.4,246,5.4,45,1.1,,,77,1.8,133,3.1,0.6
51,2025,2,129,3,207,4.6,43,1,,,97,2.3,150,3.5,0.7
51,2025,3,148,3.5,209,4.7,35,0.8,,,110,2.6,150,3.5,0.7
51,2025,4,143,3.3,191,4.3,74,1.7,,,78,1.8,161,3.8,0.8
51,2025,5,146,3.4,223,4.9,35,0.8,,,98,2.3,144,3.4,0.7
51,2025,6,153,3.6,221,4.9,37,0.9,,,83,1.9,130,3,0.7
51,2025,7,145,3.4,214,4.8,53,1.2,,,76,1.8,137,3.2,0.7
51,2025,8,147,3.4,216,4.8,45,1.1,,,94,2.2,147,3.4,0.7
51,2025,9,141,3.3,218,4.9,48,1.1,,,88,2.1,149,3.5,0.7
51,2025,10,134,3.2,227,5.1,46,1.1,,,71,1.7,125,2.9,
51,2025,11,153,3.6,218,4.9,54,1.3,,,91,2.1,154,3.6,0.7
51,2025,12,132,3.1,213,4.8,43,1,,,86,2,141,3.3,0.8
53,2012,1,99,3.4,87,2.9,37,1.3,,,42,1.5,84,2.9,3.6
53,2012,2,84,2.9,81,2.7,36,1.2,,,53,1.8,97,3.4,3.9
53,2012,3,101,3.5,91,3,28,1,,,44,1.5,79,2.7,3.4
53,2012,4,88,3,84,2.8,29,1,,,40,1.4,74,2.5,3.7
53,2012,5,89,3.1,93,3.1,32,1.1,,,40,1.4,79,2.7,3.4
53,2012,6,91,3.1,97,3.2,45,1.5,,,42,1.4,90,3.1,3.3
53,2012,7,108,3.7,79,2.6,39,1.3,,,45,1.5,91,3.1,3.9
53,2012,8,90,3.1,85,2.8,38,1.3,,,36,1.2,81,2.8,3.5
53,2012,9,80,2.7,100,3.3,49,1.7,,,40,1.4,93,3.2,2.8
53,2012,10,87,3,91,3,32,1.1,,,34,1.2,76,2.6,2.9
53,2012,11,87,3,95,3.1,32,1.1,,,40,1.4,81,2.7,2.7
53,2012,12,81,2.7,97,3.2,24,0.8,,,35,1.2,66,2.2,2.5
53,2013,1,78,2.6,89,2.9,31,1,,,38,1.3,75,2.5,2.7
53,2013,2,97,3.3,98,3.2,27,0.9,,,42,1.4,74,2.5,2.3
53,2013,3,82,2.8,94,3.1,50,1.7,,,42,1.4,98,3.3,2.4
53,2013,4,86,2.9,81,2.7,34,1.1,,,49,1.7,88,3,2.8
53,2013,5,101,3.4,79,2.6,34,1.1,,,45,1.5,89,3,2.9
53,2013,6,67,2.2,72,2.4,33,1.1,,,38,1.3,77,2.6,3.2
53,2013,7,78,2.6,75,2.5,32,1.1,,,44,1.5,84,2.8,3.1
53,2013,8,81,2.7,84,2.7,36,1.2,,,43,1.4,88,2.9,2.7
53,2013,9,88,2.9,79,2.6,62,2.1,,,41,1.4,111,3.7,2.9
53,2013,10,89,3,86,2.8,21,0.7,,,43,1.4,70,2.3,2.6
53,2013,11,82,2.7,88,2.8,45,1.5,,,41,1.4,93,3.1,2.5
53,2013,12,93,3.1,90,2.9,43,1.4,,,51,1.7,99,3.3,2.4
53,2014,1,98,3.2,86,2.8,33,1.1,,,45,1.5,82,2.7,2.5
53,2014,2,87,2.9,86,2.8,42,1.4,,,43,1.4,100,3.3,2.5
53,2014,3,92,3,88,2.8,33,1.1,,,50,1.6,87,2.9,2.4
53,2014,4,99,3.3,91,2.9,48,1.6,,,43,1.4,100,3.3,2.3
53,2014,5,100,3.3,98,3.1,50,1.6,,,50,1.6,107,3.5,2.1
53,2014,6,99,3.2,109,3.5,32,1.1,,,45,1.5,82,2.7,1.9
53,2014,7,99,3.2,106,3.3,37,1.2,,,56,1.8,97,3.2,1.9
53,2014,8,102,3.3,122,3.8,36,1.2,,,54,1.8,95,3.1,1.7
53,2014,9,120,3.9,89,2.8,28,0.9,,,57,1.9,92,3,2.3
53,2014,10,110,3.6,89,2.8,27,0.9,,,62,2,95,3.1,2.3
53,2014,11,97,3.1,89,2.8,26,0.8,,,51,1.7,83,2.7,2.3
53,2014,12,121,3.9,94,2.9,29,0.9,,,54,1.7,93,3,2.1
53,2015,1,107,3.4,134,4.1,49,1.6,,,63,2,121,3.9,1.5
53,2015,2,113,3.6,130,4,34,1.1,,,87,2.8,128,4.1,1.5
53,2015,3,118,3.8,127,3.9,37,1.2,,,52,1.7,99,3.2,1.5
53,2015,4,105,3.4,145,4.4,29,0.9,,,48,1.5,85,2.7,1.3
53,2015,5,109,3.5,139,4.2,35,1.1,,,60,1.9,102,3.3,1.4
53,2015,6,115,3.7,114,3.5,56,1.8,,,61,1.9,126,4,1.7
53,2015,7,118,3.7,149,4.5,38,1.2,,,55,1.7,101,3.2,1.3
53,2015,8,111,3.5,139,4.2,30,1,,,55,1.7,92,2.9,1.4
53,2015,9,97,3.1,149,4.5,33,1,,,51,1.6,91,2.9,1.3
53,2015,10,114,3.6,140,4.2,41,1.3,,,58,1.8,108,3.4,1.4
53,2015,11,119,3.7,137,4.1,41,1.3,,,62,2,110,3.5,1.4
53,2015,12,114,3.6,184,5.5,29,0.9,,,60,1.9,96,3,1.1
53,2016,1,105,3.3,168,5,35,1.1,,,51,1.6,94,2.9,1.2
53,2016,2,135,4.2,153,4.6,39,1.2,,,50,1.6,111,3.5,1.3
53,2016,3,98,3,165,4.9,31,1,,,59,1.8,96,3,1.2
53,2016,4,106,3.3,149,4.4,36,1.1,,,58,1.8,101,3.1,1.3
53,2016,5,120,3.7,143,4.2,28,0.9,,,50,1.5,90,2.8,1.3
53,2016,6,119,3.7,139,4.1,30,0.9,,,60,1.9,98,3,1.4
53,2016,7,108,3.3,131,3.9,31,1,,,76,2.3,115,3.5,1.5
53,2016,8,111,3.4,143,4.2,48,1.5,,,53,1.6,105,3.2,1.3
53,2016,9,112,3.4,130,3.8,38,1.2,,,66,2,113,3.5,1.4
53,2016,10,121,3.7,139,4.1,47,1.4,,,65,2,118,3.6,1.3
53,2016,11,124,3.8,135,4,32,1,,,72,2.2,112,3.4,1.3
53,2016,12,106,3.2,137,4,39,1.2,,,69,2.1,115,3.5,1.3
53,2017,1,98,3,119,3.5,34,1,,,74,2.3,116,3.5,1.5
53,2017,2,110,3.3,120,3.5,22,0.7,,,69,2.1,98,3,1.5
53,2017,3,114,3.5,122,3.6,30,0.9,,,63,1.9,100,3,1.4
53,2017,4,109,3.3,128,3.7,27,0.8,,,66,2,100,3,1.3
53,2017,5,109,3.3,129,3.7,18,0.5,,,60,1.8,84,2.5,1.3
53,2017,6,110,3.3,131,3.8,29,0.9,,,60,1.8,96,2.9,1.3
53,2017,7,139,4.2,137,4,31,0.9,,,61,1.8,98,2.9,1.3
53,2017,8,123,3.7,130,3.8,49,1.5,,,64,1.9,121,3.6,1.3
53,2017,9,124,3.7,142,4.1,45,1.3,,,64,1.9,119,3.6,1.2
53,2017,10,128,3.8,146,4.2,33,1,,,69,2.1,109,3.3,1.2
53,2017,11,109,3.3,138,4,33,1,,,66,2,107,3.2,1.3
53,2017,12,97,2.9,134,3.8,25,0.7,,,63,1.9,93,2.8,1.3
53,2018,1,145,4.3,152,4.3,40,1.2,,,62,1.8,110,3.3,1.1
53,2018,2,116,3.4,135,3.8,29,0.9,,,54,1.6,90,2.7,1.3
53,2018,3,107,3.2,146,4.1,55,1.6,,,72,2.1,135,4,1.2
53,2018,4,121,3.6,150,4.2,42,1.2,,,78,2.3,126,3.7,1.1
53,2018,5,123,3.6,153,4.3,48,1.4,,,74,2.2,129,3.8,1.1
53,2018,6,121,3.6,175,4.9,56,1.6,,,77,2.3,140,4.1,0.9
53,2018,7,120,3.5,164,4.6,28,0.8,,,66,1.9,114,3.4,1
53,2018,8,131,3.8,161,4.5,47,1.4,,,72,2.1,125,3.7,1
53,2018,9,117,3.4,167,4.7,33,1,,,70,2.1,110,3.2,1
53,2018,10,110,3.2,155,4.3,38,1.1,,,63,1.8,108,3.2,1.1
53,2018,11,132,3.9,159,4.4,43,1.3,,,61,1.8,109,3.2,1.1
53,2018,12,129,3.8,155,4.3,39,1.1,,,66,1.9,109,3.2,1.2
53,2019,1,127,3.7,146,4.1,43,1.2,,,82,2.4,132,3.8,1.2
53,2019,2,107,3.1,165,4.6,42,1.2,,,73,2.1,123,3.6,1.1
53,2019,3,139,4,159,4.4,44,1.3,,,70,2,121,3.5,1.1
53,2019,4,162,4.7,181,5,45,1.3,,,65,1.9,120,3.5,1
53,2019,5,139,4,159,4.4,47,1.4,,,66,1.9,121,3.5,1.1
53,2019,6,143,4.1,164,4.5,39,1.1,,,70,2,117,3.4,1
53,2019,7,139,4,172,4.7,48,1.4,,,84,2.4,140,4,0.9
53,2019,8,137,3.9,175,4.8,38,1.1,,,77,2.2,123,3.5,0.9
53,2019,9,144,4.1,157,4.3,42,1.2,,,77,2.2,126,3.6,1
53,2019,10,125,3.6,147,4,45,1.3,,,79,2.3,135,3.9,1
53,2019,11,130,3.7,165,4.5,39,1.1,,,68,1.9,118,3.4,0.9
53,2019,12,136,3.9,165,4.5,46,1.3,,,74,2.1,131,3.7,0.9
53,2020,1,160,4.6,190,5.1,35,1,,,77,2.2,121,3.5,0.8
53,2020,2,141,4,165,4.5,68,1.9,,,78,2.2,152,4.3,0.9
53,2020,3,126,3.6,128,3.5,284,8.1,,,67,1.9,360,10.3,1.9
53,2020,4,72,2.3,80,2.5,229,7.4,,,46,1.5,280,9,8.5
53,2020,5,211,6.8,126,3.9,51,1.7,,,59,1.9,118,3.8,4.2
53,2020,6,189,6,136,4.1,45,1.4,,,49,1.5,102,3.2,3.3
53,2020,7,100,3.1,121,3.6,34,1.1,,,62,1.9,101,3.1,3.4
53,2020,8,114,3.5,129,3.8,23,0.7,,,54,1.7,87,2.7,2.7
53,2020,9,106,3.3,119,3.5,35,1.1,,,50,1.5,92,2.8,2.7
53,2020,10,118,3.6,129,3.8,26,0.8,,,57,1.7,89,2.7,2.2
53,2020,11,107,3.3,143,4.2,45,1.4,,,58,1.8,112,3.4,1.9
53,2020,12,121,3.7,136,4,57,1.7,,,59,1.8,121,3.7,1.9
53,2021,1,106,3.2,121,3.6,31,1,,,45,1.4,81,2.5,2.1
53,2021,2,120,3.7,160,4.6,24,0.7,,,63,1.9,94,2.9,1.5
53,2021,3,130,3.9,174,5,25,0.8,,,64,1.9,96,2.9,1.3
53,2021,4,126,3.8,191,5.4,32,1,,,75,2.3,115,3.5,1.2
53,2021,5,118,3.5,204,5.8,21,0.6,,,76,2.3,102,3.1,1
53,2021,6,138,4.1,216,6.1,24,0.7,,,88,2.6,121,3.6,1
53,2021,7,143,4.2,226,6.3,27,0.8,,,81,2.4,115,3.4,0.9
53,2021,8,137,4,221,6.1,18,0.5,,,84,2.5,107,3.2,0.9
53,2021,9,141,4.1,229,6.3,25,0.7,,,75,2.2,106,3.1,0.8
53,2021,10,144,4.2,234,6.4,24,0.7,,,86,2.5,120,3.5,0.7
53,2021,11,148,4.3,222,6,23,0.7,,,89,2.6,120,3.5,0.7
53,2021,12,124,3.6,231,6.3,26,0.8,,,78,2.3,111,3.2,0.7
53,2022,1,143,4.1,222,6,44,1.3,,,86,2.5,138,4,0.7
53,2022,2,163,4.7,258,6.9,33,0.9,,,74,2.1,116,3.3,0.6
53,2022,3,144,4.1,259,6.9,18,0.5,,,123,3.5,148,4.2,0.6
53,2022,4,137,3.9,243,6.5,19,0.5,,,103,2.9,126,3.6,0.6
53,2022,5,120,3.4,238,6.4,30,0.9,,,78,2.2,115,3.3,0.7
53,2022,6,125,3.6,211,5.7,28,0.8,,,88,2.5,122,3.5,0.7
53,2022,7,146,4.1,263,6.9,41,1.2,,,79,2.2,131,3.7,0.6
53,2022,8,126,3.5,201,5.4,33,0.9,,,78,2.2,120,3.4,0.8
53,2022,9,134,3.8,219,5.8,35,1,,,88,2.5,131,3.7,0.8
53,2022,10,135,3.8,207,5.5,40,1.1,,,71,2,116,3.3,0.8
53,2022,11,131,3.7,197,5.2,37,1,,,87,2.4,131,3.7,0.9
53,2022,12,129,3.6,261,6.8,38,1.1,,,95,2.7,141,4,0.6
53,2023,1,129,3.6,209,5.5,31,0.9,,,80,2.2,116,3.2,0.8
53,2023,2,114,3.2,184,4.9,34,0.9,,,79,2.2,118,3.3,0.9
53,2023,3,113,3.2,177,4.7,42,1.2,,,81,2.3,129,3.6,0.9
53,2023,4,104,2.9,182,4.8,39,1.1,,,69,1.9,115,3.2,0.9
53,2023,5,127,3.5,168,4.5,23,0.6,,,76,2.1,105,2.9,1
53,2023,6,102,2.8,161,4.3,26,0.7,,,63,1.7,94,2.6,1
53,2023,7,106,3,156,4.2,37,1,,,68,1.9,110,3.1,1.1
53,2023,8,106,3,177,4.7,51,1.4,,,75,2.1,135,3.8,1
53,2023,9,109,3,161,4.3,33,0.9,,,73,2,114,3.2,1.1
53,2023,10,102,2.8,146,3.9,30,0.8,,,55,1.5,89,2.5,1.2
53,2023,11,112,3.1,164,4.4,38,1.1,,,68,1.9,111,3.1,1.1
53,2023,12,96,2.7,150,4,41,1.1,,,61,1.7,107,3,1.2
53,2024,1,131,3.6,160,4.3,35,1,,,69,1.9,109,3,1.2
53,2024,2,121,3.4,183,4.8,28,0.8,,,78,2.2,118,3.3,1
53,2024,3,102,2.8,159,4.2,33,0.9,,,60,1.7,99,2.7,1.2
53,2024,4,104,2.9,125,3.3,32,0.9,,,69,1.9,129,3.6,1.5
53,2024,5,107,3,152,4,37,1,,,64,1.8,107,3,1.2
53,2024,6,101,2.8,138,3.7,45,1.2,,,66,1.8,117,3.2,1.3
53,2024,7,107,3,131,3.5,38,1,,,56,1.5,101,2.8,1.4
53,2024,8,103,2.8,133,3.5,51,1.4,,,64,1.8,121,3.3,1.4
53,2024,9,109,3,133,3.5,37,1,,,55,1.5,96,2.6,1.3
53,2024,10,110,3.1,158,4.2,32,0.9,,,62,1.7,100,2.8,1.1
53,2024,11,104,2.9,140,3.7,32,0.9,,,61,1.7,97,2.7,1.3
53,2024,12,128,3.5,169,4.4,31,0.9,,,62,1.7,99,2.7,1
53,2025,1,93,2.6,137,3.6,35,1,,,53,1.5,95,2.6,1.3
53,2025,2,100,2.8,129,3.4,40,1.1,,,59,1.6,103,2.8,1.4
53,2025,3,100,2.8,128,3.4,39,1.1,,,55,1.5,97,2.7,1.4
53,2025,4,100,2.7,121,3.2,30,0.8,,,61,1.7,97,2.7,1.5
53,2025,5,120,3.3,124,3.3,37,1,,,59,1.6,103,2.8,1.5
53,2025,6,105,2.9,128,3.4,36,1,,,56,1.5,98,2.7,1.4
53,2025,7,95,2.6,131,3.5,28,0.8,,,69,1.9,103,2.8,1.4
53,2025,8,92,2.5,122,3.3,30,0.8,,,57,1.6,93,2.6,1.5
53,2025,9,116,3.2,128,3.4,32,0.9,,,58,1.6,97,2.7,1.5
53,2025,10,97,2.7,137,3.6,41,1.1,,,58,1.6,105,2.9,
53,2025,11,89,2.4,106,2.8,28,0.8,,,57,1.6,92,2.5,1.9
53,2025,12,113,3.1,110,2.9,26,0.7,,,60,1.6,93,2.6,1.8
54,2012,1,29,3.9,29,3.8,12,1.6,,,13,1.8,26,3.5,2
54,2012,2,29,3.9,24,3.2,13,1.8,,,14,1.9,29,3.9,2.4
54,2012,3,31,4.2,26,3.4,13,1.8,,,16,2.2,32,4.3,2.2
54,2012,4,30,4.1,24,3.2,13,1.8,,,14,1.9,29,3.9,2.4
54,2012,5,29,3.9,24,3.1,12,1.6,,,14,1.9,28,3.8,2.4
54,2012,6,24,3.3,23,3.1,11,1.5,,,15,2.1,28,3.8,2.6
54,2012,7,28,3.8,22,2.9,8,1.1,,,12,1.6,22,3,2.7
54,2012,8,27,3.7,22,2.9,11,1.5,,,14,1.9,28,3.8,2.7
54,2012,9,27,3.7,21,2.8,13,1.8,,,13,1.8,28,3.8,2.8
54,2012,10,25,3.4,21,2.8,11,1.5,,,13,1.8,27,3.7,2.8
54,2012,11,25,3.4,22,2.9,12,1.6,,,14,1.9,28,3.8,2.7
54,2012,12,26,3.6,22,2.9,10,1.4,,,13,1.8,25,3.4,2.6
54,2013,1,27,3.7,23,3,10,1.4,,,13,1.8,26,3.5,2.5
54,2013,2,29,4,22,2.9,11,1.5,,,15,2,28,3.8,2.5
54,2013,3,27,3.7,23,3,9,1.2,,,12,1.6,24,3.3,2.4
54,2013,4,29,4,24,3.2,10,1.4,,,15,2,28,3.8,2.2
54,2013,5,30,4.1,26,3.4,10,1.4,,,14,1.9,26,3.5,2
54,2013,6,29,4,25,3.3,11,1.5,,,14,1.9,27,3.7,2.1
54,2013,7,25,3.4,22,2.9,10,1.4,,,15,2.1,28,3.8,2.4
54,2013,8,31,4.2,26,3.4,11,1.5,,,15,2.1,29,4,2
54,2013,9,30,4.1,26,3.4,13,1.8,,,14,1.9,29,4,2
54,2013,10,29,4,24,3.2,12,1.6,,,15,2.1,29,4,2.2
54,2013,11,30,4.1,22,2.9,8,1.1,,,15,2.1,25,3.4,2.4
54,2013,12,30,4.1,24,3.2,11,1.5,,,15,2.1,28,3.8,2.2
54,2014,1,30,4.1,23,3.1,10,1.4,,,15,2.1,28,3.8,2.3
54,2014,2,30,4.1,27,3.6,10,1.4,,,17,2.3,30,4.1,2
54,2014,3,28,3.8,25,3.3,15,2.1,,,16,2.2,35,4.8,2.1
54,2014,4,28,3.8,25,3.3,10,1.4,,,16,2.2,28,3.8,2.1
54,2014,5,29,3.9,26,3.4,9,1.2,,,16,2.2,28,3.8,2
54,2014,6,29,4,30,4,10,1.4,,,15,2.1,28,3.9,1.7
54,2014,7,31,4.3,25,3.3,10,1.4,,,17,2.3,31,4.3,2.1
54,2014,8,29,4,28,3.7,11,1.5,,,15,2.1,29,4,1.8
54,2014,9,30,4.1,26,3.4,9,1.2,,,17,2.3,28,3.8,2
54,2014,10,32,4.4,27,3.6,9,1.2,,,17,2.3,28,3.8,1.9
54,2014,11,25,3.4,22,2.9,9,1.2,,,16,2.2,27,3.7,2.3
54,2014,12,30,4.1,26,3.4,10,1.4,,,17,2.3,30,4.1,1.9
54,2015,1,29,4,27,3.6,12,1.6,,,16,2.2,31,4.2,1.9
54,2015,2,26,3.6,28,3.7,9,1.2,,,15,2.1,26,3.6,1.8
54,2015,3,30,4.1,27,3.6,10,1.4,,,15,2.1,26,3.6,2
54,2015,4,29,4,27,3.6,9,1.2,,,16,2.2,26,3.6,2
54,2015,5,28,3.8,27,3.6,8,1.1,,,16,2.2,27,3.7,2
54,2015,6,28,3.9,27,3.6,9,1.2,,,16,2.2,28,3.9,2
54,2015,7,28,3.9,30,4,8,1.1,,,17,2.3,28,3.9,1.8
54,2015,8,30,4.1,29,3.9,9,1.2,,,17,2.3,28,3.9,1.8
54,2015,9,31,4.3,29,3.9,9,1.2,,,16,2.2,27,3.7,1.8
54,2015,10,28,3.9,30,4,10,1.4,,,13,1.8,25,3.5,1.7
54,2015,11,31,4.3,30,4,9,1.2,,,16,2.2,28,3.9,1.7
54,2015,12,29,4,29,3.8,10,1.4,,,17,2.3,30,4.1,1.7
54,2016,1,23,3.2,28,3.7,10,1.4,,,17,2.4,29,4,1.8
54,2016,2,27,3.8,28,3.8,10,1.4,,,17,2.4,29,4,1.8
54,2016,3,32,4.4,35,4.6,10,1.4,,,15,2.1,28,3.9,1.4
54,2016,4,24,3.3,29,3.9,8,1.1,,,16,2.2,26,3.6,1.7
54,2016,5,23,3.2,29,3.8,10,1.4,,,17,2.3,30,4.1,1.7
54,2016,6,29,4.1,30,4,7,1,,,17,2.4,26,3.7,1.6
54,2016,7,29,4.1,30,4,9,1.3,,,17,2.4,28,3.9,1.6
54,2016,8,31,4.4,30,4,14,2,,,16,2.2,32,4.5,1.6
54,2016,9,30,4.2,28,3.8,9,1.3,,,17,2.4,29,4.1,1.7
54,2016,10,30,4.2,29,3.9,9,1.3,,,18,2.5,30,4.2,1.6
54,2016,11,29,4,31,4.1,8,1.1,,,18,2.5,27,3.7,1.5
54,2016,12,27,3.8,33,4.4,7,1,,,17,2.4,27,3.8,1.3
54,2017,1,29,4.1,31,4.1,9,1.3,,,17,2.4,28,3.9,1.4
54,2017,2,31,4.3,31,4.1,8,1.1,,,17,2.4,27,3.8,1.3
54,2017,3,30,4.2,30,4,9,1.3,,,19,2.6,30,4.2,1.3
54,2017,4,30,4.2,38,5.1,12,1.7,,,23,3.2,37,5.2,1
54,2017,5,31,4.3,29,3.9,10,1.4,,,16,2.2,28,3.9,1.4
54,2017,6,30,4.2,33,4.4,10,1.4,,,18,2.5,30,4.2,1.2
54,2017,7,42,5.9,48,6.3,11,1.5,,,19,2.7,32,4.5,0.8
54,2017,8,33,4.6,35,4.7,10,1.4,,,19,2.7,31,4.3,1.2
54,2017,9,33,4.6,33,4.4,8,1.1,,,18,2.5,28,3.9,1.2
54,2017,10,31,4.3,33,4.4,9,1.3,,,18,2.5,30,4.2,1.3
54,2017,11,32,4.5,31,4.1,10,1.4,,,18,2.5,30,4.2,1.4
54,2017,12,30,4.2,33,4.4,10,1.4,,,18,2.5,30,4.2,1.3
54,2018,1,28,3.9,31,4.2,10,1.4,,,15,2.1,26,3.6,1.4
54,2018,2,32,4.5,33,4.4,9,1.3,,,20,2.8,31,4.3,1.3
54,2018,3,32,4.5,36,4.8,9,1.3,,,21,2.9,33,4.6,1.2
54,2018,4,32,4.5,36,4.8,9,1.3,,,19,2.7,30,4.2,1.2
54,2018,5,36,5,40,5.3,9,1.3,,,21,2.9,32,4.5,1
54,2018,6,35,4.8,40,5.2,9,1.2,,,20,2.8,32,4.4,1
54,2018,7,34,4.7,39,5.1,9,1.2,,,20,2.8,31,4.3,1
54,2018,8,36,5,38,5,9,1.2,,,20,2.8,32,4.4,1
54,2018,9,35,4.8,43,5.6,9,1.2,,,21,2.9,32,4.4,0.9
54,2018,10,33,4.5,39,5.1,8,1.1,,,18,2.5,28,3.9,1
54,2018,11,34,4.7,40,5.2,11,1.5,,,23,3.2,36,5,1
54,2018,12,34,4.7,39,5.1,10,1.4,,,22,3.1,34,4.7,1
54,2019,1,34,4.7,43,5.7,10,1.4,,,21,2.9,34,4.7,0.9
54,2019,2,34,4.7,39,5.2,11,1.5,,,21,2.9,34,4.7,1
54,2019,3,36,5,42,5.5,10,1.4,,,20,2.8,32,4.5,0.9
54,2019,4,32,4.5,41,5.4,10,1.4,,,21,2.9,32,4.5,0.9
54,2019,5,31,4.3,40,5.3,8,1.1,,,19,2.6,29,4,0.9
54,2019,6,30,4.2,38,5,9,1.3,,,20,2.8,30,4.2,1
54,2019,7,29,4,37,4.9,10,1.4,,,20,2.8,31,4.3,1
54,2019,8,28,3.9,38,5,9,1.3,,,21,2.9,32,4.5,1
54,2019,9,31,4.3,42,5.5,11,1.5,,,20,2.8,34,4.8,0.9
54,2019,10,31,4.3,44,5.8,11,1.5,,,23,3.2,35,4.9,0.9
54,2019,11,33,4.6,41,5.4,9,1.3,,,20,2.8,31,4.4,1
54,2019,12,32,4.5,38,5.1,10,1.4,,,20,2.8,31,4.4,1.1
54,2020,1,34,4.8,50,6.5,7,1,,,20,2.8,30,4.2,0.8
54,2020,2,33,4.6,44,5.8,9,1.3,,,20,2.8,31,4.3,1
54,2020,3,30,4.2,41,5.5,46,6.5,,,15,2.1,63,8.9,1
54,2020,4,16,2.6,35,5.4,51,8.4,,,10,1.6,63,10.3,3.4
54,2020,5,38,6.1,38,5.8,11,1.8,,,12,1.9,25,4,2.5
54,2020,6,38,5.8,41,5.9,10,1.5,,,14,2.1,26,3.9,2
54,2020,7,36,5.5,46,6.6,9,1.4,,,17,2.6,29,4.4,1.6
54,2020,8,33,5,47,6.6,7,1.1,,,19,2.9,29,4.4,1.3
54,2020,9,32,4.8,44,6.2,7,1.1,,,21,3.2,31,4.7,1.3
54,2020,10,34,5.1,46,6.4,9,1.3,,,20,3,31,4.6,1.2
54,2020,11,33,4.9,45,6.3,10,1.5,,,20,3,32,4.8,1.1
54,2020,12,29,4.3,46,6.4,8,1.2,,,20,3,30,4.5,1.1
54,2021,1,28,4.2,43,6,8,1.2,,,19,2.8,29,4.3,1.1
54,2021,2,34,5.1,57,7.8,8,1.2,,,19,2.8,29,4.3,0.8
54,2021,3,30,4.4,50,6.9,9,1.3,,,19,2.8,29,4.3,0.9
54,2021,4,33,4.9,54,7.4,6,0.9,,,22,3.3,31,4.6,0.8
54,2021,5,31,4.6,56,7.6,6,0.9,,,23,3.4,31,4.6,0.8
54,2021,6,32,4.7,58,7.9,7,1,,,22,3.2,31,4.6,0.7
54,2021,7,34,5,58,7.8,7,1,,,21,3.1,30,4.4,0.7
54,2021,8,32,4.7,56,7.6,7,1,,,23,3.4,32,4.7,0.7
54,2021,9,34,5,54,7.3,7,1,,,27,4,37,5.4,0.7
54,2021,10,35,5.1,54,7.3,9,1.3,,,21,3,31,4.5,0.6
54,2021,11,37,5.4,58,7.7,6,0.9,,,25,3.6,33,4.8,0.6
54,2021,12,36,5.2,56,7.5,8,1.2,,,24,3.5,34,4.9,0.6
54,2022,1,36,5.2,61,8.1,6,0.9,,,25,3.6,33,4.8,0.5
54,2022,2,35,5,60,7.9,7,1,,,23,3.3,33,4.7,0.5
54,2022,3,37,5.3,73,9.5,7,1,,,23,3.3,33,4.7,0.4
54,2022,4,34,4.9,63,8.3,8,1.1,,,24,3.4,35,5,0.5
54,2022,5,34,4.8,58,7.6,7,1,,,23,3.3,32,4.5,0.5
54,2022,6,34,4.9,59,7.8,7,1,,,29,4.2,39,5.6,0.5
54,2022,7,41,5.9,71,9.2,7,1,,,28,4,37,5.3,0.4
54,2022,8,34,4.9,56,7.4,9,1.3,,,26,3.7,38,5.4,0.5
54,2022,9,35,5,59,7.8,7,1,,,24,3.4,33,4.7,0.5
54,2022,10,38,5.4,63,8.3,7,1,,,23,3.3,31,4.4,0.5
54,2022,11,34,4.8,61,7.9,8,1.1,,,24,3.4,34,4.8,0.5
54,2022,12,35,5,62,8.1,7,1,,,22,3.1,32,4.6,0.5
54,2023,1,38,5.4,69,8.9,9,1.3,,,22,3.1,33,4.7,0.4
54,2023,2,33,4.7,59,7.7,7,1,,,24,3.4,33,4.7,0.5
54,2023,3,33,4.7,56,7.3,8,1.1,,,21,3,31,4.4,0.5
54,2023,4,31,4.4,54,7.1,8,1.1,,,21,3,31,4.4,0.5
54,2023,5,36,5.1,55,7.2,8,1.1,,,24,3.4,34,4.8,0.5
54,2023,6,35,4.9,55,7.2,9,1.3,,,22,3.1,33,4.6,0.6
54,2023,7,33,4.7,48,6.4,9,1.3,,,22,3.1,33,4.7,0.6
54,2023,8,35,4.9,55,7.2,8,1.1,,,25,3.5,36,5.1,0.6
54,2023,9,34,4.8,56,7.3,8,1.1,,,20,2.8,30,4.2,0.6
54,2023,10,31,4.3,50,6.6,7,1,,,19,2.7,28,3.9,0.6
54,2023,11,30,4.2,50,6.5,8,1.1,,,18,2.5,28,3.9,0.7
54,2023,12,31,4.3,48,6.3,8,1.1,,,20,2.8,30,4.2,0.7
54,2024,1,36,5,50,6.5,8,1.1,,,20,2.8,31,4.3,0.7
54,2024,2,32,4.5,46,6,7,1,,,18,2.5,27,3.8,0.7
54,2024,3,30,4.2,46,6,8,1.1,,,21,2.9,30,4.2,0.7
54,2024,4,37,5.1,55,7.1,7,1,,,24,3.3,32,4.4,0.6
54,2024,5,31,4.3,50,6.4,8,1.1,,,20,2.7,30,4.1,0.6
54,2024,6,29,4,46,6,7,1,,,22,3.1,32,4.5,0.7
54,2024,7,29,4,45,5.9,8,1.1,,,22,3.1,32,4.5,0.7
54,2024,8,28,3.9,45,5.9,8,1.1,,,16,2.2,26,3.6,0.7
54,2024,9,28,3.9,39,5.2,8,1.1,,,19,2.6,28,3.9,0.8
54,2024,10,30,4.2,46,6,8,1.1,,,17,2.4,27,3.8,0.7
54,2024,11,30,4.2,50,6.5,7,1,,,17,2.4,26,3.6,0.6
54,2024,12,29,4,43,5.7,7,1,,,17,2.4,26,3.6,0.7
54,2025,1,24,3.4,36,4.8,7,1,,,19,2.7,28,3.9,0.8
54,2025,2,28,3.9,43,5.6,6,0.8,,,17,2.4,24,3.3,0.7
54,2025,3,28,3.9,41,5.4,6,0.8,,,18,2.5,25,3.5,0.7
54,2025,4,27,3.8,40,5.3,8,1.1,,,15,2.1,24,3.3,0.8
54,2025,5,25,3.5,42,5.5,6,0.8,,,17,2.4,24,3.3,0.7
54,2025,6,26,3.6,39,5.2,7,1,,,16,2.2,24,3.3,0.8
54,2025,7,28,3.9,40,5.3,7,1,,,15,2.1,23,3.2,0.8
54,2025,8,27,3.8,39,5.1,7,1,,,15,2.1,24,3.3,0.9
54,2025,9,27,3.8,40,5.3,8,1.1,,,15,2.1,25,3.5,0.9
54,2025,10,26,3.6,42,5.5,8,1.1,,,16,2.2,26,3.6,
54,2025,11,27,3.8,42,5.5,7,1,,,17,2.4,25,3.5,0.9
54,2025,12,29,4,42,5.5,7,1,,,17,2.4,25,3.5,0.9
55,2012,1,107,3.9,77,2.7,38,1.4,,,40,1.5,85,3.1,2.8
55,2012,2,98,3.5,68,2.4,38,1.4,,,41,1.5,86,3.1,3.1
55,2012,3,106,3.8,85,3,33,1.2,,,36,1.3,75,2.7,2.5
55,2012,4,96,3.4,65,2.3,52,1.9,,,40,1.4,100,3.6,3.3
55,2012,5,105,3.8,73,2.6,54,1.9,,,42,1.5,105,3.8,3
55,2012,6,105,3.8,79,2.8,45,1.6,,,40,1.4,92,3.3,2.7
55,2012,7,95,3.4,70,2.5,41,1.5,,,35,1.3,83,3,3.1
55,2012,8,105,3.8,73,2.6,42,1.5,,,42,1.5,110,4,2.9
55,2012,9,87,3.1,78,2.7,31,1.1,,,40,1.4,78,2.8,2.7
55,2012,10,93,3.3,76,2.7,36,1.3,,,39,1.4,84,3,2.8
55,2012,11,94,3.4,76,2.6,35,1.3,,,47,1.7,88,3.1,2.8
55,2012,12,88,3.1,75,2.6,41,1.5,,,39,1.4,86,3.1,2.8
55,2013,1,82,2.9,64,2.2,25,0.9,,,45,1.6,80,2.9,3.3
55,2013,2,67,2.4,84,2.9,37,1.3,,,43,1.5,88,3.1,2.6
55,2013,3,90,3.2,92,3.2,42,1.5,,,46,1.6,94,3.4,2.3
55,2013,4,89,3.2,90,3.1,31,1.1,,,49,1.8,86,3.1,2.4
55,2013,5,113,4,89,3.1,35,1.2,,,50,1.8,93,3.3,2.4
55,2013,6,76,2.7,93,3.2,35,1.2,,,38,1.4,79,2.8,2.2
55,2013,7,82,2.9,73,2.5,31,1.1,,,45,1.6,82,2.9,2.8
55,2013,8,88,3.1,100,3.4,34,1.2,,,44,1.6,85,3,2
55,2013,9,109,3.9,89,3.1,30,1.1,,,50,1.8,85,3,2.3
55,2013,10,87,3.1,92,3.2,18,0.6,,,55,1.9,78,2.8,2.2
55,2013,11,104,3.7,91,3.1,30,1.1,,,48,1.7,85,3,2.1
55,2013,12,85,3,82,2.8,26,0.9,,,45,1.6,80,2.8,2.3
55,2014,1,81,2.9,86,2.9,37,1.3,,,32,1.1,73,2.6,2.2
55,2014,2,76,2.7,98,3.3,43,1.5,,,44,1.6,92,3.2,1.8
55,2014,3,85,3,95,3.2,22,0.8,,,48,1.7,96,3.4,1.9
55,2014,4,110,3.9,97,3.3,30,1.1,,,51,1.8,88,3.1,1.8
55,2014,5,98,3.4,97,3.3,31,1.1,,,54,1.9,91,3.2,1.7
55,2014,6,83,2.9,94,3.2,21,0.7,,,54,1.9,81,2.8,1.8
55,2014,7,111,3.9,112,3.8,34,1.2,,,57,2,96,3.4,1.4
55,2014,8,89,3.1,115,3.9,29,1,,,55,1.9,89,3.1,1.4
55,2014,9,96,3.3,117,3.9,48,1.7,,,60,2.1,115,4,1.3
55,2014,10,100,3.5,107,3.6,51,1.8,,,47,1.6,103,3.6,1.4
55,2014,11,98,3.4,120,4,45,1.6,,,48,1.7,102,3.5,1.3
55,2014,12,103,3.6,131,4.4,41,1.4,,,44,1.5,92,3.2,1.1
55,2015,1,100,3.5,119,4,33,1.1,,,48,1.7,85,3,1.2
55,2015,2,109,3.8,139,4.6,24,0.8,,,58,2,91,3.2,1
55,2015,3,107,3.7,118,3.9,32,1.1,,,56,1.9,95,3.3,1.2
55,2015,4,104,3.6,134,4.4,36,1.2,,,44,1.5,85,2.9,1.1
55,2015,5,97,3.4,125,4.1,36,1.2,,,50,1.7,93,3.2,1.1
55,2015,6,104,3.6,125,4.1,43,1.5,,,57,2,106,3.7,1.1
55,2015,7,86,3,126,4.2,37,1.3,,,61,2.1,106,3.7,1.1
55,2015,8,87,3,106,3.5,54,1.9,,,53,1.8,114,3.9,1.2
55,2015,9,87,3,111,3.7,53,1.8,,,48,1.7,108,3.7,1.2
55,2015,10,91,3.1,121,4,39,1.3,,,54,1.9,102,3.5,1.1
55,2015,11,94,3.2,114,3.8,38,1.3,,,53,1.8,97,3.3,1.2
55,2015,12,139,4.8,120,4,47,1.6,,,59,2,112,3.8,1.1
55,2016,1,114,3.9,135,4.4,36,1.2,,,60,2.1,103,3.5,1
55,2016,2,113,3.9,109,3.6,48,1.6,,,60,2.1,117,4,1.2
55,2016,3,101,3.5,153,5,53,1.8,,,57,2,119,4.1,0.8
55,2016,4,114,3.9,118,3.9,40,1.4,,,59,2,105,3.6,1.1
55,2016,5,104,3.6,116,3.8,39,1.3,,,58,2,100,3.4,1.1
55,2016,6,111,3.8,108,3.6,40,1.4,,,60,2.1,108,3.7,1.1
55,2016,7,102,3.5,114,3.7,39,1.3,,,56,1.9,100,3.4,1.1
55,2016,8,104,3.5,109,3.6,40,1.4,,,55,1.9,100,3.4,1.1
55,2016,9,83,2.8,112,3.7,34,1.2,,,53,1.8,93,3.2,1.1
55,2016,10,94,3.2,105,3.5,39,1.3,,,56,1.9,100,3.4,1.1
55,2016,11,95,3.2,116,3.8,31,1.1,,,55,1.9,90,3.1,1
55,2016,12,106,3.6,110,3.6,41,1.4,,,58,2,105,3.6,1
55,2017,1,100,3.4,113,3.7,34,1.2,,,58,2,99,3.4,1
55,2017,2,99,3.4,114,3.7,28,1,,,52,1.8,85,2.9,1
55,2017,3,102,3.5,113,3.7,36,1.2,,,51,1.7,93,3.2,0.9
55,2017,4,101,3.4,114,3.7,37,1.3,,,48,1.6,91,3.1,0.9
55,2017,5,95,3.2,114,3.7,41,1.4,,,48,1.6,99,3.4,0.9
55,2017,6,109,3.7,136,4.4,57,1.9,,,47,1.6,110,3.7,0.8
55,2017,7,111,3.8,125,4.1,41,1.4,,,49,1.7,96,3.3,0.8
55,2017,8,107,3.6,125,4.1,37,1.3,,,61,2.1,103,3.5,0.8
55,2017,9,88,3,143,4.6,19,0.6,,,75,2.5,102,3.4,0.7
55,2017,10,100,3.4,137,4.4,30,1,,,50,1.7,86,2.9,0.7
55,2017,11,103,3.5,139,4.5,38,1.3,,,52,1.8,96,3.2,0.7
55,2017,12,106,3.6,132,4.3,28,0.9,,,56,1.9,89,3,0.7
55,2018,1,100,3.4,135,4.3,30,1,,,52,1.8,88,3,0.7
55,2018,2,103,3.5,137,4.4,32,1.1,,,56,1.9,96,3.2,0.7
55,2018,3,102,3.4,140,4.5,33,1.1,,,57,1.9,99,3.3,0.7
55,2018,4,104,3.5,138,4.4,37,1.2,,,59,2,104,3.5,0.7
55,2018,5,119,4,157,5,35,1.2,,,58,1.9,99,3.3,0.6
55,2018,6,115,3.9,148,4.7,33,1.1,,,58,1.9,99,3.3,0.6
55,2018,7,106,3.6,136,4.4,36,1.2,,,62,2.1,105,3.5,0.7
55,2018,8,107,3.6,156,5,36,1.2,,,64,2.1,107,3.6,0.6
55,2018,9,109,3.7,152,4.8,39,1.3,,,66,2.2,113,3.8,0.6
55,2018,10,110,3.7,163,5.2,41,1.4,,,65,2.2,112,3.8,0.6
55,2018,11,128,4.3,163,5.2,49,1.6,,,77,2.6,133,4.4,0.6
55,2018,12,110,3.7,168,5.3,29,1,,,55,1.8,90,3,0.6
55,2019,1,108,3.6,160,5.1,29,1,,,63,2.1,99,3.3,0.6
55,2019,2,108,3.6,153,4.9,33,1.1,,,69,2.3,107,3.6,0.6
55,2019,3,105,3.5,156,5,28,0.9,,,68,2.3,101,3.4,0.6
55,2019,4,117,3.9,161,5.1,29,1,,,75,2.5,109,3.6,0.6
55,2019,5,106,3.5,153,4.9,29,1,,,77,2.6,111,3.7,0.7
55,2019,6,107,3.6,161,5.1,33,1.1,,,65,2.2,105,3.5,0.6
55,2019,7,109,3.6,159,5.1,27,0.9,,,69,2.3,105,3.5,0.6
55,2019,8,119,4,154,4.9,33,1.1,,,60,2,100,3.4,0.7
55,2019,9,117,3.9,152,4.9,33,1.1,,,59,2,96,3.2,0.7
55,2019,10,119,4,161,5.1,23,0.8,,,66,2.2,97,3.2,0.6
55,2019,11,103,3.4,141,4.5,37,1.2,,,69,2.3,113,3.8,0.7
55,2019,12,104,3.5,132,4.2,34,1.1,,,64,2.1,105,3.5,0.7
55,2020,1,91,3,160,5.1,53,1.8,,,69,2.3,129,4.3,0.6
55,2020,2,103,3.4,149,4.7,43,1.4,,,61,2,109,3.6,0.6
55,2020,3,109,3.7,127,4.1,234,7.8,,,63,2.1,307,10.3,0.7
55,2020,4,62,2.4,101,3.7,175,6.7,,,27,1,211,8.1,4.3
55,2020,5,130,4.9,119,4.3,39,1.5,,,34,1.3,81,3.1,2.7
55,2020,6,142,5.2,122,4.3,33,1.2,,,42,1.5,86,3.1,2.2
55,2020,7,127,4.6,166,5.6,29,1,,,60,2.2,103,3.7,1.4
55,2020,8,121,4.3,125,4.3,25,0.9,,,53,1.9,83,2.9,1.6
55,2020,9,113,4,123,4.2,30,1.1,,,53,1.9,87,3.1,1.5
55,2020,10,105,3.7,131,4.4,24,0.8,,,62,2.2,91,3.2,1.2
55,2020,11,122,4.3,122,4.1,41,1.4,,,56,2,105,3.7,1.3
55,2020,12,93,3.3,123,4.1,28,1,,,54,1.9,87,3.1,1.2
55,2021,1,92,3.2,116,3.9,30,1,,,57,2,93,3.3,1.2
55,2021,2,128,4.5,149,5,27,0.9,,,67,2.3,99,3.5,0.9
55,2021,3,108,3.8,166,5.5,29,1,,,67,2.3,100,3.5,0.8
55,2021,4,104,3.6,175,5.7,22,0.8,,,70,2.4,99,3.4,0.8
55,2021,5,101,3.5,194,6.3,21,0.7,,,76,2.6,103,3.6,0.7
55,2021,6,112,3.9,199,6.4,22,0.8,,,79,2.7,106,3.7,0.6
55,2021,7,114,3.9,219,7,17,0.6,,,68,2.3,90,3.1,0.5
55,2021,8,103,3.6,201,6.5,18,0.6,,,85,2.9,109,3.8,0.6
55,2021,9,119,4.1,220,7,16,0.6,,,77,2.7,99,3.4,0.5
55,2021,10,114,3.9,199,6.4,24,0.8,,,78,2.7,108,3.7,0.5
55,2021,11,122,4.2,212,6.8,19,0.7,,,86,2.9,111,3.8,0.4
55,2021,12,123,4.2,221,7,24,0.8,,,87,3,116,4,0.4
55,2022,1,120,4.1,227,7.2,25,0.9,,,76,2.6,108,3.7,0.4
55,2022,2,120,4.1,237,7.4,24,0.8,,,78,2.6,107,3.6,0.4
55,2022,3,121,4.1,221,7,22,0.7,,,75,2.5,102,3.4,0.4
55,2022,4,100,3.4,233,7.3,24,0.8,,,90,3,119,4,0.4
55,2022,5,103,3.5,218,6.8,23,0.8,,,72,2.4,101,3.4,0.4
55,2022,6,112,3.8,221,6.9,37,1.2,,,73,2.5,115,3.9,0.4
55,2022,7,118,4,208,6.5,28,0.9,,,78,2.6,110,3.7,0.4
55,2022,8,113,3.8,186,5.9,28,0.9,,,73,2.4,107,3.6,0.5
55,2022,9,110,3.7,206,6.4,23,0.8,,,78,2.6,109,3.6,0.4
55,2022,10,100,3.3,241,7.4,28,0.9,,,70,2.3,104,3.5,0.4
55,2022,11,108,3.6,270,8.3,24,0.8,,,67,2.2,96,3.2,0.3
55,2022,12,111,3.7,245,7.6,36,1.2,,,71,2.4,113,3.8,0.3
55,2023,1,126,4.2,219,6.8,25,0.8,,,70,2.3,100,3.3,0.4
55,2023,2,114,3.8,194,6.1,27,0.9,,,67,2.2,101,3.4,0.4
55,2023,3,99,3.3,190,5.9,33,1.1,,,66,2.2,104,3.4,0.4
55,2023,4,120,4,213,6.6,41,1.4,,,75,2.5,120,4,0.4
55,2023,5,117,3.9,172,5.4,35,1.2,,,72,2.4,111,3.7,0.5
55,2023,6,108,3.6,181,5.6,32,1.1,,,70,2.3,111,3.7,0.5
55,2023,7,100,3.3,199,6.2,31,1,,,71,2.4,111,3.7,0.5
55,2023,8,113,3.7,196,6.1,29,1,,,71,2.4,105,3.5,0.5
55,2023,9,92,3,207,6.4,32,1.1,,,69,2.3,104,3.4,0.5
55,2023,10,95,3.1,173,5.4,24,0.8,,,64,2.1,93,3.1,0.5
55,2023,11,91,3,205,6.4,27,0.9,,,73,2.4,107,3.5,0.5
55,2023,12,89,2.9,172,5.4,24,0.8,,,59,1.9,89,2.9,0.5
55,2024,1,125,4.1,166,5.2,24,0.8,,,72,2.4,107,3.5,0.5
55,2024,2,95,3.1,166,5.2,37,1.2,,,63,2.1,106,3.5,0.5
55,2024,3,89,2.9,159,5,32,1.1,,,64,2.1,102,3.4,0.6
55,2024,4,92,3,142,4.5,29,1,,,60,2,96,3.2,0.7
55,2024,5,102,3.4,153,4.8,28,0.9,,,66,2.2,99,3.3,0.6
55,2024,6,99,3.3,141,4.4,24,0.8,,,57,1.9,87,2.9,0.7
55,2024,7,100,3.3,136,4.3,29,1,,,49,1.6,82,2.7,0.7
55,2024,8,84,2.8,139,4.4,26,0.9,,,58,1.9,90,3,0.7
55,2024,9,91,3,131,4.1,28,0.9,,,55,1.8,87,2.9,0.7
55,2024,10,103,3.4,141,4.4,20,0.7,,,59,1.9,84,2.8,0.7
55,2024,11,104,3.4,126,4,28,0.9,,,51,1.7,83,2.7,0.8
55,2024,12,95,3.1,135,4.2,30,1,,,55,1.8,90,3,0.7
55,2025,1,93,3.1,137,4.3,30,1,,,53,1.7,89,2.9,0.7
55,2025,2,84,2.8,134,4.2,27,0.9,,,62,2,94,3.1,0.8
55,2025,3,93,3.1,138,4.3,27,0.9,,,60,2,92,3,0.7
55,2025,4,95,3.1,114,3.6,26,0.9,,,49,1.6,82,2.7,0.9
55,2025,5,94,3.1,130,4.1,32,1.1,,,58,1.9,95,3.1,0.7
55,2025,6,95,3.1,129,4.1,31,1,,,62,2,98,3.2,0.7
55,2025,7,95,3.1,134,4.2,32,1.1,,,54,1.8,93,3.1,0.7
55,2025,8,99,3.3,121,3.8,33,1.1,,,50,1.6,89,2.9,0.8
55,2025,9,101,3.3,120,3.8,32,1.1,,,61,2,99,3.3,0.8
55,2025,10,101,3.3,131,4.2,41,1.4,,,61,2,108,3.6,
55,2025,11,91,3,118,3.8,23,0.8,,,63,2.1,90,3,0.8
55,2025,12,102,3.4,115,3.7,33,1.1,,,75,2.5,113,3.7,0.9
56,2012,1,13,4.4,8,2.7,5,1.7,,,6,2,12,4.1,2.2
56,2012,2,14,4.8,9,3,6,2,,,6,2,13,4.4,1.9
56,2012,3,14,4.8,9,3,5,1.7,,,7,2.4,13,4.4,1.9
56,2012,4,16,5.4,10,3.3,5,1.7,,,7,2.4,13,4.4,1.7
56,2012,5,13,4.4,9,3,6,2,,,7,2.4,14,4.8,1.9
56,2012,6,12,4.1,10,3.3,6,2.1,,,7,2.4,14,4.8,1.7
56,2012,7,14,4.8,10,3.3,7,2.4,,,7,2.4,16,5.5,1.7
56,2012,8,14,4.8,9,3,7,2.4,,,6,2.1,13,4.5,1.8
56,2012,9,12,4.1,9,3,7,2.4,,,6,2.1,13,4.4,1.8
56,2012,10,14,4.8,9,3,8,2.7,,,7,2.4,15,5.1,1.8
56,2012,11,14,4.8,10,3.3,6,2,,,7,2.4,13,4.4,1.6
56,2012,12,12,4.1,10,3.3,5,1.7,,,6,2,12,4.1,1.5
56,2013,1,13,4.4,10,3.3,6,2,,,8,2.7,15,5.1,1.5
56,2013,2,14,4.8,10,3.3,5,1.7,,,7,2.4,13,4.4,1.5
56,2013,3,16,5.5,11,3.6,6,2,,,6,2,13,4.4,1.4
56,2013,4,13,4.4,10,3.3,7,2.4,,,7,2.4,14,4.8,1.5
56,2013,5,14,4.8,11,3.6,5,1.7,,,6,2,13,4.4,1.3
56,2013,6,14,4.7,10,3.3,6,2,,,6,2,13,4.4,1.4
56,2013,7,13,4.4,10,3.3,5,1.7,,,7,2.4,13,4.4,1.4
56,2013,8,12,4.1,10,3.3,6,2,,,7,2.4,14,4.8,1.4
56,2013,9,14,4.8,11,3.6,6,2,,,6,2,13,4.4,1.3
56,2013,10,13,4.4,10,3.3,5,1.7,,,7,2.4,12,4.1,1.4
56,2013,11,13,4.4,11,3.6,6,2,,,7,2.4,14,4.8,1.3
56,2013,12,14,4.8,11,3.6,5,1.7,,,7,2.4,13,4.4,1.2
56,2014,1,14,4.7,12,3.9,5,1.7,,,7,2.4,12,4.1,1.1
56,2014,2,14,4.7,12,3.9,5,1.7,,,7,2.4,13,4.4,1.1
56,2014,3,14,4.7,11,3.6,5,1.7,,,7,2.4,13,4.4,1.2
56,2014,4,13,4.4,12,3.9,4,1.3,,,6,2,11,3.7,1.1
56,2014,5,13,4.4,12,3.9,6,2,,,7,2.3,13,4.4,1.1
56,2014,6,15,5,14,4.5,5,1.7,,,7,2.3,13,4.3,1
56,2014,7,14,4.7,12,3.8,6,2,,,8,2.7,15,5,1.1
56,2014,8,14,4.7,13,4.2,5,1.7,,,8,2.7,14,4.7,1
56,2014,9,15,5,12,3.9,4,1.3,,,8,2.7,13,4.3,1.1
56,2014,10,14,4.7,13,4.1,4,1.3,,,8,2.7,13,4.3,1
56,2014,11,12,4,12,3.9,5,1.7,,,8,2.7,14,4.7,1.1
56,2014,12,16,5.3,13,4.2,5,1.7,,,7,2.3,13,4.3,1
56,2015,1,13,4.3,13,4.1,6,2,,,7,2.3,14,4.7,0.9
56,2015,2,15,5,14,4.5,6,2,,,9,3,15,5,0.9
56,2015,3,14,4.7,14,4.5,6,2,,,10,3.3,17,5.7,0.9
56,2015,4,14,4.7,14,4.5,5,1.7,,,8,2.7,14,4.7,0.9
56,2015,5,14,4.7,13,4.2,6,2,,,8,2.7,14,4.7,0.9
56,2015,6,14,4.7,12,3.9,6,2,,,8,2.7,15,5.1,1
56,2015,7,14,4.7,16,5.1,6,2,,,8,2.7,14,4.7,0.8
56,2015,8,14,4.7,12,3.9,5,1.7,,,8,2.7,14,4.7,1.1
56,2015,9,14,4.7,12,3.9,6,2,,,8,2.7,15,5.1,1.1
56,2015,10,14,4.7,13,4.2,5,1.7,,,8,2.7,15,5.1,1
56,2015,11,13,4.4,12,3.9,6,2,,,9,3.1,16,5.4,1.2
56,2015,12,14,4.8,12,3.9,6,2,,,8,2.7,15,5.1,1.2
56,2016,1,13,4.5,12,4,5,1.7,,,7,2.4,13,4.5,1.3
56,2016,2,13,4.5,12,4,7,2.4,,,8,2.8,16,5.5,1.3
56,2016,3,14,4.8,13,4.3,4,1.4,,,8,2.8,13,4.5,1.2
56,2016,4,14,4.9,12,4,6,2.1,,,9,3.1,15,5.2,1.4
56,2016,5,15,5.2,13,4.3,5,1.7,,,8,2.8,14,4.9,1.3
56,2016,6,15,5.2,13,4.4,5,1.7,,,9,3.1,15,5.2,1.3
56,2016,7,14,4.9,13,4.4,4,1.4,,,8,2.8,13,4.6,1.2
56,2016,8,14,4.9,12,4.1,5,1.8,,,7,2.5,13,4.6,1.3
56,2016,9,13,4.6,12,4.1,4,1.4,,,8,2.8,14,5,1.3
56,2016,10,12,4.2,12,4.1,4,1.4,,,8,2.8,13,4.6,1.3
56,2016,11,14,4.9,13,4.4,5,1.8,,,8,2.8,14,4.9,1.2
56,2016,12,13,4.6,13,4.4,4,1.4,,,8,2.8,13,4.6,1.1
56,2017,1,14,5,12,4.1,5,1.8,,,8,2.8,14,5,1.2
56,2017,2,13,4.6,13,4.4,3,1.1,,,7,2.5,12,4.2,1.1
56,2017,3,13,4.6,12,4.1,4,1.4,,,8,2.8,13,4.6,1.1
56,2017,4,13,4.6,12,4.1,4,1.4,,,8,2.8,13,4.6,1.1
56,2017,5,14,4.9,13,4.4,3,1.1,,,8,2.8,12,4.2,1
56,2017,6,12,4.2,14,4.7,4,1.4,,,9,3.2,14,4.9,0.9
56,2017,7,15,5.3,16,5.3,4,1.4,,,8,2.8,13,4.6,0.8
56,2017,8,16,5.6,15,5,4,1.4,,,8,2.8,13,4.6,0.8
56,2017,9,15,5.3,14,4.7,4,1.4,,,8,2.8,13,4.6,0.9
56,2017,10,12,4.2,13,4.4,6,2.1,,,8,2.8,15,5.3,1
56,2017,11,14,4.9,13,4.4,4,1.4,,,7,2.5,12,4.2,1
56,2017,12,13,4.6,13,4.4,4,1.4,,,8,2.8,13,4.6,1
56,2018,1,14,4.9,15,5,4,1.4,,,8,2.8,13,4.6,0.8
56,2018,2,14,4.9,13,4.4,5,1.8,,,9,3.2,14,4.9,0.9
56,2018,3,14,4.9,15,5,4,1.4,,,9,3.2,13,4.6,0.8
56,2018,4,14,4.9,15,5,4,1.4,,,8,2.8,13,4.6,0.8
56,2018,5,14,4.9,15,5,4,1.4,,,9,3.2,13,4.6,0.8
56,2018,6,12,4.2,15,5,4,1.4,,,9,3.2,14,4.9,0.8
56,2018,7,14,4.9,15,5,8,2.8,,,8,2.8,17,5.9,0.8
56,2018,8,15,5.2,18,5.9,4,1.4,,,10,3.5,15,5.2,0.7
56,2018,9,15,5.2,17,5.6,3,1,,,9,3.1,13,4.5,0.7
56,2018,10,15,5.2,17,5.6,5,1.7,,,9,3.1,14,4.9,0.7
56,2018,11,16,5.6,18,5.9,4,1.4,,,8,2.8,13,4.5,0.6
56,2018,12,15,5.2,16,5.3,4,1.4,,,9,3.1,14,4.9,0.7
56,2019,1,15,5.2,18,5.9,4,1.4,,,10,3.5,14,4.8,0.6
56,2019,2,14,4.8,17,5.5,3,1,,,9,3.1,13,4.5,0.6
56,2019,3,14,4.8,16,5.2,4,1.4,,,10,3.4,15,5.2,0.6
56,2019,4,15,5.2,17,5.5,5,1.7,,,10,3.5,16,5.5,0.6
56,2019,5,15,5.2,17,5.5,6,2.1,,,10,3.4,16,5.5,0.6
56,2019,6,15,5.2,18,5.8,4,1.4,,,9,3.1,14,4.8,0.6
56,2019,7,15,5.2,17,5.5,5,1.7,,,10,3.4,17,5.8,0.6
56,2019,8,15,5.1,16,5.2,5,1.7,,,9,3.1,15,5.1,0.7
56,2019,9,15,5.2,18,5.8,5,1.7,,,10,3.4,16,5.5,0.6
56,2019,10,15,5.1,17,5.5,6,2.1,,,11,3.8,17,5.8,0.7
56,2019,11,15,5.2,17,5.5,5,1.7,,,11,3.8,17,5.8,0.7
56,2019,12,16,5.5,18,5.8,6,2.1,,,10,3.4,17,5.8,0.7
56,2020,1,16,5.5,17,5.5,5,1.7,,,10,3.4,16,5.5,0.8
56,2020,2,16,5.5,17,5.5,5,1.7,,,10,3.5,16,5.5,0.8
56,2020,3,15,5.2,16,5.3,26,9,,,7,2.4,34,11.8,0.9
56,2020,4,12,4.6,13,4.7,16,6.1,,,3,1.1,19,7.2,1.1
56,2020,5,15,5.7,7,2.6,7,2.7,,,4,1.5,12,4.6,3.7
56,2020,6,9,3.4,7,2.6,6,2.3,,,6,2.3,13,4.9,3.1
56,2020,7,13,4.9,11,4,5,1.9,,,7,2.6,13,4.9,1.8
56,2020,8,14,5.2,13,4.6,3,1.1,,,6,2.2,10,3.7,1.4
56,2020,9,15,5.5,14,4.9,4,1.5,,,6,2.2,11,4,1.2
56,2020,10,14,5.1,15,5.2,3,1.1,,,7,2.6,11,4,1.1
56,2020,11,11,4,14,4.9,7,2.6,,,7,2.6,14,5.1,1.1
56,2020,12,14,5.1,16,5.5,4,1.5,,,7,2.5,12,4.4,1
56,2021,1,13,4.8,15,5.2,4,1.5,,,8,2.9,14,5.1,1
56,2021,2,14,5.1,18,6.1,4,1.5,,,9,3.3,13,4.7,0.8
56,2021,3,14,5.1,18,6.1,4,1.4,,,9,3.3,14,5.1,0.8
56,2021,4,14,5.1,19,6.4,4,1.4,,,10,3.6,15,5.4,0.8
56,2021,5,15,5.4,21,7,3,1.1,,,11,4,15,5.4,0.7
56,2021,6,15,5.4,23,7.6,3,1.1,,,9,3.2,13,4.7,0.6
56,2021,7,16,5.7,22,7.3,4,1.4,,,11,3.9,15,5.4,0.6
56,2021,8,16,5.7,23,7.6,3,1.1,,,11,3.9,16,5.7,0.5
56,2021,9,15,5.4,22,7.3,3,1.1,,,11,3.9,15,5.4,0.5
56,2021,10,14,5,22,7.3,3,1.1,,,11,3.9,15,5.4,0.5
56,2021,11,17,6,24,7.9,3,1.1,,,11,3.9,16,5.7,0.4
56,2021,12,16,5.7,26,8.4,3,1.1,,,10,3.5,14,5,0.4
56,2022,1,15,5.3,23,7.5,4,1.4,,,10,3.5,15,5.3,0.4
56,2022,2,17,6,25,8.1,4,1.4,,,10,3.5,15,5.3,0.4
56,2022,3,16,5.6,26,8.4,2,0.7,,,11,3.9,14,4.9,0.4
56,2022,4,17,6,26,8.4,3,1.1,,,11,3.9,15,5.3,0.4
56,2022,5,14,4.9,24,7.8,4,1.4,,,11,3.9,15,5.3,0.4
56,2022,6,16,5.6,24,7.8,4,1.4,,,9,3.2,14,4.9,0.4
56,2022,7,15,5.3,23,7.5,4,1.4,,,9,3.2,15,5.3,0.4
56,2022,8,16,5.6,22,7.2,6,2.1,,,12,4.2,19,6.7,0.5
56,2022,9,16,5.6,22,7.1,3,1,,,10,3.5,14,4.9,0.5
56,2022,10,15,5.2,19,6.2,5,1.7,,,11,3.8,16,5.6,0.5
56,2022,11,14,4.9,21,6.8,4,1.4,,,11,3.8,16,5.6,0.5
56,2022,12,16,5.6,27,8.6,3,1,,,11,3.8,15,5.2,0.4
56,2023,1,16,5.5,22,7.1,3,1,,,10,3.5,14,4.8,0.4
56,2023,2,15,5.2,19,6.2,3,1,,,9,3.1,14,4.8,0.5
56,2023,3,16,5.5,21,6.7,4,1.4,,,9,3.1,14,4.8,0.4
56,2023,4,11,3.8,20,6.4,4,1.4,,,9,3.1,14,4.8,0.4
56,2023,5,13,4.5,20,6.4,3,1,,,8,2.7,12,4.1,0.4
56,2023,6,12,4.1,19,6.1,3,1,,,9,3.1,12,4.1,0.4
56,2023,7,12,4.1,16,5.2,3,1,,,8,2.8,12,4.1,0.5
56,2023,8,13,4.5,20,6.4,4,1.4,,,10,3.4,15,5.1,0.4
56,2023,9,13,4.5,20,6.4,3,1,,,9,3.1,14,4.8,0.4
56,2023,10,12,4.1,14,4.6,3,1,,,8,2.7,12,4.1,0.6
56,2023,11,13,4.4,18,5.8,5,1.7,,,10,3.4,15,5.1,0.5
56,2023,12,14,4.8,18,5.8,4,1.4,,,8,2.7,13,4.4,0.5
56,2024,1,13,4.4,17,5.5,4,1.4,,,8,2.7,12,4.1,0.5
56,2024,2,14,4.8,17,5.5,4,1.4,,,9,3.1,14,4.8,0.5
56,2024,3,13,4.4,17,5.5,4,1.4,,,8,2.7,13,4.4,0.5
56,2024,4,13,4.4,14,4.6,4,1.4,,,8,2.7,12,4.1,0.6
56,2024,5,13,4.4,17,5.5,5,1.7,,,8,2.7,14,4.8,0.5
56,2024,6,13,4.4,16,5.2,4,1.4,,,8,2.7,12,4.1,0.6
56,2024,7,15,5.1,15,4.9,4,1.4,,,7,2.4,12,4.1,0.6
56,2024,8,12,4.1,15,4.8,3,1,,,6,2,10,3.4,0.6
56,2024,9,12,4.1,15,4.8,4,1.4,,,6,2,11,3.7,0.6
56,2024,10,15,5.1,19,6,3,1,,,7,2.4,11,3.7,0.5
56,2024,11,14,4.7,15,4.8,3,1,,,5,1.7,9,3,0.6
56,2024,12,12,4.1,14,4.5,4,1.4,,,8,2.7,13,4.4,0.7
56,2025,1,12,4.1,17,5.5,3,1,,,8,2.7,12,4.1,0.6
56,2025,2,13,4.4,16,5.1,4,1.4,,,8,2.7,13,4.4,0.6
56,2025,3,12,4.1,14,4.5,4,1.4,,,8,2.7,12,4.1,0.7
56,2025,4,13,4.4,16,5.1,3,1,,,8,2.7,12,4.1,0.6
56,2025,5,14,4.8,14,4.5,4,1.4,,,7,2.4,12,4.1,0.7
56,2025,6,14,4.8,14,4.5,5,1.7,,,8,2.7,14,4.8,0.7
56,2025,7,13,4.4,15,4.9,4,1.4,,,8,2.7,13,4.4,0.6
56,2025,8,12,4.1,14,4.6,4,1.4,,,8,2.7,13,4.4,0.7
56,2025,9,12,4.1,14,4.6,4,1.4,,,7,2.4,12,4.1,0.7
56,2025,10,15,5.1,15,4.9,3,1,,,5,1.7,9,3.1,
56,2025,11,12,4.1,12,3.9,3,1,,,5,1.7,8,2.7,0.8
56,2025,12,11,3.7,11,3.6,3,1,,,8,2.7,12,4.1,0.9
