state,year,group,n,weight,fmd_weighted,days_weighted,fmd_percent,hires_rate,openings_rate,layoffs_rate,unemployed_per_opening,months,competition_months,unemployment_rate,lower_hiring,lower_openings,competition,lag_lower_hiring,lag_unemployment_rate
1,2013,Employed,2021,1675414.9917,158839.081023,5385435.91306,9.48058133717,3.35833333333,2.64166666667,1.35833333333,3.075,12,12,7.4,-3.35833333333,-2.64166666667,1.62058641045,-3.6,8.2
1,2013,Out of work,329,283162.051028,66497.6643185,1815155.05173,23.4839605368,3.35833333333,2.64166666667,1.35833333333,3.075,12,12,7.4,-3.35833333333,-2.64166666667,1.62058641045,-3.6,8.2
1,2014,Employed,2914,1739033.77032,178988.573835,5863075.65327,10.2924150692,3.375,2.975,1.1,2.5,12,12,6.8,-3.375,-2.975,1.32192809489,-3.35833333333,7.4
1,2014,Out of work,356,212080.67905,58988.4837089,1764035.63559,27.8141714621,3.375,2.975,1.1,2.5,12,12,6.8,-3.375,-2.975,1.32192809489,-3.35833333333,7.4
1,2015,Employed,2910,1744018.01135,158358.849583,5227506.34218,9.0801154892,3.75833333333,3.65,1.13333333333,1.8,12,12,6.1,-3.75833333333,-3.65,0.847996906555,-3.375,6.8
1,2015,Out of work,367,235176.287487,49676.7947675,1531256.83141,21.1232158218,3.75833333333,3.65,1.13333333333,1.8,12,12,6.1,-3.75833333333,-3.65,0.847996906555,-3.375,6.8
1,2016,Employed,2730,1789485.93143,189150.192816,6080711.07971,10.5700854918,3.95833333333,3.675,1.23333333333,1.66666666667,12,12,5.8,-3.95833333333,-3.675,0.736965594166,-3.75833333333,6.1
1,2016,Out of work,276,195484.195949,49377.5309454,1574349.89724,25.259091,3.95833333333,3.675,1.23333333333,1.66666666667,12,12,5.8,-3.95833333333,-3.675,0.736965594166,-3.75833333333,6.1
1,2017,Employed,2354,1695462.80957,199262.464822,6506368.25078,11.7526886286,3.94166666667,3.69166666667,1.16666666667,1.30833333333,12,12,4.5,-3.94166666667,-3.69166666667,0.387730153283,-3.95833333333,5.8
1,2017,Out of work,246,178317.597033,44355.9077506,1284721.02863,24.8746665998,3.94166666667,3.69166666667,1.16666666667,1.30833333333,12,12,4.5,-3.94166666667,-3.69166666667,0.387730153283,-3.95833333333,5.8
1,2018,Employed,2398,1777768.72416,183553.884831,6340766.69575,10.3249586032,3.99166666667,4.30833333333,1.18333333333,0.941666666667,12,12,3.9,-3.99166666667,-4.30833333333,-0.0867116331933,-3.94166666667,4.5
1,2018,Out of work,213,179394.896717,50764.489553,1461816.93292,28.2976218844,3.99166666667,4.30833333333,1.18333333333,0.941666666667,12,12,3.9,-3.99166666667,-4.30833333333,-0.0867116331933,-3.94166666667,4.5
1,2019,Employed,2508,1746188.63737,258699.263974,8050595.69221,14.8150811681,3.825,4.4,1.075,0.75,12,12,3.2,-3.825,-4.4,-0.415037499279,-3.99166666667,3.9
1,2019,Out of work,250,181492.673861,57137.747363,1688141.52995,31.4821232986,3.825,4.4,1.075,0.75,12,12,3.2,-3.825,-4.4,-0.415037499279,-3.99166666667,3.9
1,2020,Employed,2034,1771001.16588,246114.769626,7972061.87748,13.8969287185,4.19166666667,4.59166666667,1.64166666667,1.575,12,12,6.4,-4.19166666667,-4.59166666667,0.655351828613,-3.825,3.2
1,2020,Out of work,249,236981.925604,55403.177665,1652995.20154,23.3786511456,4.19166666667,4.59166666667,1.64166666667,1.575,12,12,6.4,-4.19166666667,-4.59166666667,0.655351828613,-3.825,3.2
1,2021,Employed,1760,1882320.95894,329474.4288,9952809.13746,17.5036264265,4.725,6.43333333333,1.08333333333,0.558333333333,12,12,3.4,-4.725,-6.43333333333,-0.840801405151,-4.19166666667,6.4
1,2021,Out of work,145,183131.289965,55978.90235,1668481.0413,30.5676339421,4.725,6.43333333333,1.08333333333,0.558333333333,12,12,3.4,-4.725,-6.43333333333,-0.840801405151,-4.19166666667,6.4
1,2022,Employed,1586,1860890.7728,307318.401909,9535968.16127,16.5145857243,4.91666666667,6.85,1.025,0.383333333333,12,12,2.5,-4.91666666667,-6.85,-1.38332863955,-4.725,3.4
1,2022,Out of work,141,171520.954225,42789.191482,1377463.35011,24.9469178126,4.91666666667,6.85,1.025,0.383333333333,12,12,2.5,-4.91666666667,-6.85,-1.38332863955,-4.725,3.4
1,2023,Employed,1701,2002127.97716,294192.283242,9735706.45417,14.6939799353,4.275,5.875,1.05833333333,0.433333333333,12,12,2.5,-4.275,-5.875,-1.20645087747,-4.91666666667,2.5
1,2023,Out of work,123,151655.358836,49948.643254,1508206.31469,32.9356269619,4.275,5.875,1.05833333333,0.433333333333,12,12,2.5,-4.275,-5.875,-1.20645087747,-4.91666666667,2.5
1,2024,Employed,2011,2026983.26828,379510.091394,11437323.9549,18.7229020256,3.625,5.025,0.983333333333,0.616666666667,12,12,3,-3.625,-5.025,-0.69743722998,-4.275,2.5
1,2024,Out of work,155,194383.562133,56335.928037,1575201.71867,28.9818374655,3.625,5.025,0.983333333333,0.616666666667,12,12,3,-3.625,-5.025,-0.69743722998,-4.275,2.5
1,2025,Employed,1589,1994601.35755,291983.234464,9914714.60085,14.6386762126,3.175,4.56666666667,0.925,,12,11,2.9,-3.175,-4.56666666667,,-3.625,3
1,2025,Out of work,121,167810.360936,51194.750596,1603520.99494,30.5075028207,3.175,4.56666666667,0.925,,12,11,2.9,-3.175,-4.56666666667,,-3.625,3
2,2013,Employed,2456,312010.696229,20813.2031741,745031.415464,6.6706697641,5.05833333333,3.85,2.3,1.85833333333,12,12,6.9,-5.05833333333,-3.85,0.894009304312,-5.275,7.1
2,2013,Out of work,312,44490.0657309,7857.78219166,246476.860823,17.6618803829,5.05833333333,3.85,2.3,1.85833333333,12,12,6.9,-5.05833333333,-3.85,0.894009304312,-5.275,7.1
2,2014,Employed,2252,322011.373411,24446.5206604,860629.70365,7.59181900981,5.45,4.65833333333,2.125,1.5,12,12,6.7,-5.45,-4.65833333333,0.584962500721,-5.05833333333,6.9
2,2014,Out of work,200,33148.2896809,4527.9325358,153552.397545,13.6596264223,5.45,4.65833333333,2.125,1.5,12,12,6.7,-5.45,-4.65833333333,0.584962500721,-5.05833333333,6.9
2,2015,Employed,1810,311822.617883,25890.084696,904893.40952,8.30282449418,5.4,5.03333333333,2.2,1.275,12,12,6.3,-5.4,-5.03333333333,0.350497247084,-5.45,6.7
2,2015,Out of work,218,34692.6037703,7427.8736745,208486.128767,21.4105396172,5.4,5.03333333333,2.2,1.275,12,12,6.3,-5.4,-5.03333333333,0.350497247084,-5.45,6.7
2,2016,Employed,1362,317991.799071,28249.7886541,1022875.15743,8.88381044311,5.58333333333,5.23333333333,2.1,1.3,12,12,6.6,-5.58333333333,-5.23333333333,0.378511623254,-5.4,6.3
2,2016,Out of work,164,37846.4799534,10009.7102912,249718.996646,26.4481936062,5.58333333333,5.23333333333,2.1,1.3,12,12,6.6,-5.58333333333,-5.23333333333,0.378511623254,-5.4,6.3
2,2017,Employed,1497,322886.325382,29653.2885169,1045976.24546,9.18381677572,5.48333333333,5.39166666667,1.75,1.28333333333,12,12,6.6,-5.48333333333,-5.39166666667,0.359895945086,-5.58333333333,6.6
2,2017,Out of work,181,36273.7120957,7707.8912345,243271.144502,21.2492485306,5.48333333333,5.39166666667,1.75,1.28333333333,12,12,6.6,-5.48333333333,-5.39166666667,0.359895945086,-5.58333333333,6.6
2,2018,Employed,1245,305540.870451,31316.1577348,1098463.04819,10.24941694,5.775,6.29166666667,1.775,0.983333333333,12,12,6.1,-5.775,-6.29166666667,-0.0242475462467,-5.48333333333,6.6
2,2018,Out of work,126,38504.7442208,6202.7742344,218089.759174,16.1091168372,5.775,6.29166666667,1.775,0.983333333333,12,12,6.1,-5.775,-6.29166666667,-0.0242475462467,-5.48333333333,6.6
2,2019,Employed,1346,312043.997342,32535.5709388,1184748.26702,10.4265972799,6.04166666667,6.54166666667,2,0.866666666667,12,12,5.6,-6.04166666667,-6.54166666667,-0.206450877467,-5.775,6.1
2,2019,Out of work,132,24604.1291787,6442.1269459,188219.625529,26.1831130015,6.04166666667,6.54166666667,2,0.866666666667,12,12,5.6,-6.04166666667,-6.54166666667,-0.206450877467,-5.775,6.1
2,2020,Employed,1610,288496.288295,27871.6446108,936157.221824,9.66100630808,5.89166666667,5.55,3.025,2.125,12,12,8.3,-5.89166666667,-5.55,1.08746284125,-6.04166666667,5.6
2,2020,Out of work,237,41279.748737,8246.7597804,255986.345074,19.9777373475,5.89166666667,5.55,3.025,2.125,12,12,8.3,-5.89166666667,-5.55,1.08746284125,-6.04166666667,5.6
2,2021,Employed,2436,291383.118153,37487.5380925,1295390.64609,12.86537749,6.26666666667,8.275,1.325,0.825,12,12,6.4,-6.26666666667,-8.275,-0.277533975529,-5.89166666667,8.3
2,2021,Out of work,332,41810.3270863,10518.7681663,318099.354418,25.1583015473,6.26666666667,8.275,1.325,0.825,12,12,6.4,-6.26666666667,-8.275,-0.277533975529,-5.89166666667,8.3
2,2022,Employed,2597,300420.323666,44725.3016579,1385153.509,14.8875752186,6.39166666667,8.875,1.73333333333,0.508333333333,12,12,4.4,-6.39166666667,-8.875,-0.976153258046,-6.26666666667,6.4
2,2022,Out of work,261,30389.0681337,5951.52840437,186225.495494,19.5844386481,6.39166666667,8.875,1.73333333333,0.508333333333,12,12,4.4,-6.39166666667,-8.875,-0.976153258046,-6.26666666667,6.4
2,2023,Employed,2448,298489.942708,42997.9297606,1448721.20452,14.405151936,5.55,7.34166666667,1.55833333333,0.6,12,12,4.3,-5.55,-7.34166666667,-0.736965594166,-6.39166666667,4.4
2,2023,Out of work,225,29146.5878796,8904.1685536,254816.240845,30.5496087239,5.55,7.34166666667,1.55833333333,0.6,12,12,4.3,-5.55,-7.34166666667,-0.736965594166,-6.39166666667,4.4
2,2024,Employed,2468,309318.453802,45145.9873233,1485835.52268,14.5953100335,5.575,6.24166666667,1.425,0.75,12,12,4.5,-5.575,-6.24166666667,-0.415037499279,-5.55,4.3
2,2024,Out of work,197,25463.4428908,8658.29828665,252947.725541,34.0028578374,5.575,6.24166666667,1.425,0.75,12,12,4.5,-5.575,-6.24166666667,-0.415037499279,-5.55,4.3
2,2025,Employed,2355,303808.630794,40805.4114458,1315199.65882,13.4312877614,5.2,5.38333333333,1.375,,12,11,4.7,-5.2,-5.38333333333,,-5.575,4.5
2,2025,Out of work,216,32763.8730743,7871.8091942,249782.317168,24.0258811171,5.2,5.38333333333,1.375,,12,11,4.7,-5.2,-5.38333333333,,-5.575,4.5
4,2013,Employed,1504,2358742.85521,191111.092748,7107394.93681,8.10224363058,3.95833333333,3.25,1.40833333333,2.79166666667,12,12,7.8,-3.95833333333,-3.25,1.48112668974,-3.61666666667,8.4
4,2013,Out of work,217,323701.46121,77936.444274,2149902.77056,24.0766427135,3.95833333333,3.25,1.40833333333,2.79166666667,12,12,7.8,-3.95833333333,-3.25,1.48112668974,-3.61666666667,8.4
4,2014,Employed,4810,2404970.80716,234914.34714,7371716.3564,9.76786688805,4.28333333333,3.85,1.49166666667,2.05833333333,12,12,6.8,-4.28333333333,-3.85,1.04147663598,-3.95833333333,7.8
4,2014,Out of work,535,307081.843078,61149.6655129,1793563.132,19.9131491788,4.28333333333,3.85,1.49166666667,2.05833333333,12,12,6.8,-4.28333333333,-3.85,1.04147663598,-3.95833333333,7.8
4,2015,Employed,2626,2453256.56167,236010.64253,8353149.01133,9.62030006225,4.375,4,1.50833333333,1.74166666667,12,12,6.1,-4.375,-4,0.800468536472,-4.28333333333,6.8
4,2015,Out of work,266,281404.727175,63113.9530823,1904411.43157,22.4281779897,4.375,4,1.50833333333,1.74166666667,12,12,6.1,-4.375,-4,0.800468536472,-4.28333333333,6.8
4,2016,Employed,3367,2506546.70815,237763.984917,8007802.90863,9.48571930232,3.9,4.125,1.1,1.525,12,12,5.5,-3.9,-4.125,0.608809242676,-4.375,6.1
4,2016,Out of work,354,282118.541798,69076.7277791,2157390.62671,24.4850009995,3.9,4.125,1.1,1.525,12,12,5.5,-3.9,-4.125,0.608809242676,-4.375,6.1
4,2017,Employed,5868,2639464.30876,271549.00265,9293121.23547,10.2880346496,4.45,4.275,1.46666666667,1.30833333333,12,12,5,-4.45,-4.275,0.387730153283,-3.9,5.5
4,2017,Out of work,574,281799.153896,64680.2944469,1928897.59708,22.9526219482,4.45,4.275,1.46666666667,1.30833333333,12,12,5,-4.45,-4.275,0.387730153283,-3.9,5.5
4,2018,Employed,2878,2617367.63007,285843.638406,9544793.40108,10.9210351317,4.525,5.00833333333,1.21666666667,1.075,12,12,4.8,-4.525,-5.00833333333,0.104336659815,-4.45,5
4,2018,Out of work,329,271615.366712,55847.7942948,1666953.36816,20.5613529789,4.525,5.00833333333,1.21666666667,1.075,12,12,4.8,-4.525,-5.00833333333,0.104336659815,-4.45,5
4,2019,Employed,3073,2752487.85536,353105.012862,11416392.2316,12.8285765975,4.25,5.13333333333,1.09166666667,1.05833333333,12,12,4.8,-4.25,-5.13333333333,0.0817940911636,-4.525,4.8
4,2019,Out of work,350,269763.024715,91680.9195607,2612408.70609,33.9857249368,4.25,5.13333333333,1.09166666667,1.05833333333,12,12,4.8,-4.25,-5.13333333333,0.0817940911636,-4.525,4.8
4,2020,Employed,3855,2692429.75923,354058.528256,11195850.6129,13.1501491188,4.45,4.93333333333,1.99166666667,1.88333333333,12,12,7.8,-4.45,-4.93333333333,0.913288366807,-4.25,4.8
4,2020,Out of work,539,363590.898653,85045.4843131,2424331.37075,23.3904326616,4.45,4.93333333333,1.99166666667,1.88333333333,12,12,7.8,-4.45,-4.93333333333,0.913288366807,-4.25,4.8
4,2021,Employed,4343,2775982.29952,411701.097911,12938179.1162,14.8308257578,4.46666666667,6.50833333333,0.85,0.883333333333,12,12,5,-4.46666666667,-6.50833333333,-0.178970141045,-4.45,7.8
4,2021,Out of work,453,311630.297968,80008.010117,2353225.53052,25.6740152157,4.46666666667,6.50833333333,0.85,0.883333333333,12,12,5,-4.46666666667,-6.50833333333,-0.178970141045,-4.45,7.8
4,2022,Employed,3522,2783171.82521,464297.426472,14632234.6809,16.6823126861,4.85,7.13333333333,0.925,0.558333333333,12,12,3.8,-4.85,-7.13333333333,-0.840801405151,-4.46666666667,5
4,2022,Out of work,312,240337.355689,78110.3969573,2129854.2321,32.500314707,4.85,7.13333333333,0.925,0.558333333333,12,12,3.8,-4.85,-7.13333333333,-0.840801405151,-4.46666666667,5
4,2023,Employed,4079,2765667.8117,413116.379952,13605634.7162,14.9373101934,4.1,5.75833333333,1.15833333333,0.708333333333,12,12,3.7,-4.1,-5.75833333333,-0.497499659471,-4.85,3.8
4,2023,Out of work,375,285584.221791,82260.8062267,2247250.46281,28.8043946233,4.1,5.75833333333,1.15833333333,0.708333333333,12,12,3.7,-4.1,-5.75833333333,-0.497499659471,-4.85,3.8
4,2024,Employed,3060,2867585.01588,385262.590707,12908587.6094,13.4350887096,3.5,4.93333333333,1.125,0.816666666667,12,12,3.7,-3.5,-4.93333333333,-0.292180751493,-4.1,3.7
4,2024,Out of work,370,342637.362206,90486.9563676,2769076.09836,26.4089577929,3.5,4.93333333333,1.125,0.816666666667,12,12,3.7,-3.5,-4.93333333333,-0.292180751493,-4.1,3.7
4,2025,Employed,1568,2903816.12371,463407.693978,14811163.649,15.9585756892,3.425,4.4,0.991666666667,,12,11,4.3,-3.425,-4.4,,-3.5,3.7
4,2025,Out of work,165,278741.938103,76735.218739,2099332.59316,27.5291257789,3.425,4.4,0.991666666667,,12,11,4.3,-3.425,-4.4,,-3.5,3.7
5,2013,Employed,1779,1067571.66697,113410.636761,3693235.77898,10.6232340432,3.45,2.58333333333,1.21666666667,3.01666666667,12,12,7,-3.45,-2.58333333333,1.59295529147,-3.325,7.2
5,2013,Out of work,196,133989.890016,26679.5287548,754388.642132,19.9115983687,3.45,2.58333333333,1.21666666667,3.01666666667,12,12,7,-3.45,-2.58333333333,1.59295529147,-3.325,7.2
5,2014,Employed,1558,1051233.5207,93788.8504433,3273799.75446,8.92179031553,3.83333333333,3.18333333333,1.29166666667,2.025,12,12,5.9,-3.83333333333,-3.18333333333,1.017921908,-3.45,7
5,2014,Out of work,169,150600.296577,35394.2412305,1100127.90716,23.5021059287,3.83333333333,3.18333333333,1.29166666667,2.025,12,12,5.9,-3.83333333333,-3.18333333333,1.017921908,-3.45,7
5,2015,Employed,1549,1068480.03094,126816.309573,4231728.47089,11.8688516303,3.68333333333,3.6,1.14166666667,1.475,12,12,5,-3.68333333333,-3.6,0.560714954474,-3.83333333333,5.9
5,2015,Out of work,149,139805.189377,25962.0673349,832355.457424,18.5701742908,3.68333333333,3.6,1.14166666667,1.475,12,12,5,-3.68333333333,-3.6,0.560714954474,-3.83333333333,5.9
5,2016,Employed,1550,1070510.72507,136383.328035,4383519.13663,12.7400244426,3.65,3.68333333333,1.2,1.13333333333,12,12,4,-3.65,-3.68333333333,0.180572245642,-3.68333333333,5
5,2016,Out of work,143,121703.078503,33946.306575,1012464.30011,27.8927262914,3.65,3.68333333333,1.2,1.13333333333,12,12,4,-3.65,-3.68333333333,0.180572245642,-3.68333333333,5
5,2017,Employed,1446,1080138.22675,124392.381953,4152036.93018,11.5163391937,4.175,3.76666666667,1.25,1.025,12,12,3.7,-4.175,-3.76666666667,0.0356239097307,-3.65,4
5,2017,Out of work,161,145384.934364,55910.5749827,1448749.05892,38.4569248713,4.175,3.76666666667,1.25,1.025,12,12,3.7,-4.175,-3.76666666667,0.0356239097307,-3.65,4
5,2018,Employed,1490,1052523.61289,136903.677669,4588523.40782,13.0071834961,4.29166666667,4.3,1.3,0.858333333333,12,12,3.6,-4.29166666667,-4.3,-0.220390068425,-4.175,3.7
5,2018,Out of work,147,135807.683446,32160.5967401,998991.181454,23.6809847013,4.29166666667,4.3,1.3,0.858333333333,12,12,3.6,-4.29166666667,-4.3,-0.220390068425,-4.175,3.7
5,2019,Employed,1522,1061776.14318,155323.506137,4867444.10557,14.6286490928,4.35833333333,4.625,1.21666666667,0.766666666667,12,12,3.5,-4.35833333333,-4.625,-0.383328639552,-4.29166666667,3.6
5,2019,Out of work,137,108697.782214,33074.3465262,987766.135046,30.4278025297,4.35833333333,4.625,1.21666666667,0.766666666667,12,12,3.5,-4.35833333333,-4.625,-0.383328639552,-4.29166666667,3.6
5,2020,Employed,1559,1079017.62321,175544.917157,5074584.24608,16.268957372,4.41666666667,4.33333333333,1.81666666667,1.49166666667,12,12,6.1,-4.41666666667,-4.33333333333,0.576925181656,-4.35833333333,3.5
5,2020,Out of work,171,145820.884017,43718.3185526,1263643.2147,29.9808349451,4.41666666667,4.33333333333,1.81666666667,1.49166666667,12,12,6.1,-4.41666666667,-4.33333333333,0.576925181656,-4.35833333333,3.5
5,2021,Employed,1491,1120022.19991,204477.36366,6144611.87663,18.2565456003,4.89166666667,6.15,1.04166666667,0.691666666667,12,12,4,-4.89166666667,-6.15,-0.531851164262,-4.41666666667,6.1
5,2021,Out of work,117,87637.6870821,27450.8822384,777285.140105,31.3231477831,4.89166666667,6.15,1.04166666667,0.691666666667,12,12,4,-4.89166666667,-6.15,-0.531851164262,-4.41666666667,6.1
5,2022,Employed,1861,1089945.65717,221122.88777,6681209.6518,20.2875149157,4.88333333333,7.04166666667,1.04166666667,0.441666666667,12,12,3.2,-4.88333333333,-7.04166666667,-1.17897014105,-4.89166666667,4
5,2022,Out of work,152,104815.799011,34389.7445564,943839.078216,32.809695562,4.88333333333,7.04166666667,1.04166666667,0.441666666667,12,12,3.2,-4.88333333333,-7.04166666667,-1.17897014105,-4.89166666667,4
5,2023,Employed,1854,1089298.51117,203072.219326,6366207.27536,18.6424765336,4.38333333333,6.04166666667,1.10833333333,0.516666666667,12,12,3.2,-4.38333333333,-6.04166666667,-0.952694285222,-4.88333333333,3.2
5,2023,Out of work,138,86935.9129547,24003.531641,684812.620319,27.6106051288,4.38333333333,6.04166666667,1.10833333333,0.516666666667,12,12,3.2,-4.38333333333,-6.04166666667,-0.952694285222,-4.88333333333,3.2
5,2024,Employed,1875,1131897.13722,210963.171031,6556228.64815,18.6380161319,3.95,4.85,1.08333333333,0.733333333333,12,12,3.5,-3.95,-4.85,-0.447458976971,-4.38333333333,3.2
5,2024,Out of work,162,117964.749703,36908.7357403,1257428.46707,31.2879362974,3.95,4.85,1.08333333333,0.733333333333,12,12,3.5,-3.95,-4.85,-0.447458976971,-4.38333333333,3.2
5,2025,Employed,1669,1112031.23647,184501.127558,5837500.25027,16.5913619606,3.45,4.56666666667,1.025,,12,11,4.1,-3.45,-4.56666666667,,-3.95,3.5
5,2025,Out of work,122,89687.1033356,32643.1082119,959624.589098,36.3966579339,3.45,4.56666666667,1.025,,12,11,4.1,-3.45,-4.56666666667,,-3.95,3.5
6,2013,Employed,5093,14707980.3859,1298082.93759,45005849.8132,8.8257048455,3.175,2.84166666667,1.29166666667,3.8,12,12,9,-3.175,-2.84166666667,1.92599941856,-3,10.4
6,2013,Out of work,825,2495979.11197,481657.329825,14659713.7652,19.2973301545,3.175,2.84166666667,1.29166666667,3.8,12,12,9,-3.175,-2.84166666667,1.92599941856,-3,10.4
6,2014,Employed,3987,14252195.6864,1229210.34839,41211190.4051,8.62470860943,3.3,3.20833333333,1.34166666667,2.75,12,12,7.6,-3.3,-3.20833333333,1.45943161864,-3.175,9
6,2014,Out of work,493,1958427.81781,315622.691154,9360434.3074,16.116125817,3.3,3.20833333333,1.34166666667,2.75,12,12,7.6,-3.3,-3.20833333333,1.45943161864,-3.175,9
6,2015,Employed,6264,15694822.5375,1390626.87109,46542431.0523,8.86041793571,3.39166666667,3.525,1.3,1.99166666667,12,12,6.2,-3.39166666667,-3.525,0.993976212372,-3.3,7.6
6,2015,Out of work,737,1820476.16332,374527.940524,11320009.3579,20.5730757738,3.39166666667,3.525,1.3,1.99166666667,12,12,6.2,-3.39166666667,-3.525,0.993976212372,-3.3,7.6
6,2016,Employed,5544,15800099.1359,1306733.46455,46602839.8175,8.27041307346,3.425,3.81666666667,1.09166666667,1.63333333333,12,12,5.5,-3.425,-3.81666666667,0.707819248507,-3.39166666667,6.2
6,2016,Out of work,602,1765705.23273,321831.173793,9924488.0712,18.2267780503,3.425,3.81666666667,1.09166666667,1.63333333333,12,12,5.5,-3.425,-3.81666666667,0.707819248507,-3.39166666667,6.2
6,2017,Employed,4669,16022183.1934,1431871.92124,48348381.1293,8.93680907249,3.35,3.825,1.00833333333,1.40833333333,12,12,4.8,-3.35,-3.825,0.493988840674,-3.425,5.5
6,2017,Out of work,483,1687058.11168,278298.784417,8298550.58529,16.4960994817,3.35,3.825,1.00833333333,1.40833333333,12,12,4.8,-3.35,-3.825,0.493988840674,-3.425,5.5
6,2018,Employed,6093,16297474.0811,1533145.35853,54191780.4077,9.4072575351,3.325,4.20833333333,1.03333333333,1.08333333333,12,12,4.3,-3.325,-4.20833333333,0.11547721742,-3.35,4.8
6,2018,Out of work,593,1554976.43772,305313.159468,9678590.50293,19.6345842974,3.325,4.20833333333,1.03333333333,1.08333333333,12,12,4.3,-3.325,-4.20833333333,0.11547721742,-3.35,4.8
6,2019,Employed,5664,16090818.812,1632284.82491,54857673.7148,10.1441998942,3.34166666667,4.21666666667,1.20833333333,1.04166666667,12,12,4.1,-3.34166666667,-4.21666666667,0.0588936890536,-3.325,4.3
6,2019,Out of work,566,1585595.01042,296651.125665,8975037.2787,18.7091359215,3.34166666667,4.21666666667,1.20833333333,1.04166666667,12,12,4.1,-3.34166666667,-4.21666666667,0.0588936890536,-3.325,4.3
6,2020,Employed,2308,15204118.926,1618149.21919,55571173.5193,10.642834531,4.14166666667,3.96666666667,2.53333333333,3.05,12,12,10.1,-4.14166666667,-3.96666666667,1.60880924268,-3.34166666667,4.1
6,2020,Out of work,355,2619480.32732,534883.61375,14933043.7592,20.4194552702,4.14166666667,3.96666666667,2.53333333333,3.05,12,12,10.1,-4.14166666667,-3.96666666667,1.60880924268,-3.34166666667,4.1
6,2021,Employed,3196,15630322.705,2029342.84946,66739156.3059,12.9833714106,3.96666666667,5.79166666667,0.9,1.43333333333,12,12,7.3,-3.96666666667,-5.79166666667,0.519374159094,-4.14166666667,10.1
6,2021,Out of work,477,2507091.2579,506849.716599,14368118.5184,20.2166440891,3.96666666667,5.79166666667,0.9,1.43333333333,12,12,7.3,-3.96666666667,-5.79166666667,0.519374159094,-4.14166666667,10.1
6,2022,Employed,5030,14984882.8764,1967284.4298,66085214.1096,13.1284605027,3.58333333333,6.60833333333,0.85,0.65,12,12,4.3,-3.58333333333,-6.60833333333,-0.621488376746,-3.96666666667,7.3
6,2022,Out of work,479,1632169.86291,455391.351404,12706329.8653,27.9009778181,3.58333333333,6.60833333333,0.85,0.65,12,12,4.3,-3.58333333333,-6.60833333333,-0.621488376746,-3.96666666667,7.3
6,2023,Employed,4913,15237270.9994,2088010.14371,68018151.1313,13.7033077891,3.1,4.66666666667,1.01666666667,1.06666666667,12,12,4.7,-3.1,-4.66666666667,0.0931094043915,-3.58333333333,4.3
6,2023,Out of work,595,1817401.34116,481210.426302,13436653.4868,26.4779394294,3.1,4.66666666667,1.01666666667,1.06666666667,12,12,4.7,-3.1,-4.66666666667,0.0931094043915,-3.58333333333,4.3
6,2024,Employed,3292,14642182.9727,1990808.86727,66726761.5005,13.5963938641,2.85833333333,3.60833333333,1.03333333333,1.575,12,12,5.3,-2.85833333333,-3.60833333333,0.655351828613,-3.1,4.7
6,2024,Out of work,485,2122804.86886,569537.372493,16598430.9555,26.8294736293,2.85833333333,3.60833333333,1.03333333333,1.575,12,12,5.3,-2.85833333333,-3.60833333333,0.655351828613,-3.1,4.7
8,2013,Employed,6442,2266635.90253,180657.945452,6456233.36941,7.9703116522,4.30833333333,2.93333333333,1.49166666667,2.6,12,12,6.7,-4.30833333333,-2.93333333333,1.37851162325,-3.64166666667,8
8,2013,Out of work,596,256816.587096,45374.1948535,1426794.81411,17.6679377943,4.30833333333,2.93333333333,1.49166666667,2.6,12,12,6.7,-4.30833333333,-2.93333333333,1.37851162325,-3.64166666667,8
8,2014,Employed,6079,2319898.43225,184893.237505,6624975.38184,7.96988501458,4.425,3.76666666667,1.45833333333,1.475,12,12,5,-4.425,-3.76666666667,0.560714954474,-4.30833333333,6.7
8,2014,Out of work,474,198900.304154,35525.6728667,1056047.84096,17.8610450184,4.425,3.76666666667,1.45833333333,1.475,12,12,5,-4.425,-3.76666666667,0.560714954474,-4.30833333333,6.7
8,2015,Employed,6041,2327878.71305,199957.738809,7309377.74799,8.58969746523,4.48333333333,4.09166666667,1.4,0.975,12,12,3.7,-4.48333333333,-4.09166666667,-0.0365258760251,-4.425,5
8,2015,Out of work,459,176682.056672,46587.3014641,1286763.85706,26.3678736491,4.48333333333,4.09166666667,1.4,0.975,12,12,3.7,-4.48333333333,-4.09166666667,-0.0365258760251,-4.425,5
8,2016,Employed,6629,2434420.53943,228109.140184,8043703.79209,9.37016166635,4.75,4.40833333333,1.71666666667,0.75,12,12,3.1,-4.75,-4.40833333333,-0.415037499279,-4.48333333333,3.7
8,2016,Out of work,445,165588.954564,35695.9415167,1203155.94084,21.5569580777,4.75,4.40833333333,1.71666666667,0.75,12,12,3.1,-4.75,-4.40833333333,-0.415037499279,-4.48333333333,3.7
8,2017,Employed,4457,2427357.5082,248641.078499,8471749.06311,10.243282156,3.98333333333,4.4,1.11666666667,0.633333333333,12,12,2.6,-3.98333333333,-4.4,-0.658963082165,-4.75,3.1
8,2017,Out of work,346,201942.226336,43055.7412794,1300223.58492,21.3208213362,3.98333333333,4.4,1.11666666667,0.633333333333,12,12,2.6,-3.98333333333,-4.4,-0.658963082165,-4.75,3.1
8,2018,Employed,4107,2502173.26523,248554.514735,8571007.93339,9.93354529797,4.20833333333,4.95,1.33333333333,0.666666666667,12,12,3,-4.20833333333,-4.95,-0.584962500721,-3.98333333333,2.6
8,2018,Out of work,284,174665.568647,41543.746279,1224354.09568,23.784737084,4.20833333333,4.95,1.33333333333,0.666666666667,12,12,3,-4.20833333333,-4.95,-0.584962500721,-3.98333333333,2.6
8,2019,Employed,4135,2549672.10679,278745.453629,9451472.71684,10.9326000346,4.14166666667,5,1.23333333333,0.55,12,12,2.7,-4.14166666667,-5,-0.86249647625,-4.20833333333,3
8,2019,Out of work,287,170723.633814,50854.046688,1400809.94253,29.7873502057,4.14166666667,5,1.23333333333,0.55,12,12,2.7,-4.14166666667,-5,-0.86249647625,-4.20833333333,3
8,2020,Employed,4807,2487360.39115,300000.654934,10260577.6414,12.0610047503,4.675,3.99166666667,2.96666666667,1.95,12,12,6.8,-4.675,-3.99166666667,0.963474123975,-4.14166666667,2.7
8,2020,Out of work,538,282340.564989,65843.4737238,1960823.14473,23.3205858061,4.675,3.99166666667,2.96666666667,1.95,12,12,6.8,-4.675,-3.99166666667,0.963474123975,-4.14166666667,2.7
8,2021,Employed,5254,2496383.77719,312386.430381,10969528.6003,12.5135579407,4.7,6.65,1.23333333333,0.925,12,12,5.5,-4.7,-6.65,-0.112474729258,-4.675,6.8
8,2021,Out of work,483,231252.885854,62121.28554,1909836.52208,26.8629233796,4.7,6.65,1.23333333333,0.925,12,12,5.5,-4.7,-6.65,-0.112474729258,-4.675,6.8
8,2022,Employed,4656,2472422.5072,358305.099002,12152938.3377,14.4920658972,4.5,7.30833333333,1.19166666667,0.433333333333,12,12,3.1,-4.5,-7.30833333333,-1.20645087747,-4.7,5.5
8,2022,Out of work,301,172692.933739,61785.137624,1844839.44167,35.7774555602,4.5,7.30833333333,1.19166666667,0.433333333333,12,12,3.1,-4.5,-7.30833333333,-1.20645087747,-4.7,5.5
8,2023,Employed,4256,2540041.29883,393663.578508,13417304.6672,15.49831409,3.83333333333,6.975,0.983333333333,0.508333333333,12,12,3.3,-3.83333333333,-6.975,-0.976153258046,-4.5,3.1
8,2023,Out of work,345,209107.976779,62502.477439,1905253.38438,29.8900493428,3.83333333333,6.975,0.983333333333,0.508333333333,12,12,3.3,-3.83333333333,-6.975,-0.976153258046,-4.5,3.1
8,2024,Employed,5040,2561620.24303,374943.627226,12558054.9756,14.6369715904,3.60833333333,5.30833333333,1.2,0.833333333333,12,12,4.1,-3.60833333333,-5.30833333333,-0.263034405834,-3.83333333333,3.3
8,2024,Out of work,492,249143.91826,68383.309175,2025504.01846,27.4473122413,3.60833333333,5.30833333333,1.2,0.833333333333,12,12,4.1,-3.60833333333,-5.30833333333,-0.263034405834,-3.83333333333,3.3
8,2025,Employed,4228,2585329.1414,364864.42584,12680724.8755,14.1128810254,3.78333333333,4.09166666667,1.45833333333,,12,11,4,-3.78333333333,-4.09166666667,,-3.60833333333,4.1
8,2025,Out of work,431,240261.305327,73886.0991844,2182455.56197,30.7523923105,3.78333333333,4.09166666667,1.45833333333,,12,11,4,-3.78333333333,-4.09166666667,,-3.60833333333,4.1
9,2013,Employed,3617,1494388.80318,129753.829709,4556554.23196,8.68273567312,2.45,2.425,1.13333333333,3.63333333333,12,12,7.9,-2.45,-2.425,1.86129372917,-2.5,8.4
9,2013,Out of work,450,223834.070908,52337.9519247,1588598.42258,23.3824777936,2.45,2.425,1.13333333333,3.63333333333,12,12,7.9,-2.45,-2.425,1.86129372917,-2.5,8.4
9,2014,Employed,3596,1494587.25926,134915.672607,4679942.51608,9.02695187388,2.60833333333,2.85833333333,1.19166666667,2.58333333333,12,12,6.6,-2.60833333333,-2.85833333333,1.36923380967,-2.45,7.9
9,2014,Out of work,379,185535.372394,38754.1689788,1155419.84042,20.8877522807,2.60833333333,2.85833333333,1.19166666667,2.58333333333,12,12,6.6,-2.60833333333,-2.85833333333,1.36923380967,-2.45,7.9
9,2015,Employed,5052,1481171.81892,126239.165467,4411440.08105,8.52292514981,2.85833333333,3.08333333333,1.1,2.03333333333,12,12,5.6,-2.85833333333,-3.08333333333,1.02384674195,-2.60833333333,6.6
9,2015,Out of work,542,181377.719048,44347.6938525,1301792.08595,24.4504639738,2.85833333333,3.08333333333,1.1,2.03333333333,12,12,5.6,-2.85833333333,-3.08333333333,1.02384674195,-2.60833333333,6.6
9,2016,Employed,4715,1510657.14886,133742.749112,4848405.01562,8.85328277255,3.075,3.39166666667,1.21666666667,1.56666666667,12,12,4.9,-3.075,-3.39166666667,0.647698256069,-2.85833333333,5.6
9,2016,Out of work,423,148078.009963,31453.3846212,974266.181317,21.2410908474,3.075,3.39166666667,1.21666666667,1.56666666667,12,12,4.9,-3.075,-3.39166666667,0.647698256069,-2.85833333333,5.6
9,2017,Employed,4685,1481990.96377,123425.080232,4421865.29409,8.3283287989,3.18333333333,3.81666666667,1.325,1.25833333333,12,12,4.4,-3.18333333333,-3.81666666667,0.331514143717,-3.075,4.9
9,2017,Out of work,409,160477.699342,34175.4980234,1073856.74218,21.2961041712,3.18333333333,3.81666666667,1.325,1.25833333333,12,12,4.4,-3.18333333333,-3.81666666667,0.331514143717,-3.075,4.9
9,2018,Employed,4573,1512740.69839,142909.030602,5097953.74156,9.4470275543,2.975,3.775,1,1.125,12,12,3.9,-2.975,-3.775,0.169925001442,-3.18333333333,4.4
9,2018,Out of work,409,143785.07381,31009.0823612,921390.052839,21.5662735634,2.975,3.775,1,1.125,12,12,3.9,-2.975,-3.775,0.169925001442,-3.18333333333,4.4
9,2019,Employed,3697,1451851.29567,141404.029996,4912849.56896,9.73956702159,3.375,3.7,1.21666666667,1.05833333333,12,12,3.6,-3.375,-3.7,0.0817940911636,-2.975,3.9
9,2019,Out of work,329,144531.460141,33401.2353871,995741.11224,23.1100103428,3.375,3.7,1.21666666667,1.05833333333,12,12,3.6,-3.375,-3.7,0.0817940911636,-2.975,3.9
9,2020,Employed,3955,1384569.88175,163321.962109,5433591.80823,11.7958626908,4.125,3.61666666667,2.7,2.65833333333,12,12,8,-4.125,-3.61666666667,1.41052201816,-3.375,3.6
9,2020,Out of work,584,220191.046398,45306.6867078,1322471.50753,20.5760803852,4.125,3.61666666667,2.7,2.65833333333,12,12,8,-4.125,-3.61666666667,1.41052201816,-3.375,3.6
9,2021,Employed,4144,1479045.99328,169791.731693,5943273.2672,11.4798141819,3.74166666667,5.60833333333,0.891666666667,1.28333333333,12,12,6.4,-3.74166666667,-5.60833333333,0.359895945086,-4.125,8
9,2021,Out of work,432,163958.088955,42446.3140249,1176904.36533,25.888514739,3.74166666667,5.60833333333,0.891666666667,1.28333333333,12,12,6.4,-3.74166666667,-5.60833333333,0.359895945086,-4.125,8
9,2022,Employed,4382,1388070.40535,202351.880972,6663157.26861,14.5779263208,3.69166666667,6.78333333333,0.875,0.65,12,12,4,-3.69166666667,-6.78333333333,-0.621488376746,-3.74166666667,6.4
9,2022,Out of work,356,128246.86129,32604.2697905,932349.061754,25.423054773,3.69166666667,6.78333333333,0.875,0.65,12,12,4,-3.69166666667,-6.78333333333,-0.621488376746,-3.74166666667,6.4
9,2023,Employed,4224,1469773.96407,213865.702451,7080983.24912,14.5509246782,3.475,5.09166666667,1.025,0.691666666667,12,12,3.2,-3.475,-5.09166666667,-0.531851164262,-3.69166666667,4
9,2023,Out of work,404,155250.646986,43845.7910118,1291050.51199,28.2419377072,3.475,5.09166666667,1.025,0.691666666667,12,12,3.2,-3.475,-5.09166666667,-0.531851164262,-3.69166666667,4
9,2024,Employed,3349,1430153.57067,195386.304963,6575764.81631,13.6619107884,3.2,4.46666666667,1.15,0.808333333333,12,12,3.3,-3.2,-4.46666666667,-0.306977753421,-3.475,3.2
9,2024,Out of work,310,143133.63537,36714.0365897,1080206.14745,25.6501810318,3.2,4.46666666667,1.15,0.808333333333,12,12,3.3,-3.2,-4.46666666667,-0.306977753421,-3.475,3.2
9,2025,Employed,3316,1473388.27233,239900.947631,7602361.96352,16.2822626009,3.10833333333,4,1.21666666667,,12,11,4,-3.10833333333,-4,,-3.2,3.3
9,2025,Out of work,317,144340.707244,33073.1015281,1011200.52449,22.9132184258,3.10833333333,4,1.21666666667,,12,11,4,-3.10833333333,-4,,-3.2,3.3
10,2013,Employed,2275,390877.75132,34137.8399157,1178096.23224,8.73363597709,4.50833333333,3.16666666667,1.50833333333,2.06666666667,12,12,6.5,-4.50833333333,-3.16666666667,1.04730571478,-4,7
10,2013,Out of work,251,44651.8190337,8439.2607789,252832.201282,18.9001500085,4.50833333333,3.16666666667,1.50833333333,2.06666666667,12,12,6.5,-4.50833333333,-3.16666666667,1.04730571478,-4,7
10,2014,Employed,1730,384222.505694,34443.8878809,1183289.82687,8.96456802256,4.31666666667,3.61666666667,1.44166666667,1.58333333333,12,12,5.6,-4.31666666667,-3.61666666667,0.662965012722,-4.50833333333,6.5
10,2014,Out of work,180,38878.7981141,7983.3700293,249610.92294,20.5339938901,4.31666666667,3.61666666667,1.44166666667,1.58333333333,12,12,5.6,-4.31666666667,-3.61666666667,0.662965012722,-4.50833333333,6.5
10,2015,Employed,1604,389210.361213,31056.7708273,1101048.98481,7.97943064273,4.525,4.29166666667,1.40833333333,1.10833333333,12,12,4.8,-4.525,-4.29166666667,0.148391839893,-4.31666666667,5.6
10,2015,Out of work,153,38556.8949979,12237.9773181,331051.140295,31.7400488778,4.525,4.29166666667,1.40833333333,1.10833333333,12,12,4.8,-4.525,-4.29166666667,0.148391839893,-4.31666666667,5.6
10,2016,Employed,1724,391518.917674,37029.600379,1187238.69851,9.45793388452,4.05833333333,4.10833333333,1.23333333333,1.08333333333,12,12,4.5,-4.05833333333,-4.10833333333,0.11547721742,-4.525,4.8
10,2016,Out of work,148,32572.0005838,5902.3241169,198573.724249,18.1208522999,4.05833333333,4.10833333333,1.23333333333,1.08333333333,12,12,4.5,-4.05833333333,-4.10833333333,0.11547721742,-4.525,4.8
10,2017,Employed,1701,375451.502624,42981.7148505,1335746.74851,11.4480071461,4.33333333333,4.11666666667,1.375,1.05833333333,12,12,4.4,-4.33333333333,-4.11666666667,0.0817940911636,-4.05833333333,4.5
10,2017,Out of work,186,35328.1364192,11372.805362,287836.390704,32.1919198541,4.33333333333,4.11666666667,1.375,1.05833333333,12,12,4.4,-4.33333333333,-4.11666666667,0.0817940911636,-4.05833333333,4.5
10,2018,Employed,2131,383994.044347,45975.3249883,1484098.5184,11.9729265766,4.49166666667,4.58333333333,1.36666666667,0.816666666667,12,12,3.7,-4.49166666667,-4.58333333333,-0.292180751493,-4.33333333333,4.4
10,2018,Out of work,194,33309.6312081,6323.3640097,190501.917141,18.9835905723,4.49166666667,4.58333333333,1.36666666667,0.816666666667,12,12,3.7,-4.49166666667,-4.58333333333,-0.292180751493,-4.33333333333,4.4
10,2019,Employed,1643,384374.238223,42698.0223996,1458115.6904,11.1084506072,4.58333333333,4.61666666667,1.36666666667,0.766666666667,12,12,3.6,-4.58333333333,-4.61666666667,-0.383328639552,-4.49166666667,3.7
10,2019,Out of work,127,27055.4417891,7627.5627445,239379.55579,28.1923422429,4.58333333333,4.61666666667,1.36666666667,0.766666666667,12,12,3.6,-4.58333333333,-4.61666666667,-0.383328639552,-4.49166666667,3.7
10,2020,Employed,1732,374105.679472,40590.4290783,1387627.54931,10.8499900712,4.61666666667,4.53333333333,2.29166666667,1.8,12,12,7.5,-4.61666666667,-4.53333333333,0.847996906555,-4.58333333333,3.6
10,2020,Out of work,239,53008.0179318,13425.5492491,362925.128206,25.3273934264,4.61666666667,4.53333333333,2.29166666667,1.8,12,12,7.5,-4.61666666667,-4.53333333333,0.847996906555,-4.58333333333,3.6
10,2021,Employed,1574,375079.857812,40648.2481859,1420941.93779,10.8372250174,4.94166666667,6.49166666667,1.11666666667,0.883333333333,12,12,5.5,-4.94166666667,-6.49166666667,-0.178970141045,-4.61666666667,7.5
10,2021,Out of work,156,47622.6257954,8547.2352536,287870.03731,17.9478454009,4.94166666667,6.49166666667,1.11666666667,0.883333333333,12,12,5.5,-4.94166666667,-6.49166666667,-0.178970141045,-4.61666666667,7.5
10,2022,Employed,1584,392933.4053,54622.5770101,1757752.60012,13.9012301508,5.29166666667,7.29166666667,1.16666666667,0.583333333333,12,12,4.2,-5.29166666667,-7.29166666667,-0.777607578664,-4.94166666667,5.5
10,2022,Out of work,122,29748.0600941,10010.5645142,282586.285826,33.6511506382,5.29166666667,7.29166666667,1.16666666667,0.583333333333,12,12,4.2,-5.29166666667,-7.29166666667,-0.777607578664,-4.94166666667,5.5
10,2023,Employed,1565,400479.202823,62984.167076,1953568.20539,15.7272004718,4.59166666667,6.025,1.24166666667,0.65,12,12,3.9,-4.59166666667,-6.025,-0.621488376746,-5.29166666667,4.2
10,2023,Out of work,122,38226.0081969,12164.5723433,376709.630885,31.8227639168,4.59166666667,6.025,1.24166666667,0.65,12,12,3.9,-4.59166666667,-6.025,-0.621488376746,-5.29166666667,4.2
10,2024,Employed,1430,403602.807372,65044.3261884,2067983.15586,16.1159251126,3.93333333333,4.85,1.06666666667,0.808333333333,12,12,3.9,-3.93333333333,-4.85,-0.306977753421,-4.59166666667,3.9
10,2024,Out of work,157,43675.1442402,17738.1129774,472519.784708,40.6137479017,3.93333333333,4.85,1.06666666667,0.808333333333,12,12,3.9,-3.93333333333,-4.85,-0.306977753421,-4.59166666667,3.9
10,2025,Employed,1311,384888.279402,54813.4459461,1757967.60912,14.2413913022,3.60833333333,4.53333333333,1.06666666667,,12,11,4.8,-3.60833333333,-4.53333333333,,-3.93333333333,3.9
10,2025,Out of work,142,46371.1763576,13852.5087911,410049.677629,29.8731019551,3.60833333333,4.53333333333,1.06666666667,,12,11,4.8,-3.60833333333,-4.53333333333,,-3.93333333333,3.9
11,2013,Employed,2129,289633.32664,14847.7339782,663298.191188,5.12639002925,2.4,2.26666666667,0.858333333333,1.83333333333,12,12,8.4,-2.4,-2.26666666667,0.874469117916,-2.4,8.9
11,2013,Out of work,292,54616.0799113,12824.6896877,410715.670034,23.4815272508,2.4,2.26666666667,0.858333333333,1.83333333333,12,12,8.4,-2.4,-2.26666666667,0.874469117916,-2.4,8.9
11,2014,Employed,1596,295397.825247,20345.3945511,755739.347543,6.88745576719,2.43333333333,2.96666666667,0.858333333333,1.28333333333,12,12,7.7,-2.43333333333,-2.96666666667,0.359895945086,-2.4,8.4
11,2014,Out of work,192,43594.4555824,9328.2518541,284148.829367,21.3977941219,2.43333333333,2.96666666667,0.858333333333,1.28333333333,12,12,7.7,-2.43333333333,-2.96666666667,0.359895945086,-2.4,8.4
11,2015,Employed,1431,294623.468289,20772.7379689,765699.654808,7.05060533348,2.56666666667,3.35,0.783333333333,1,12,12,6.9,-2.56666666667,-3.35,0,-2.43333333333,7.7
11,2015,Out of work,176,54332.1326635,10085.580048,327701.695709,18.5628274717,2.56666666667,3.35,0.783333333333,1,12,12,6.9,-2.56666666667,-3.35,0,-2.43333333333,7.7
11,2016,Employed,1821,332557.831789,22436.9600154,943803.435079,6.74678442986,2.39166666667,3.49166666667,0.833333333333,0.875,12,12,6.2,-2.39166666667,-3.49166666667,-0.192645077942,-2.56666666667,6.9
11,2016,Out of work,238,36358.2807424,7846.3344422,236078.472227,21.5805980976,2.39166666667,3.49166666667,0.833333333333,0.875,12,12,6.2,-2.39166666667,-3.49166666667,-0.192645077942,-2.56666666667,6.9
11,2017,Employed,1806,336079.232235,24790.868531,994569.632744,7.37649522886,2.68333333333,3.33333333333,0.891666666667,0.891666666667,12,12,6.1,-2.68333333333,-3.33333333333,-0.165423609207,-2.39166666667,6.2
11,2017,Out of work,265,39185.9408996,6140.0012357,213489.135904,15.6688881133,2.68333333333,3.33333333333,0.891666666667,0.891666666667,12,12,6.1,-2.68333333333,-3.33333333333,-0.165423609207,-2.39166666667,6.2
11,2018,Employed,1826,325035.362742,33413.8728051,1166273.40634,10.2800730737,2.89166666667,3.325,0.933333333333,0.825,12,12,5.7,-2.89166666667,-3.325,-0.277533975529,-2.68333333333,6.1
11,2018,Out of work,197,35845.7946561,7427.4481029,236583.19992,20.7205564116,2.89166666667,3.325,0.933333333333,0.825,12,12,5.7,-2.89166666667,-3.325,-0.277533975529,-2.68333333333,6.1
11,2019,Employed,1127,333371.995927,32372.0213176,1284343.40199,9.71048009825,2.99166666667,3.75833333333,0.9,0.708333333333,12,12,5.5,-2.99166666667,-3.75833333333,-0.497499659471,-2.89166666667,5.7
11,2019,Out of work,131,39309.4427729,8102.0333209,234922.090249,20.6109085995,2.99166666667,3.75833333333,0.9,0.708333333333,12,12,5.5,-2.99166666667,-3.75833333333,-0.497499659471,-2.89166666667,5.7
11,2020,Employed,1590,320564.499842,40194.9812811,1536166.00708,12.5388124078,2.6,3.71666666667,1.58333333333,1.1,12,12,8,-2.6,-3.71666666667,0.13750352375,-2.99166666667,5.5
11,2020,Out of work,204,52564.8937721,9814.2564152,345297.659193,18.670743363,2.6,3.71666666667,1.58333333333,1.1,12,12,8,-2.6,-3.71666666667,0.13750352375,-2.99166666667,5.5
11,2021,Employed,1549,323670.044984,41263.7813187,1507970.83016,12.7487180103,3.15,5.525,0.775,0.625,12,12,6.8,-3.15,-5.525,-0.678071905113,-2.6,8
11,2021,Out of work,154,35303.9812575,8821.8588157,269284.291219,24.9882831949,3.15,5.525,0.775,0.625,12,12,6.8,-3.15,-5.525,-0.678071905113,-2.6,8
11,2022,Employed,1581,327623.405416,36716.862635,1452880.93464,11.2070328395,3.08333333333,5.56666666667,0.783333333333,0.4,12,12,4.7,-3.08333333333,-5.56666666667,-1.32192809489,-3.15,6.8
11,2022,Out of work,117,23111.2782028,6016.9931506,191546.424488,26.0348782867,3.08333333333,5.56666666667,0.783333333333,0.4,12,12,4.7,-3.08333333333,-5.56666666667,-1.32192809489,-3.15,6.8
11,2023,Employed,1598,341557.312265,41857.0182222,1550375.20282,12.2547568795,3.03333333333,4.95,0.791666666667,0.491666666667,12,12,4.9,-3.03333333333,-4.95,-1.02424754625,-3.08333333333,4.7
11,2023,Out of work,109,33172.5984952,8927.4849184,279844.463771,26.9122267274,3.03333333333,4.95,0.791666666667,0.491666666667,12,12,4.9,-3.03333333333,-4.95,-1.02424754625,-3.08333333333,4.7
11,2024,Employed,1515,338131.396423,40337.6338175,1581860.56754,11.9295736049,2.58333333333,4.25,0.75,0.641666666667,12,12,5.3,-2.58333333333,-4.25,-0.640104054914,-3.03333333333,4.9
11,2024,Out of work,130,35725.0117458,8403.2898012,274523.910916,23.5221470632,2.58333333333,4.25,0.75,0.641666666667,12,12,5.3,-2.58333333333,-4.25,-0.640104054914,-3.03333333333,4.9
11,2025,Employed,1085,339052.951065,46209.6810012,1666122.59916,13.6290455093,2.43333333333,4.2,0.791666666667,,12,11,6.3,-2.43333333333,-4.2,,-2.58333333333,5.3
11,2025,Out of work,133,47271.5041442,13674.2078802,459720.292253,28.9269574298,2.43333333333,4.2,0.791666666667,,12,11,6.3,-2.43333333333,-4.2,,-2.58333333333,5.3
12,2013,Employed,10778,6945647.28533,691258.291984,23018629.0219,9.95239555922,3.625,3.04166666667,1.35833333333,3,12,12,7.5,-3.625,-3.04166666667,1.58496250072,-3.49166666667,8.7
12,2013,Out of work,1575,1064258.64522,252886.503979,7704686.22767,23.7617523818,3.625,3.04166666667,1.35833333333,3,12,12,7.5,-3.625,-3.04166666667,1.58496250072,-3.49166666667,8.7
12,2014,Employed,3211,7112091.75749,657380.943804,21437483.7904,9.24314486117,3.975,3.5,1.19166666667,2.175,12,12,6.5,-3.975,-3.5,1.12101540096,-3.625,7.5
12,2014,Out of work,393,944075.882017,190476.657419,5837610.30263,20.1759901982,3.975,3.5,1.19166666667,2.175,12,12,6.5,-3.975,-3.5,1.12101540096,-3.625,7.5
12,2015,Employed,3176,7554195.51437,818425.125605,26635654.0749,10.8340474383,3.98333333333,3.725,1.275,1.675,12,12,5.5,-3.98333333333,-3.725,0.74416109557,-3.975,6.5
12,2015,Out of work,361,879987.968791,196265.783748,5955378.472,22.3032348974,3.98333333333,3.725,1.275,1.675,12,12,5.5,-3.98333333333,-3.725,0.74416109557,-3.975,6.5
12,2016,Employed,12783,7542938.86312,706735.790145,22789731.6897,9.36950176807,3.49166666667,3.83333333333,1.08333333333,1.43333333333,12,12,4.9,-3.49166666667,-3.83333333333,0.519374159094,-3.98333333333,5.5
12,2016,Out of work,1342,762788.931865,162215.387198,4878696.14861,21.266090844,3.49166666667,3.83333333333,1.08333333333,1.43333333333,12,12,4.9,-3.49166666667,-3.83333333333,0.519374159094,-3.98333333333,5.5
12,2017,Employed,8141,7841575.74975,843822.424552,27013243.0762,10.7608783168,3.73333333333,3.80833333333,1.15833333333,1.26666666667,12,12,4.3,-3.73333333333,-3.80833333333,0.341036917835,-3.49166666667,4.9
12,2017,Out of work,1070,937926.33564,227396.120743,6273586.54164,24.2445608043,3.73333333333,3.80833333333,1.15833333333,1.26666666667,12,12,4.3,-3.73333333333,-3.80833333333,0.341036917835,-3.49166666667,4.9
12,2018,Employed,5523,8081948.02772,993847.382103,31644745.8287,12.2971266172,3.4,4.75833333333,1.15833333333,0.833333333333,12,12,3.6,-3.4,-4.75833333333,-0.263034405834,-3.73333333333,4.3
12,2018,Out of work,508,670195.112123,124565.840814,3585646.95509,18.5865039242,3.4,4.75833333333,1.15833333333,0.833333333333,12,12,3.6,-3.4,-4.75833333333,-0.263034405834,-3.73333333333,4.3
12,2019,Employed,5759,7737389.21375,933976.2466,30593964.3804,12.0709482333,3.95,4.45833333333,1.125,0.808333333333,12,12,3.2,-3.95,-4.45833333333,-0.306977753421,-3.4,3.6
12,2019,Out of work,557,691154.103213,209728.370064,6039556.27976,30.344661066,3.95,4.45833333333,1.125,0.808333333333,12,12,3.2,-3.95,-4.45833333333,-0.306977753421,-3.4,3.6
12,2020,Employed,3899,8205392.3272,935785.694904,31991842.2151,11.4045210465,4.15833333333,4.225,2.18333333333,2.25833333333,12,12,8,-4.15833333333,-4.225,1.17525844575,-3.95,3.2
12,2020,Out of work,550,958141.898012,200491.655581,6471332.01911,20.9250483667,4.15833333333,4.225,2.18333333333,2.25833333333,12,12,8,-4.15833333333,-4.225,1.17525844575,-3.95,3.2
12,2022,Employed,4321,7569105.51354,1121931.82736,36585310.9317,14.82251536,4.38333333333,6.68333333333,0.933333333333,0.491666666667,12,12,3,-4.38333333333,-6.68333333333,-1.02424754625,-4.51666666667,4.7
12,2022,Out of work,429,845895.909942,212276.966319,6726573.82789,25.0949276174,4.38333333333,6.68333333333,0.933333333333,0.491666666667,12,12,3,-4.38333333333,-6.68333333333,-1.02424754625,-4.51666666667,4.7
12,2023,Employed,4364,8047325.52114,1316602.29375,40767607.8105,16.3607435823,4.10833333333,5.85833333333,1.00833333333,0.558333333333,12,12,2.9,-4.10833333333,-5.85833333333,-0.840801405151,-4.38333333333,3
12,2023,Out of work,424,950585.752379,202615.617238,5854547.09114,21.3148173882,4.10833333333,5.85833333333,1.00833333333,0.558333333333,12,12,2.9,-4.10833333333,-5.85833333333,-0.840801405151,-4.38333333333,3
12,2024,Employed,4125,8546665.07282,1315644.84181,42624711.0275,15.3936632663,3.875,4.61666666667,0.958333333333,0.775,12,12,3.4,-3.875,-4.61666666667,-0.3677317845,-4.10833333333,2.9
12,2024,Out of work,399,932479.705072,274691.484268,8661399.1335,29.4581729526,3.875,4.61666666667,0.958333333333,0.775,12,12,3.4,-3.875,-4.61666666667,-0.3677317845,-4.10833333333,2.9
12,2025,Employed,4045,8532743.9606,1205429.97546,39907034.4252,14.1271082436,3.6,4.1,1.15,,12,11,3.9,-3.6,-4.1,,-3.875,3.4
12,2025,Out of work,409,996586.280907,289753.843594,8724154.75091,29.0746370028,3.6,4.1,1.15,,12,11,3.9,-3.6,-4.1,,-3.875,3.4
13,2013,Employed,3524,3873600.17528,313797.659689,10611239.7175,8.10093054238,3.50833333333,2.93333333333,1.35833333333,3.16666666667,12,12,8.1,-3.50833333333,-2.93333333333,1.66296501272,-3.575,9
13,2013,Out of work,472,620945.136448,127636.841848,3935772.23643,20.5552526876,3.50833333333,2.93333333333,1.35833333333,3.16666666667,12,12,8.1,-3.50833333333,-2.93333333333,1.66296501272,-3.575,9
13,2014,Employed,2465,3889151.86412,350621.6616,12125130.9989,9.01537594442,4.04166666667,3.31666666667,1.40833333333,2.41666666667,12,12,7.1,-4.04166666667,-3.31666666667,1.27301849441,-3.50833333333,8.1
13,2014,Out of work,309,597068.73789,133736.399951,3864038.50154,22.3988280518,4.04166666667,3.31666666667,1.40833333333,2.41666666667,12,12,7.1,-4.04166666667,-3.31666666667,1.27301849441,-3.50833333333,8.1
13,2015,Employed,1774,3947626.33983,330494.269573,11487529.3557,8.37197447585,4.19166666667,3.875,1.41666666667,1.675,12,12,6.1,-4.19166666667,-3.875,0.74416109557,-4.04166666667,7.1
13,2015,Out of work,176,418621.604032,76836.242035,2546200.59613,18.3545811528,4.19166666667,3.875,1.41666666667,1.675,12,12,6.1,-4.19166666667,-3.875,0.74416109557,-4.04166666667,7.1
13,2016,Employed,1999,3916198.43641,397233.240978,11982319.4102,10.1433379188,4.51666666667,4.30833333333,1.375,1.36666666667,12,12,5.4,-4.51666666667,-4.30833333333,0.45066140901,-4.19166666667,6.1
13,2016,Out of work,216,455456.377811,110646.419806,3149657.57158,24.2935273709,4.51666666667,4.30833333333,1.375,1.36666666667,12,12,5.4,-4.51666666667,-4.30833333333,0.45066140901,-4.19166666667,6.1
13,2017,Employed,2437,4051388.35694,391131.978124,12874717.2208,9.65427018257,4.74166666667,4.36666666667,1.63333333333,1.2,12,12,4.8,-4.74166666667,-4.36666666667,0.263034405834,-4.51666666667,5.4
13,2017,Out of work,255,441603.880235,105734.434854,3049778.35086,23.9432757696,4.74166666667,4.36666666667,1.63333333333,1.2,12,12,4.8,-4.74166666667,-4.36666666667,0.263034405834,-4.51666666667,5.4
13,2018,Employed,3962,4072580.78783,407011.381174,13746692.2229,9.99394247477,4.35,4.83333333333,1.18333333333,0.891666666667,12,12,4,-4.35,-4.83333333333,-0.165423609207,-4.74166666667,4.8
13,2018,Out of work,354,380798.249371,79029.185669,2495257.35856,20.7535580322,4.35,4.83333333333,1.18333333333,0.891666666667,12,12,4,-4.35,-4.83333333333,-0.165423609207,-4.74166666667,4.8
13,2019,Employed,2718,3958955.78785,520719.164628,16743749.0753,13.1529421527,4.04166666667,4.76666666667,1.11666666667,0.783333333333,12,12,3.6,-4.04166666667,-4.76666666667,-0.352301743931,-4.35,4
13,2019,Out of work,264,364051.929026,77557.9065397,2227282.19943,21.3040778955,4.04166666667,4.76666666667,1.11666666667,0.783333333333,12,12,3.6,-4.04166666667,-4.76666666667,-0.352301743931,-4.35,4
13,2020,Employed,3471,4032810.05777,532899.97818,16543022.46,13.2141105221,4.5,4.975,2.14166666667,1.51666666667,12,12,6.5,-4.5,-4.975,0.60090404459,-4.04166666667,3.6
13,2020,Out of work,440,543241.216296,129800.227118,3972891.61196,23.8936632982,4.5,4.975,2.14166666667,1.51666666667,12,12,6.5,-4.5,-4.975,0.60090404459,-4.04166666667,3.6
13,2021,Employed,2991,4146645.83784,523288.137047,17649532.668,12.6195522239,5.29166666667,7.61666666667,1.225,0.558333333333,12,12,3.9,-5.29166666667,-7.61666666667,-0.840801405151,-4.5,6.5
13,2021,Out of work,309,494016.88711,141170.54296,4106593.98746,28.5760561316,5.29166666667,7.61666666667,1.225,0.558333333333,12,12,3.9,-5.29166666667,-7.61666666667,-0.840801405151,-4.5,6.5
13,2022,Employed,3480,4112646.7608,580357.609267,19247715.5412,14.1115355396,5.51666666667,8.03333333333,1.24166666667,0.4,12,12,3.1,-5.51666666667,-8.03333333333,-1.32192809489,-5.29166666667,3.9
13,2022,Out of work,246,403937.238176,105838.771184,3041981.7577,26.2017861146,5.51666666667,8.03333333333,1.24166666667,0.4,12,12,3.1,-5.51666666667,-8.03333333333,-1.32192809489,-5.29166666667,3.9
13,2023,Employed,3061,4259655.49398,638314.528511,20733544.3162,14.9851209661,4.53333333333,6.59166666667,1.025,0.491666666667,12,12,3.2,-4.53333333333,-6.59166666667,-1.02424754625,-5.51666666667,3.1
13,2023,Out of work,239,423242.56365,119603.637005,3715365.51692,28.2588868127,4.53333333333,6.59166666667,1.025,0.491666666667,12,12,3.2,-4.53333333333,-6.59166666667,-1.02424754625,-5.51666666667,3.1
13,2024,Employed,2735,4411848.72895,681902.598863,22261307.3869,15.4561645414,3.675,4.95833333333,1.025,0.725,12,12,3.4,-3.675,-4.95833333333,-0.46394709976,-4.53333333333,3.2
13,2024,Out of work,251,433349.378342,125891.024564,3876234.15771,29.0506992409,3.675,4.95833333333,1.025,0.725,12,12,3.4,-3.675,-4.95833333333,-0.46394709976,-4.53333333333,3.2
13,2025,Employed,2489,4388574.8146,723810.253131,23196115.2785,16.4930594489,3.20833333333,5.475,1.025,,12,11,3.4,-3.20833333333,-5.475,,-3.675,3.4
13,2025,Out of work,238,493103.792184,118482.267212,3586905.50709,24.0278556138,3.20833333333,5.475,1.025,,12,11,3.4,-3.20833333333,-5.475,,-3.675,3.4
15,2013,Employed,3933,627265.309419,43291.1624208,1505414.14623,6.90157127626,2.975,2.625,1.15,1.89166666667,12,12,4.7,-2.975,-2.625,0.919657891682,-3.09166666667,5.8
15,2013,Out of work,394,63090.4326779,9749.9977929,278549.266865,15.4540036881,2.975,2.625,1.15,1.89166666667,12,12,4.7,-2.975,-2.625,0.919657891682,-3.09166666667,5.8
15,2014,Employed,3575,623215.590903,48122.1118121,1637557.49142,7.72158343189,3.03333333333,2.825,1.13333333333,1.58333333333,12,12,4.2,-3.03333333333,-2.825,0.662965012722,-2.975,4.7
15,2014,Out of work,344,56142.7796463,9079.82943533,263851.563444,16.172746509,3.03333333333,2.825,1.13333333333,1.58333333333,12,12,4.2,-3.03333333333,-2.825,0.662965012722,-2.975,4.7
15,2015,Employed,3451,636809.739458,50790.7186912,1684635.922,7.97580745773,3.38333333333,3.05833333333,1.2,1.175,12,12,3.4,-3.38333333333,-3.05833333333,0.23266075679,-3.03333333333,4.2
15,2015,Out of work,255,48812.888782,9774.283646,297989.636331,20.0239811449,3.38333333333,3.05833333333,1.2,1.175,12,12,3.4,-3.38333333333,-3.05833333333,0.23266075679,-3.03333333333,4.2
15,2016,Employed,3831,648533.961449,52796.2439745,1836207.82817,8.14086032697,3.725,3.575,1.28333333333,0.858333333333,12,12,2.9,-3.725,-3.575,-0.220390068425,-3.38333333333,3.4
15,2016,Out of work,270,45020.1630463,9454.5704561,264325.379385,21.0007468129,3.725,3.575,1.28333333333,0.858333333333,12,12,2.9,-3.725,-3.575,-0.220390068425,-3.38333333333,3.4
15,2017,Employed,3857,638530.739166,52225.2356588,1871666.05807,8.17896969643,3.36666666667,3.89166666667,0.875,0.583333333333,12,12,2.2,-3.36666666667,-3.89166666667,-0.777607578664,-3.725,2.9
15,2017,Out of work,292,46655.7655641,6897.3839305,213901.17645,14.7835617894,3.36666666667,3.89166666667,0.875,0.583333333333,12,12,2.2,-3.36666666667,-3.89166666667,-0.777607578664,-3.725,2.9
15,2018,Employed,3753,608103.812036,56944.1488199,1861664.71073,9.36421507196,3.375,4.175,0.975,0.583333333333,12,12,2.4,-3.375,-4.175,-0.777607578664,-3.36666666667,2.2
15,2018,Out of work,270,47527.0151872,9838.6433816,308840.956518,20.7011598411,3.375,4.175,0.975,0.583333333333,12,12,2.4,-3.375,-4.175,-0.777607578664,-3.36666666667,2.2
15,2019,Employed,3586,624143.529162,66590.5038485,2197982.87695,10.669101054,3.59166666667,4.475,1.1,0.566666666667,12,12,2.5,-3.59166666667,-4.475,-0.819427754358,-3.375,2.4
15,2019,Out of work,257,43243.4447297,8608.3699425,247429.342171,19.906762739,3.59166666667,4.475,1.1,0.566666666667,12,12,2.5,-3.59166666667,-4.475,-0.819427754358,-3.375,2.4
15,2020,Employed,3505,577996.165484,55586.2268192,1862827.85803,9.61705806001,4.49166666667,4.275,2.88333333333,3.46666666667,12,12,11.6,-4.49166666667,-4.275,1.79354912253,-3.59166666667,2.5
15,2020,Out of work,623,92768.4345387,19862.893355,578773.189174,21.4112628436,4.49166666667,4.275,2.88333333333,3.46666666667,12,12,11.6,-4.49166666667,-4.275,1.79354912253,-3.59166666667,2.5
15,2021,Employed,3503,599135.028582,63332.1353573,2147357.24413,10.5705946633,4.275,6.10833333333,0.866666666667,1.14166666667,12,12,6,-4.275,-6.10833333333,0.191141487352,-4.49166666667,11.6
15,2021,Out of work,426,68934.1677475,13423.7905633,420949.240924,19.4733482712,4.275,6.10833333333,0.866666666667,1.14166666667,12,12,6,-4.275,-6.10833333333,0.191141487352,-4.49166666667,11.6
15,2022,Employed,3456,621069.698016,72290.1358094,2328181.85492,11.6396172668,3.78333333333,6.025,0.8,0.558333333333,12,12,3.2,-3.78333333333,-6.025,-0.840801405151,-4.275,6
15,2022,Out of work,274,47694.2589846,10348.8838691,310077.034056,21.6983848568,3.78333333333,6.025,0.8,0.558333333333,12,12,3.2,-3.78333333333,-6.025,-0.840801405151,-4.275,6
15,2023,Employed,3414,619760.237874,81227.1883148,2682860.92093,13.1062277556,3.20833333333,4.81666666667,0.883333333333,0.616666666667,12,12,2.9,-3.20833333333,-4.81666666667,-0.69743722998,-3.78333333333,3.2
15,2023,Out of work,280,49111.3115436,9049.983342,282248.732734,18.4274926846,3.20833333333,4.81666666667,0.883333333333,0.616666666667,12,12,2.9,-3.20833333333,-4.81666666667,-0.69743722998,-3.78333333333,3.2
15,2024,Employed,2552,584215.97795,73020.3685338,2424718.6426,12.4988653665,3.225,4.04166666667,0.975,0.708333333333,12,12,2.8,-3.225,-4.04166666667,-0.497499659471,-3.20833333333,2.9
15,2024,Out of work,233,50742.8162214,11206.5497412,344948.65921,22.0849975932,3.225,4.04166666667,0.975,0.708333333333,12,12,2.8,-3.225,-4.04166666667,-0.497499659471,-3.20833333333,2.9
15,2025,Employed,2919,591983.459529,69190.8190569,2348330.58577,11.6879649158,3.00833333333,3.525,0.925,,12,11,2.4,-3.00833333333,-3.525,,-3.225,2.8
15,2025,Out of work,276,48786.4341011,11729.981868,323047.554265,24.0435319452,3.00833333333,3.525,0.925,,12,11,2.4,-3.00833333333,-3.525,,-3.225,2.8
16,2013,Employed,2328,646184.650583,54475.8306918,1902477.23437,8.43038141539,4.26666666667,3.31666666667,1.725,2.50833333333,12,12,6.9,-4.26666666667,-3.31666666667,1.32672908115,-4.35833333333,7.5
16,2013,Out of work,232,63361.3851651,14272.3141569,442051.381598,22.5252559105,4.26666666667,3.31666666667,1.725,2.50833333333,12,12,6.9,-4.26666666667,-3.31666666667,1.32672908115,-4.35833333333,7.5
16,2014,Employed,2268,649864.275325,47740.1030316,1790805.76757,7.34616516775,4.425,4.05833333333,1.50833333333,1.25833333333,12,12,4.4,-4.425,-4.05833333333,0.331514143717,-4.26666666667,6.9
16,2014,Out of work,171,46799.7274811,9329.738754,290151.296035,19.9354553032,4.425,4.05833333333,1.50833333333,1.25833333333,12,12,4.4,-4.425,-4.05833333333,0.331514143717,-4.26666666667,6.9
16,2015,Employed,2344,652364.519372,59194.3762755,2022681.187,9.07381908699,4.43333333333,4.20833333333,1.44166666667,1.05,12,12,3.9,-4.43333333333,-4.20833333333,0.0703893278914,-4.425,4.4
16,2015,Out of work,157,48266.1598382,11053.5748719,330548.813869,22.9012933885,4.43333333333,4.20833333333,1.44166666667,1.05,12,12,3.9,-4.43333333333,-4.20833333333,0.0703893278914,-4.425,4.4
16,2016,Employed,2047,648423.275749,57067.9874287,1957462.61495,8.80103931537,4.43333333333,4.44166666667,1.275,0.95,12,12,3.7,-4.43333333333,-4.44166666667,-0.0740005814438,-4.43333333333,3.9
16,2016,Out of work,138,48044.554693,6367.1971653,253852.543744,13.2526926433,4.43333333333,4.44166666667,1.275,0.95,12,12,3.7,-4.43333333333,-4.44166666667,-0.0740005814438,-4.43333333333,3.9
16,2017,Employed,2060,671590.826189,56527.634865,1979142.98777,8.41697543514,4.4,4.43333333333,1.21666666667,0.8,12,12,3.2,-4.4,-4.43333333333,-0.321928094887,-4.43333333333,3.7
16,2017,Out of work,134,46179.9322881,13924.8540865,367412.417942,30.1534744565,4.4,4.43333333333,1.21666666667,0.8,12,12,3.2,-4.4,-4.43333333333,-0.321928094887,-4.43333333333,3.7
16,2018,Employed,1488,666768.660561,72833.8877729,2580790.33571,10.9234119839,4.45,4.875,1.28333333333,0.658333333333,12,12,2.9,-4.45,-4.875,-0.603109847431,-4.4,3.2
16,2018,Out of work,88,41063.1219746,12043.584743,330256.190068,29.3294424872,4.45,4.875,1.28333333333,0.658333333333,12,12,2.9,-4.45,-4.875,-0.603109847431,-4.4,3.2
16,2019,Employed,2341,726868.168806,99418.8291952,3116862.56424,13.6776974783,4.76666666667,4.99166666667,1.3,0.625,12,12,2.9,-4.76666666667,-4.99166666667,-0.678071905113,-4.45,2.9
16,2019,Out of work,124,37685.1125364,9562.5608346,315816.171118,25.3749032204,4.76666666667,4.99166666667,1.3,0.625,12,12,2.9,-4.76666666667,-4.99166666667,-0.678071905113,-4.45,2.9
16,2020,Employed,2629,712004.533169,83203.8556833,2727270.80324,11.6858603853,5.53333333333,4.69166666667,2.44166666667,1.36666666667,12,12,5.5,-5.53333333333,-4.69166666667,0.45066140901,-4.76666666667,2.9
16,2020,Out of work,229,62516.2279781,13417.8139816,374142.496309,21.4629295714,5.53333333333,4.69166666667,2.44166666667,1.36666666667,12,12,5.5,-5.53333333333,-4.69166666667,0.45066140901,-4.76666666667,2.9
16,2021,Employed,2963,748844.685098,102814.604184,3254991.66569,13.7297634917,5.08333333333,6.66666666667,1.00833333333,0.6,12,12,3.6,-5.08333333333,-6.66666666667,-0.736965594166,-5.53333333333,5.5
16,2021,Out of work,216,57212.8638488,17319.5701312,491665.820774,30.2721607801,5.08333333333,6.66666666667,1.00833333333,0.6,12,12,3.6,-5.08333333333,-6.66666666667,-0.736965594166,-5.53333333333,5.5
16,2022,Employed,2865,758365.828538,113275.356226,3686903.26608,14.9367695594,5.275,7.30833333333,1.21666666667,0.425,12,12,2.9,-5.275,-7.30833333333,-1.23446525364,-5.08333333333,3.6
16,2022,Out of work,156,40065.8069247,11474.3613591,338329.883137,28.6387876342,5.275,7.30833333333,1.21666666667,0.425,12,12,2.9,-5.275,-7.30833333333,-1.23446525364,-5.08333333333,3.6
16,2023,Employed,3210,809363.582259,118805.455951,3920599.36048,14.6788734452,4.56666666667,6.1,1.21666666667,0.583333333333,12,12,3.2,-4.56666666667,-6.1,-0.777607578664,-5.275,2.9
16,2023,Out of work,192,43735.7581448,12577.8138394,381167.264781,28.7586505252,4.56666666667,6.1,1.21666666667,0.583333333333,12,12,3.2,-4.56666666667,-6.1,-0.777607578664,-5.275,2.9
16,2024,Employed,2023,818685.53658,128084.909365,3911270.49014,15.6451902033,4.4,4.91666666667,1.34166666667,0.808333333333,12,12,3.6,-4.4,-4.91666666667,-0.306977753421,-4.56666666667,3.2
16,2024,Out of work,135,52238.195655,17336.8796846,477604.342653,33.1881288533,4.4,4.91666666667,1.34166666667,0.808333333333,12,12,3.6,-4.4,-4.91666666667,-0.306977753421,-4.56666666667,3.2
16,2025,Employed,1581,825345.989673,121479.037302,3863111.95849,14.7185591039,4.14166666667,4.35,2.40833333333,,12,11,3.7,-4.14166666667,-4.35,,-4.4,3.6
16,2025,Out of work,114,50694.5250707,12613.3543737,368724.714681,24.8810978229,4.14166666667,4.35,2.40833333333,,12,11,3.7,-4.14166666667,-4.35,,-4.4,3.6
17,2013,Employed,2523,5377729.20551,462060.681423,16385808.7659,8.59211506874,3.25833333333,2.675,1.11666666667,3.76666666667,12,12,9.1,-3.25833333333,-2.675,1.91328836681,-2.98333333333,9
17,2013,Out of work,262,649109.390687,154955.670729,4708993.7026,23.8720426714,3.25833333333,2.675,1.11666666667,3.76666666667,12,12,9.1,-3.25833333333,-2.675,1.91328836681,-2.98333333333,9
17,2014,Employed,2276,5269241.37395,450743.025483,16483871.4267,8.55422998293,3.74166666667,3.35,1.225,2.34166666667,12,12,7.2,-3.74166666667,-3.35,1.22753572461,-3.25833333333,9.1
17,2014,Out of work,202,516053.363609,102590.541256,2813360.75167,19.8798319109,3.74166666667,3.35,1.225,2.34166666667,12,12,7.2,-3.74166666667,-3.35,1.22753572461,-3.25833333333,9.1
17,2015,Employed,2354,5406452.94523,424051.596616,15443334.8933,7.84343452003,3.425,3.675,1.24166666667,1.74166666667,12,12,6,-3.425,-3.675,0.800468536472,-3.74166666667,7.2
17,2015,Out of work,205,509851.641436,88139.842596,3120120.29911,17.2873509533,3.425,3.675,1.24166666667,1.74166666667,12,12,6,-3.425,-3.675,0.800468536472,-3.74166666667,7.2
17,2016,Employed,2172,5498879.83556,415054.572567,15327421.8,7.54798404364,3.54166666667,3.59166666667,1.31666666667,1.73333333333,12,12,5.9,-3.54166666667,-3.59166666667,0.793549122533,-3.425,6
17,2016,Out of work,182,443258.470819,70784.5012,2343475.36422,15.9691254336,3.54166666667,3.59166666667,1.31666666667,1.73333333333,12,12,5.9,-3.54166666667,-3.59166666667,0.793549122533,-3.425,6
17,2017,Employed,2507,5430746.23424,494853.213065,17825167.5602,9.11206658756,3.75833333333,3.88333333333,1.31666666667,1.31666666667,12,12,5,-3.75833333333,-3.88333333333,0.396890152569,-3.54166666667,5.9
17,2017,Out of work,214,472958.481375,112905.139947,3432736.07496,23.8721038724,3.75833333333,3.88333333333,1.31666666667,1.31666666667,12,12,5,-3.75833333333,-3.88333333333,0.396890152569,-3.54166666667,5.9
17,2018,Employed,2572,5349226.11014,510663.261073,17838112.7307,9.54648860524,3.94166666667,4.49166666667,1.24166666667,1.01666666667,12,12,4.4,-3.94166666667,-4.49166666667,0.0238467419544,-3.75833333333,5
17,2018,Out of work,191,396500.168255,123040.199803,3316757.65155,31.0315630746,3.94166666667,4.49166666667,1.24166666667,1.01666666667,12,12,4.4,-3.94166666667,-4.49166666667,0.0238467419544,-3.75833333333,5
17,2019,Employed,2697,5323511.99363,565210.689441,19532400.224,10.6172521095,3.48333333333,4.30833333333,0.966666666667,0.95,12,12,4,-3.48333333333,-4.30833333333,-0.0740005814438,-3.94166666667,4.4
17,2019,Out of work,215,418824.429954,112539.128718,3250645.2944,26.8702398116,3.48333333333,4.30833333333,0.966666666667,0.95,12,12,4,-3.48333333333,-4.30833333333,-0.0740005814438,-3.94166666667,4.4
17,2020,Employed,1598,4724256.5858,455831.367385,15206041.7865,9.64874280443,4.11666666667,3.95,2.48333333333,2.74166666667,12,12,9.3,-4.11666666667,-3.95,1.45505317813,-3.48333333333,4
17,2020,Out of work,207,757961.466107,99242.5651406,2931487.66203,13.0933523112,4.11666666667,3.95,2.48333333333,2.74166666667,12,12,9.3,-4.11666666667,-3.95,1.45505317813,-3.48333333333,4
17,2021,Employed,1482,4917993.45849,605137.639157,20141959.459,12.3045637263,4.56666666667,6.03333333333,1.13333333333,1.10833333333,12,12,6.1,-4.56666666667,-6.03333333333,0.148391839893,-4.11666666667,9.3
17,2021,Out of work,176,707622.871711,138714.190748,4003211.16296,19.6028416115,4.56666666667,6.03333333333,1.13333333333,1.10833333333,12,12,6.1,-4.56666666667,-6.03333333333,0.148391839893,-4.11666666667,9.3
17,2022,Employed,2073,5223791.22307,612927.490871,21883753.5271,11.7333841399,4.23333333333,6.78333333333,1.11666666667,0.666666666667,12,12,4.6,-4.23333333333,-6.78333333333,-0.584962500721,-4.56666666667,6.1
17,2022,Out of work,157,373638.759021,126568.222606,3240797.49247,33.8744896107,4.23333333333,6.78333333333,1.11666666667,0.666666666667,12,12,4.6,-4.23333333333,-6.78333333333,-0.584962500721,-4.56666666667,6.1
17,2023,Employed,2614,5197442.46289,702073.048878,23104690.0967,13.5080485044,3.69166666667,5.91666666667,1.05,0.775,12,12,4.5,-3.69166666667,-5.91666666667,-0.3677317845,-4.23333333333,4.6
17,2023,Out of work,248,481518.438756,110697.629806,3346084.51673,22.9892815926,3.69166666667,5.91666666667,1.05,0.775,12,12,4.5,-3.69166666667,-5.91666666667,-0.3677317845,-4.23333333333,4.6
17,2024,Employed,5823,5134315.59681,645098.100185,21697924.7825,12.5644419012,3.36666666667,4.84166666667,1.13333333333,1.075,12,12,5,-3.36666666667,-4.84166666667,0.104336659815,-3.69166666667,4.5
17,2024,Out of work,615,506716.491157,105150.504828,3331029.91207,20.7513484686,3.36666666667,4.84166666667,1.13333333333,1.075,12,12,5,-3.36666666667,-4.84166666667,0.104336659815,-3.69166666667,4.5
17,2025,Employed,5134,5272610.34385,693542.323249,23551610.0487,13.1536805874,3.48333333333,4.175,1.23333333333,,12,11,4.6,-3.48333333333,-4.175,,-3.36666666667,5
17,2025,Out of work,530,520878.222885,123200.727218,3631556.99875,23.6525010655,3.48333333333,4.175,1.23333333333,,12,11,4.6,-3.48333333333,-4.175,,-3.36666666667,5
18,2013,Employed,4313,2585979.99037,234236.722546,8245987.60061,9.05794798946,3.31666666667,2.53333333333,1.13333333333,3.175,12,12,7.5,-3.31666666667,-2.53333333333,1.66675659188,-3.975,8.2
18,2013,Out of work,426,299208.169467,70657.2406127,2064257.34696,23.6147431196,3.31666666667,2.53333333333,1.13333333333,3.175,12,12,7.5,-3.31666666667,-2.53333333333,1.66675659188,-3.975,8.2
18,2014,Employed,4611,2576151.70081,253361.651963,8557697.02573,9.83488867847,3.44166666667,2.93333333333,1.19166666667,2.175,12,12,5.9,-3.44166666667,-2.93333333333,1.12101540096,-3.31666666667,7.5
18,2014,Out of work,375,266581.544234,56530.1590463,1825629.86766,21.2055786565,3.44166666667,2.93333333333,1.19166666667,2.175,12,12,5.9,-3.44166666667,-2.93333333333,1.12101540096,-3.31666666667,7.5
18,2015,Employed,2330,2564409.21564,239103.808085,8513818.12008,9.32393342789,3.6,3.375,1.175,1.49166666667,12,12,4.8,-3.6,-3.375,0.576925181656,-3.44166666667,5.9
18,2015,Out of work,163,237200.018218,61328.9958311,1768329.47371,25.8553925467,3.6,3.375,1.175,1.49166666667,12,12,4.8,-3.6,-3.375,0.576925181656,-3.44166666667,5.9
18,2016,Employed,4156,2627486.61195,274414.851984,9179855.35978,10.4440057177,3.80833333333,3.53333333333,1.125,1.29166666667,12,12,4.4,-3.80833333333,-3.53333333333,0.369233809666,-3.6,4.8
18,2016,Out of work,279,208978.486896,58167.504383,1732787.94009,27.8342068826,3.80833333333,3.53333333333,1.125,1.29166666667,12,12,4.4,-3.80833333333,-3.53333333333,0.369233809666,-3.6,4.8
18,2017,Employed,5395,2634607.12369,323618.199308,10641816.8644,12.2833570287,4.09166666667,3.98333333333,1.30833333333,0.925,12,12,3.5,-4.09166666667,-3.98333333333,-0.112474729258,-3.80833333333,4.4
18,2017,Out of work,420,218923.18313,58764.0165003,1672557.51495,26.8422995044,4.09166666667,3.98333333333,1.30833333333,0.925,12,12,3.5,-4.09166666667,-3.98333333333,-0.112474729258,-3.80833333333,4.4
18,2018,Employed,2914,2625589.25403,309888.192206,10238223.362,11.8026150408,4.56666666667,5.075,1.51666666667,0.716666666667,12,12,3.4,-4.56666666667,-5.075,-0.480625840906,-4.09166666667,3.5
18,2018,Out of work,218,221556.439395,60817.118082,1848243.59546,27.4499437922,4.56666666667,5.075,1.51666666667,0.716666666667,12,12,3.4,-4.56666666667,-5.075,-0.480625840906,-4.09166666667,3.5
18,2019,Employed,3483,2609364.05934,295891.479909,10221839.3176,11.339601266,4.54166666667,4.74166666667,1.56666666667,0.725,12,12,3.3,-4.54166666667,-4.74166666667,-0.46394709976,-4.56666666667,3.4
18,2019,Out of work,245,218987.018196,76061.989087,2255638.30441,34.7335607899,4.54166666667,4.74166666667,1.56666666667,0.725,12,12,3.3,-4.54166666667,-4.74166666667,-0.46394709976,-4.56666666667,3.4
18,2020,Employed,3443,2565509.90052,353086.903373,11370016.3288,13.7628353452,4.70833333333,4.35,2.625,1.98333333333,12,12,7.3,-4.70833333333,-4.35,0.987927167699,-4.54166666667,3.3
18,2020,Out of work,399,311485.278894,91308.8210643,2725621.82816,29.3140084785,4.70833333333,4.35,2.625,1.98333333333,12,12,7.3,-4.70833333333,-4.35,0.987927167699,-4.54166666667,3.3
18,2021,Employed,4132,2577481.25032,368789.10289,11731115.7385,14.3081197136,4.625,6.54166666667,0.975,0.641666666667,12,12,3.9,-4.625,-6.54166666667,-0.640104054914,-4.70833333333,7.3
18,2021,Out of work,341,245683.508623,77728.373834,2230654.27011,31.637603301,4.625,6.54166666667,0.975,0.641666666667,12,12,3.9,-4.625,-6.54166666667,-0.640104054914,-4.70833333333,7.3
18,2022,Employed,4318,2586905.49284,423132.86295,13388369.8206,16.3567190267,4.41666666667,6.4,0.95,0.466666666667,12,12,3.1,-4.41666666667,-6.4,-1.09953567355,-4.625,3.9
18,2022,Out of work,318,220857.893717,59294.9045808,1870604.27299,26.847536931,4.41666666667,6.4,0.95,0.466666666667,12,12,3.1,-4.41666666667,-6.4,-1.09953567355,-4.625,3.9
18,2023,Employed,4715,2742608.33273,417931.380852,13651904.7636,15.2384639055,3.96666666667,4.89166666667,1.175,0.708333333333,12,12,3.4,-3.96666666667,-4.89166666667,-0.497499659471,-4.41666666667,3.1
18,2023,Out of work,352,217639.09305,71300.3234766,2094381.85051,32.7608071131,3.96666666667,4.89166666667,1.175,0.708333333333,12,12,3.4,-3.96666666667,-4.89166666667,-0.497499659471,-4.41666666667,3.1
18,2024,Employed,5685,2739907.2001,430393.256009,14045420.7032,15.7083150843,3.68333333333,4.4,1.06666666667,0.933333333333,12,12,4,-3.68333333333,-4.4,-0.0995356735509,-3.96666666667,3.4
18,2024,Out of work,497,250469.801141,90221.8169377,2486763.6918,36.02103588,3.68333333333,4.4,1.06666666667,0.933333333333,12,12,4,-3.68333333333,-4.4,-0.0995356735509,-3.96666666667,3.4
18,2025,Employed,2741,2696046.5272,463456.22627,15455515.1246,17.1902161775,4.03333333333,4.09166666667,1.475,,12,11,3.7,-4.03333333333,-4.09166666667,,-3.68333333333,4
18,2025,Out of work,223,219248.779067,70503.447569,2133167.23536,32.1568256248,4.03333333333,4.09166666667,1.475,,12,11,3.7,-4.03333333333,-4.09166666667,,-3.68333333333,4
19,2013,Employed,3771,1330590.66534,95682.2528258,3355403.01202,7.19096077539,2.98333333333,2.93333333333,1.05,1.73333333333,12,12,4.7,-2.98333333333,-2.93333333333,0.793549122533,-3.13333333333,5
19,2013,Out of work,223,97694.9075248,19917.2480908,612211.082944,20.3871917129,2.98333333333,2.93333333333,1.05,1.73333333333,12,12,4.7,-2.98333333333,-2.93333333333,0.793549122533,-3.13333333333,5
19,2014,Employed,3806,1366708.35026,85615.5264038,3310642.54016,6.26435964832,3.19166666667,3.03333333333,1.075,1.5,12,12,4.3,-3.19166666667,-3.03333333333,0.584962500721,-2.98333333333,4.7
19,2014,Out of work,182,79668.6214813,16657.0028761,498292.743119,20.907858786,3.19166666667,3.03333333333,1.075,1.5,12,12,4.3,-3.19166666667,-3.03333333333,0.584962500721,-2.98333333333,4.7
19,2015,Employed,2803,1342227.74253,107702.720811,3768376.02817,8.02417632999,3.35833333333,3.375,1.10833333333,1.175,12,12,3.7,-3.35833333333,-3.375,0.23266075679,-3.19166666667,4.3
19,2015,Out of work,154,75337.9500861,18217.800166,534181.749317,24.1814386311,3.35833333333,3.375,1.10833333333,1.175,12,12,3.7,-3.35833333333,-3.375,0.23266075679,-3.19166666667,4.3
19,2016,Employed,3303,1388921.17574,120482.643565,4056562.25132,8.67454868344,3.375,3.65,1.15,1.03333333333,12,12,3.6,-3.375,-3.65,0.0473057147784,-3.35833333333,3.7
19,2016,Out of work,154,80992.9838485,17131.1614639,592809.344943,21.1514141718,3.375,3.65,1.15,1.03333333333,12,12,3.6,-3.375,-3.65,0.0473057147784,-3.35833333333,3.7
19,2017,Employed,3719,1357746.22391,113020.73892,4013923.65259,8.32414312255,3.45,3.85833333333,1.19166666667,0.841666666667,12,12,3.1,-3.45,-3.85833333333,-0.248679112857,-3.375,3.6
19,2017,Out of work,167,61596.5036045,20574.569036,544642.301563,33.4021703052,3.45,3.85833333333,1.19166666667,0.841666666667,12,12,3.1,-3.45,-3.85833333333,-0.248679112857,-3.375,3.6
19,2018,Employed,4549,1358469.30429,125563.736367,4335558.26104,9.24303081203,3.54166666667,4.725,1.14166666667,0.55,12,12,2.6,-3.54166666667,-4.725,-0.86249647625,-3.45,3.1
19,2018,Out of work,206,67522.571498,16961.9087818,524939.593903,25.1203536914,3.54166666667,4.725,1.14166666667,0.55,12,12,2.6,-3.54166666667,-4.725,-0.86249647625,-3.45,3.1
19,2019,Employed,4704,1370270.90462,161756.189182,5285847.10027,11.8046868423,3.54166666667,4.53333333333,1.15833333333,0.616666666667,12,12,2.7,-3.54166666667,-4.53333333333,-0.69743722998,-3.54166666667,2.6
19,2019,Out of work,247,74435.4425749,20144.3592095,609278.46056,27.062859456,3.54166666667,4.53333333333,1.15833333333,0.616666666667,12,12,2.7,-3.54166666667,-4.53333333333,-0.69743722998,-3.54166666667,2.6
19,2020,Employed,4577,1308358.91746,147969.027825,4924114.65412,11.3095134561,4.00833333333,4.125,2.08333333333,1.43333333333,12,12,5.2,-4.00833333333,-4.125,0.519374159094,-3.54166666667,2.7
19,2020,Out of work,311,93286.7219614,31641.1134547,939852.900768,33.9181319586,4.00833333333,4.125,2.08333333333,1.43333333333,12,12,5.2,-4.00833333333,-4.125,0.519374159094,-3.54166666667,2.7
19,2021,Employed,4487,1343744.64855,183607.054962,5819310.8967,13.6638352502,4.09166666667,6.1,0.908333333333,0.658333333333,12,12,3.9,-4.09166666667,-6.1,-0.603109847431,-4.00833333333,5.2
19,2021,Out of work,306,94165.294026,25101.4351703,699849.094495,26.6567798996,4.09166666667,6.1,0.908333333333,0.658333333333,12,12,3.9,-4.09166666667,-6.1,-0.603109847431,-4.00833333333,5.2
19,2022,Employed,4193,1344407.49889,174126.866965,5988646.56309,12.9519410677,3.95833333333,6.8,0.875,0.425,12,12,2.9,-3.95833333333,-6.8,-1.23446525364,-4.09166666667,3.9
19,2022,Out of work,207,65056.5949536,15655.6566574,430965.962339,24.0646727185,3.95833333333,6.8,0.875,0.425,12,12,2.9,-3.95833333333,-6.8,-1.23446525364,-4.09166666667,3.9
19,2023,Employed,4262,1372561.45608,214570.635644,6821728.15593,15.632861807,3.53333333333,5.225,1.125,0.583333333333,12,12,3,-3.53333333333,-5.225,-0.777607578664,-3.95833333333,2.9
19,2023,Out of work,247,79697.7215469,29185.8715278,813303.918802,36.6207100546,3.53333333333,5.225,1.125,0.583333333333,12,12,3,-3.53333333333,-5.225,-0.777607578664,-3.95833333333,2.9
19,2024,Employed,4071,1374688.42748,204385.801279,6622796.85375,14.8677909258,3.16666666667,4.21666666667,1.00833333333,0.775,12,12,3.2,-3.16666666667,-4.21666666667,-0.3677317845,-3.53333333333,3
19,2024,Out of work,315,103617.278031,32621.1875651,919546.484474,31.4823822677,3.16666666667,4.21666666667,1.00833333333,0.775,12,12,3.2,-3.16666666667,-4.21666666667,-0.3677317845,-3.53333333333,3
19,2025,Employed,3558,1361066.32385,199947.602051,6419444.67367,14.690511296,3.35833333333,3.86666666667,1.03333333333,,12,11,3.5,-3.35833333333,-3.86666666667,,-3.16666666667,3.2
19,2025,Out of work,245,89387.3325328,29982.9284868,881080.34242,33.5427041363,3.35833333333,3.86666666667,1.03333333333,,12,11,3.5,-3.35833333333,-3.86666666667,,-3.16666666667,3.2
20,2013,Employed,10823,1219926.64616,96423.0998349,3274592.38647,7.90400801051,3,2.55833333333,1.06666666667,2.24166666667,12,12,5.3,-3,-2.55833333333,1.16457176695,-3.19166666667,5.7
20,2013,Out of work,953,125743.842478,22892.5341071,697724.731402,18.2056899615,3,2.55833333333,1.06666666667,2.24166666667,12,12,5.3,-3,-2.55833333333,1.16457176695,-3.19166666667,5.7
20,2014,Employed,6343,1191186.21905,84553.3811884,2954106.30705,7.09825045287,3.325,3.00833333333,1.10833333333,1.59166666667,12,12,4.5,-3.325,-3.00833333333,0.670538232427,-3,5.3
20,2014,Out of work,449,96410.3202525,16362.5217769,530101.987533,16.9717533704,3.325,3.00833333333,1.10833333333,1.59166666667,12,12,4.5,-3.325,-3.00833333333,0.670538232427,-3,5.3
20,2015,Employed,10478,1180863.14378,91568.5460111,3154796.18378,7.75437411978,3.525,3.36666666667,1.2,1.28333333333,12,12,4.2,-3.525,-3.36666666667,0.359895945086,-3.325,4.5
20,2015,Out of work,687,87478.781094,18075.2450951,532839.924653,20.6624336428,3.525,3.36666666667,1.2,1.28333333333,12,12,4.2,-3.525,-3.36666666667,0.359895945086,-3.325,4.5
20,2016,Employed,5408,1202401.53525,101952.174894,3556882.20563,8.47904563539,3.65833333333,3.75,1.275,1.10833333333,12,12,4,-3.65833333333,-3.75,0.148391839893,-3.525,4.2
20,2016,Out of work,326,74734.5718791,17444.0573934,494918.11323,23.3413491973,3.65833333333,3.75,1.275,1.10833333333,12,12,4,-3.65833333333,-3.75,0.148391839893,-3.525,4.2
20,2017,Employed,10344,1222756.03633,116470.624766,3871063.67492,9.52525453201,3.69166666667,4.1,1.275,0.9,12,12,3.6,-3.69166666667,-4.1,-0.152003093445,-3.65833333333,4
20,2017,Out of work,604,81185.8199271,18653.8699359,572660.65517,22.9767586909,3.69166666667,4.1,1.275,0.9,12,12,3.6,-3.69166666667,-4.1,-0.152003093445,-3.65833333333,4
20,2018,Employed,4788,1209248.52772,117209.973456,4016635.48998,9.69279439001,3.775,5.31666666667,1.15833333333,0.633333333333,12,12,3.3,-3.775,-5.31666666667,-0.658963082165,-3.69166666667,3.6
20,2018,Out of work,268,76867.6400697,21760.4618587,607629.839793,28.3090021223,3.775,5.31666666667,1.15833333333,0.633333333333,12,12,3.3,-3.775,-5.31666666667,-0.658963082165,-3.69166666667,3.6
20,2019,Employed,5093,1175947.31518,149265.070502,4789371.64556,12.6931766904,3.78333333333,4.8,1.075,0.658333333333,12,12,3.2,-3.78333333333,-4.8,-0.603109847431,-3.775,3.3
20,2019,Out of work,282,75744.0210424,27934.7026277,758554.987764,36.8804061935,3.78333333333,4.8,1.075,0.658333333333,12,12,3.2,-3.78333333333,-4.8,-0.603109847431,-3.775,3.3
20,2020,Employed,4690,1162612.66302,149586.879267,4739268.22069,12.8664415953,3.60833333333,4.375,2.00833333333,1.45833333333,12,12,5.8,-3.60833333333,-4.375,0.544320516224,-3.78333333333,3.2
20,2020,Out of work,432,137958.489716,31768.1928967,983700.604208,23.0273562448,3.60833333333,4.375,2.00833333333,1.45833333333,12,12,5.8,-3.60833333333,-4.375,0.544320516224,-3.78333333333,3.2
20,2021,Employed,8246,1211151.42841,172773.977216,5589084.03205,14.2652663542,4.11666666667,5.9,0.841666666667,0.616666666667,12,12,3.4,-4.11666666667,-5.9,-0.69743722998,-3.60833333333,5.8
20,2021,Out of work,546,101529.801206,34919.4565762,966560.083866,34.3933073455,4.11666666667,5.9,0.841666666667,0.616666666667,12,12,3.4,-4.11666666667,-5.9,-0.69743722998,-3.60833333333,5.8
20,2022,Employed,4797,1192792.11648,186093.998515,5904578.06159,15.6015449753,3.96666666667,6.63333333333,0.866666666667,0.425,12,12,2.8,-3.96666666667,-6.63333333333,-1.23446525364,-4.11666666667,3.4
20,2022,Out of work,244,76907.9297132,28122.2382921,816049.19096,36.5661101488,3.96666666667,6.63333333333,0.866666666667,0.425,12,12,2.8,-3.96666666667,-6.63333333333,-1.23446525364,-4.11666666667,3.4
20,2023,Employed,4599,1223068.02797,184977.652409,6060165.98796,15.1240689952,3.55,5.3,1.00833333333,0.533333333333,12,12,2.9,-3.55,-5.3,-0.906890595609,-3.96666666667,2.8
20,2023,Out of work,260,84912.060236,26938.2916561,783984.966212,31.7249299819,3.55,5.3,1.00833333333,0.533333333333,12,12,2.9,-3.55,-5.3,-0.906890595609,-3.96666666667,2.8
20,2024,Employed,5014,1267378.20251,203024.245486,6328643.98916,16.0192312827,3.20833333333,4.6,1.00833333333,0.783333333333,12,12,3.5,-3.20833333333,-4.6,-0.352301743931,-3.55,2.9
20,2024,Out of work,299,82576.9784761,23161.1463175,670850.428995,28.0479459832,3.20833333333,4.6,1.00833333333,0.783333333333,12,12,3.5,-3.20833333333,-4.6,-0.352301743931,-3.55,2.9
20,2025,Employed,4426,1235181.473,204179.729875,6391211.42458,16.5303426532,3.26666666667,4.26666666667,1.05833333333,,12,11,3.8,-3.26666666667,-4.26666666667,,-3.20833333333,3.5
20,2025,Out of work,292,88374.1194711,26041.2914643,770174.993017,29.4671014774,3.26666666667,4.26666666667,1.05833333333,,12,11,3.8,-3.26666666667,-4.26666666667,,-3.20833333333,3.5
21,2013,Employed,4299,1663123.36225,159721.339078,5552242.2554,9.60369763926,3.725,2.78333333333,1.3,3.14166666667,12,12,7.9,-3.725,-2.78333333333,1.65153011766,-3.65,8.2
21,2013,Out of work,482,213831.916994,41461.3622019,1386259.22867,19.3896976582,3.725,2.78333333333,1.3,3.14166666667,12,12,7.9,-3.725,-2.78333333333,1.65153011766,-3.65,8.2
21,2014,Employed,3945,1636534.58363,159858.256828,5467759.5411,9.76809524387,4.09166666667,3.69166666667,1.4,1.85833333333,12,12,6.4,-4.09166666667,-3.69166666667,0.894009304312,-3.725,7.9
21,2014,Out of work,418,190009.225909,54439.6724752,1517188.25928,28.6510679756,4.09166666667,3.69166666667,1.4,1.85833333333,12,12,6.4,-4.09166666667,-3.69166666667,0.894009304312,-3.725,7.9
21,2015,Employed,3275,1638106.31333,149166.103199,4993454.12121,9.1060086873,4.11666666667,4.21666666667,1.3,1.26666666667,12,12,5.3,-4.11666666667,-4.21666666667,0.341036917835,-4.09166666667,6.4
21,2015,Out of work,308,181210.366765,54136.8110752,1483130.11947,29.875118097,4.11666666667,4.21666666667,1.3,1.26666666667,12,12,5.3,-4.11666666667,-4.21666666667,0.341036917835,-4.09166666667,6.4
21,2016,Employed,4096,1630502.6923,175120.242042,5914533.21551,10.740260833,4.00833333333,4.25,1.24166666667,1.225,12,12,5.1,-4.00833333333,-4.25,0.292781749228,-4.11666666667,5.3
21,2016,Out of work,287,123129.719975,36751.4340793,1019079.09576,29.8477362628,4.00833333333,4.25,1.24166666667,1.225,12,12,5.1,-4.00833333333,-4.25,0.292781749228,-4.11666666667,5.3
21,2017,Employed,3421,1645689.49764,183939.681604,5981873.08735,11.1770587263,4.16666666667,4.04166666667,1.275,1.20833333333,12,12,4.8,-4.16666666667,-4.04166666667,0.273018494406,-4.00833333333,5.1
21,2017,Out of work,296,141545.580608,38865.4215748,1120985.19116,27.4578841726,4.16666666667,4.04166666667,1.275,1.20833333333,12,12,4.8,-4.16666666667,-4.04166666667,0.273018494406,-4.00833333333,5.1
21,2018,Employed,3296,1659322.36601,202861.56587,6249000.86077,12.2255668956,4.38333333333,4.48333333333,1.25833333333,0.95,12,12,4.2,-4.38333333333,-4.48333333333,-0.0740005814438,-4.16666666667,4.8
21,2018,Out of work,283,141733.695051,40012.5010501,1127397.50941,28.2307612426,4.38333333333,4.48333333333,1.25833333333,0.95,12,12,4.2,-4.38333333333,-4.48333333333,-0.0740005814438,-4.16666666667,4.8
21,2019,Employed,3083,1697895.59276,252770.057754,7828314.40763,14.8872556611,4.24166666667,4.43333333333,1.2,0.95,12,12,4.1,-4.24166666667,-4.43333333333,-0.0740005814438,-4.38333333333,4.2
21,2019,Out of work,208,115058.153044,38584.563106,1141030.74071,33.5348361547,4.24166666667,4.43333333333,1.2,0.95,12,12,4.1,-4.24166666667,-4.43333333333,-0.0740005814438,-4.38333333333,4.2
21,2020,Employed,1538,1591774.64021,225061.807316,7157234.97963,14.139049689,5.10833333333,4.88333333333,2.40833333333,1.475,12,12,6.5,-5.10833333333,-4.88333333333,0.560714954474,-4.24166666667,4.1
21,2020,Out of work,223,242696.60975,70707.530207,2111651.76573,29.1341235792,5.10833333333,4.88333333333,2.40833333333,1.475,12,12,6.5,-5.10833333333,-4.88333333333,0.560714954474,-4.24166666667,4.1
21,2021,Employed,2171,1733308.30348,250131.434422,7927540.71257,14.4308680642,5.28333333333,7.13333333333,1.21666666667,0.625,12,12,4.4,-5.28333333333,-7.13333333333,-0.678071905113,-5.10833333333,6.5
21,2021,Out of work,201,164011.499453,52440.4207765,1423158.81458,31.9736243808,5.28333333333,7.13333333333,1.21666666667,0.625,12,12,4.4,-5.28333333333,-7.13333333333,-0.678071905113,-5.10833333333,6.5
21,2022,Employed,1720,1722176.48785,249721.484836,7629104.32328,14.5003422471,5,7.56666666667,1,0.516666666667,12,12,4,-5,-7.56666666667,-0.952694285222,-5.28333333333,4.4
21,2022,Out of work,125,121796.728069,35728.299676,1069559.89657,29.3343673862,5,7.56666666667,1,0.516666666667,12,12,4,-5,-7.56666666667,-0.952694285222,-5.28333333333,4.4
21,2024,Employed,2728,1621284.44114,253164.439476,8012322.82509,15.6150539074,3.59166666667,5.66666666667,0.991666666667,0.825,12,12,4.8,-3.59166666667,-5.66666666667,-0.277533975529,-4.39166666667,4.2
21,2024,Out of work,277,169042.103743,64058.9697219,1764421.2635,37.8952747886,3.59166666667,5.66666666667,0.991666666667,0.825,12,12,4.8,-3.59166666667,-5.66666666667,-0.277533975529,-4.39166666667,4.2
21,2025,Employed,2663,1694271.88464,256868.108493,8795109.99549,15.1609733256,3.525,4.74166666667,1.125,,12,11,4.6,-3.525,-4.74166666667,,-3.59166666667,4.8
21,2025,Out of work,279,176695.248561,49326.5820205,1512412.91801,27.9161904026,3.525,4.74166666667,1.125,,12,11,4.6,-3.525,-4.74166666667,,-3.59166666667,4.8
22,2013,Employed,1915,1683727.80705,161055.050962,5341215.83471,9.56538522958,3.76666666667,2.775,1.31666666667,2.4,12,12,6.4,-3.76666666667,-2.775,1.26303440583,-3.625,6.7
22,2013,Out of work,239,283574.640096,75937.277267,1982534.85462,26.7785854339,3.76666666667,2.775,1.31666666667,2.4,12,12,6.4,-3.76666666667,-2.775,1.26303440583,-3.625,6.7
22,2014,Employed,2832,1779882.2871,159801.90301,5273758.09545,8.97822873841,3.83333333333,3.225,1.29166666667,2.01666666667,12,12,6.2,-3.83333333333,-3.225,1.01197264167,-3.76666666667,6.4
22,2014,Out of work,311,233443.857305,56179.56885,1626002.75764,24.0655588451,3.83333333333,3.225,1.29166666667,2.01666666667,12,12,6.2,-3.83333333333,-3.225,1.01197264167,-3.76666666667,6.4
22,2015,Employed,1864,1809158.87313,208981.401226,6549803.68851,11.5513017862,3.78333333333,3.96666666667,1.39166666667,1.66666666667,12,12,6.3,-3.78333333333,-3.96666666667,0.736965594166,-3.83333333333,6.2
22,2015,Out of work,194,216764.013235,48178.7307776,1380888.61253,22.2263511635,3.78333333333,3.96666666667,1.39166666667,1.66666666667,12,12,6.3,-3.78333333333,-3.96666666667,0.736965594166,-3.83333333333,6.2
22,2016,Employed,1881,1768679.67035,140304.997706,5195859.94262,7.93275345773,4.01666666667,3.75833333333,1.45,1.66666666667,12,12,6,-4.01666666667,-3.75833333333,0.736965594166,-3.78333333333,6.3
22,2016,Out of work,219,235277.181646,63698.9178967,1732307.22072,27.0739888378,4.01666666667,3.75833333333,1.45,1.66666666667,12,12,6,-4.01666666667,-3.75833333333,0.736965594166,-3.78333333333,6.3
22,2017,Employed,2033,1691095.35424,198014.11186,6550953.42079,11.7092221538,4.225,3.65,1.475,1.43333333333,12,12,5.1,-4.225,-3.65,0.519374159094,-4.01666666667,6
22,2017,Out of work,233,221790.587183,78194.0914341,2175320.95766,35.255820559,4.225,3.65,1.475,1.43333333333,12,12,5.1,-4.225,-3.65,0.519374159094,-4.01666666667,6
22,2018,Employed,2264,1724000.24425,225853.479713,7249181.13393,13.1005480113,4.25833333333,4.06666666667,1.28333333333,1.2,12,12,4.8,-4.25833333333,-4.06666666667,0.263034405834,-4.225,5.1
22,2018,Out of work,238,197138.974657,55291.6094354,1630056.11588,28.0470209057,4.25833333333,4.06666666667,1.28333333333,1.2,12,12,4.8,-4.25833333333,-4.06666666667,0.263034405834,-4.225,5.1
22,2019,Employed,2051,1710784.25034,261995.161346,8187675.96113,15.3143309154,4.46666666667,4.40833333333,1.36666666667,1.05,12,12,4.6,-4.46666666667,-4.40833333333,0.0703893278914,-4.25833333333,4.8
22,2019,Out of work,228,223726.821024,81176.675634,2228951.26787,36.283837254,4.46666666667,4.40833333333,1.36666666667,1.05,12,12,4.6,-4.46666666667,-4.40833333333,0.0703893278914,-4.25833333333,4.8
22,2020,Employed,1902,1592327.91451,233013.596793,7568108.40721,14.6335183017,4.425,4.63333333333,2.34166666667,2.06666666667,12,12,8.6,-4.425,-4.63333333333,1.04730571478,-4.46666666667,4.6
22,2020,Out of work,271,289617.757409,73281.842208,2380691.23652,25.3029520232,4.425,4.63333333333,2.34166666667,2.06666666667,12,12,8.6,-4.425,-4.63333333333,1.04730571478,-4.46666666667,4.6
22,2021,Employed,2105,1679994.68523,245510.237666,7953323.66014,14.6137508544,5.04166666667,6.5,1.03333333333,0.916666666667,12,12,5.6,-5.04166666667,-6.5,-0.125530882084,-4.425,8.6
22,2021,Out of work,238,251455.99447,84481.783502,2442346.80066,33.5970449542,5.04166666667,6.5,1.03333333333,0.916666666667,12,12,5.6,-5.04166666667,-6.5,-0.125530882084,-4.425,8.6
22,2022,Employed,2229,1681990.2135,291538.716825,9300444.55301,17.3329615408,4.99166666667,7.43333333333,1.09166666667,0.5,12,12,3.7,-4.99166666667,-7.43333333333,-1,-5.04166666667,5.6
22,2022,Out of work,211,210473.349571,85732.9357652,2380461.08424,40.7333925838,4.99166666667,7.43333333333,1.09166666667,0.5,12,12,3.7,-4.99166666667,-7.43333333333,-1,-5.04166666667,5.6
22,2023,Employed,2257,1684383.47928,290511.507123,9420785.79201,17.2473495909,5.025,6.625,1.26666666667,0.558333333333,12,12,3.7,-5.025,-6.625,-0.840801405151,-4.99166666667,3.7
22,2023,Out of work,211,189729.915349,56341.850547,1749058.90673,29.6958181019,5.025,6.625,1.26666666667,0.558333333333,12,12,3.7,-5.025,-6.625,-0.840801405151,-4.99166666667,3.7
22,2024,Employed,1783,1626403.62747,290044.638159,9425131.77918,17.8334967569,4.1,5.18333333333,1.30833333333,0.833333333333,12,12,4.3,-4.1,-5.18333333333,-0.263034405834,-5.025,3.7
22,2024,Out of work,217,217584.409614,65438.95611,2057578.51424,30.0752044809,4.1,5.18333333333,1.30833333333,0.833333333333,12,12,4.3,-4.1,-5.18333333333,-0.263034405834,-5.025,3.7
22,2025,Employed,1805,1679855.70247,294250.987632,9202424.54108,17.5164442517,3.75833333333,4.9,1.11666666667,,12,11,4.3,-3.75833333333,-4.9,,-4.1,4.3
22,2025,Out of work,190,210300.505625,64313.723007,1609902.703,30.5818204364,3.75833333333,4.9,1.11666666667,,12,11,4.3,-3.75833333333,-4.9,,-4.1,4.3
23,2013,Employed,3531,556651.557389,49512.0548283,1659241.23189,8.89462252841,3.40833333333,3.19166666667,1.75,2.41666666667,12,12,6.7,-3.40833333333,-3.19166666667,1.27301849441,-3.41666666667,7.2
23,2013,Out of work,313,56944.1669252,13236.0819609,386712.726692,23.243964528,3.40833333333,3.19166666667,1.75,2.41666666667,12,12,6.7,-3.40833333333,-3.19166666667,1.27301849441,-3.41666666667,7.2
23,2014,Employed,3797,549552.736087,50616.596437,1672303.66723,9.21050758429,3.46666666667,3.36666666667,1.61666666667,1.88333333333,12,12,5.6,-3.46666666667,-3.36666666667,0.913288366807,-3.40833333333,6.7
23,2014,Out of work,303,52852.4150736,12435.4724351,403446.172791,23.5286739836,3.46666666667,3.36666666667,1.61666666667,1.88333333333,12,12,5.6,-3.46666666667,-3.36666666667,0.913288366807,-3.40833333333,6.7
23,2015,Employed,3772,554365.969002,47711.7674143,1649529.97678,8.60654695312,3.84166666667,3.825,1.45,1.28333333333,12,12,4.4,-3.84166666667,-3.825,0.359895945086,-3.46666666667,5.6
23,2015,Out of work,254,41670.2679136,9006.6532548,305167.179342,21.6140997065,3.84166666667,3.825,1.45,1.28333333333,12,12,4.4,-3.84166666667,-3.825,0.359895945086,-3.46666666667,5.6
23,2016,Employed,4163,551613.623167,58544.5894457,1899445.39991,10.6133327726,3.96666666667,4.33333333333,1.39166666667,0.95,12,12,3.8,-3.96666666667,-4.33333333333,-0.0740005814438,-3.84166666667,4.4
23,2016,Out of work,268,38243.5173835,10902.3733445,342086.248083,28.5077683497,3.96666666667,4.33333333333,1.39166666667,0.95,12,12,3.8,-3.96666666667,-4.33333333333,-0.0740005814438,-3.84166666667,4.4
23,2017,Employed,4070,555453.837159,54755.676536,1949745.69233,9.85782667666,3.90833333333,4.30833333333,1.61666666667,0.866666666667,12,12,3.4,-3.90833333333,-4.30833333333,-0.206450877467,-3.96666666667,3.8
23,2017,Out of work,269,41423.3334952,12776.038482,369004.191609,30.8426130975,3.90833333333,4.30833333333,1.61666666667,0.866666666667,12,12,3.4,-3.90833333333,-4.30833333333,-0.206450877467,-3.96666666667,3.8
23,2018,Employed,3929,560963.914921,65760.456401,2207463.51301,11.7227605291,4.075,5.01666666667,1.675,0.683333333333,12,12,3.2,-4.075,-5.01666666667,-0.54933859099,-3.90833333333,3.4
23,2018,Out of work,233,35071.2297549,7601.01227527,241618.345829,21.6730702869,4.075,5.01666666667,1.675,0.683333333333,12,12,3.2,-4.075,-5.01666666667,-0.54933859099,-3.90833333333,3.4
23,2019,Employed,3838,540969.116407,61601.9592976,2026562.97342,11.3873338476,3.975,4.65833333333,1.40833333333,0.65,12,12,2.9,-3.975,-4.65833333333,-0.621488376746,-4.075,3.2
23,2019,Out of work,236,36439.4524915,13356.106051,363045.549506,36.6528724715,3.975,4.65833333333,1.40833333333,0.65,12,12,2.9,-3.975,-4.65833333333,-0.621488376746,-4.075,3.2
23,2020,Employed,3829,533595.946725,56990.399824,1942992.18473,10.6804409167,4.25833333333,4.30833333333,2.50833333333,1.36666666667,12,12,5.1,-4.25833333333,-4.30833333333,0.45066140901,-3.975,2.9
23,2020,Out of work,321,45553.6165045,10513.4025454,330683.640967,23.0791830641,4.25833333333,4.30833333333,2.50833333333,1.36666666667,12,12,5.1,-4.25833333333,-4.30833333333,0.45066140901,-3.975,2.9
23,2021,Employed,4457,533823.926801,70654.3729649,2286110.03343,13.235520069,4.25,6.475,1.06666666667,0.75,12,12,4.7,-4.25,-6.475,-0.415037499279,-4.25833333333,5.1
23,2021,Out of work,334,46527.1324135,13945.1802935,391341.701125,29.9721465092,4.25,6.475,1.06666666667,0.75,12,12,4.7,-4.25,-6.475,-0.415037499279,-4.25833333333,5.1
23,2022,Employed,3944,542361.547902,75517.8783459,2544470.0214,13.9238997746,4.16666666667,6.78333333333,0.958333333333,0.425,12,12,2.8,-4.16666666667,-6.78333333333,-1.23446525364,-4.25,4.7
23,2022,Out of work,252,39239.0541981,13826.5992848,414061.0191,35.236831181,4.16666666667,6.78333333333,0.958333333333,0.425,12,12,2.8,-4.16666666667,-6.78333333333,-1.23446525364,-4.25,4.7
23,2023,Employed,4122,551262.081564,98757.3683783,3052764.05406,17.9147762346,4,6.23333333333,1.21666666667,0.433333333333,12,12,2.6,-4,-6.23333333333,-1.20645087747,-4.16666666667,2.8
23,2023,Out of work,283,39267.3527295,15965.4551592,433402.992251,40.6583435079,4,6.23333333333,1.21666666667,0.433333333333,12,12,2.6,-4,-6.23333333333,-1.20645087747,-4.16666666667,2.8
23,2024,Employed,4500,562480.349247,83920.243898,2814770.38678,14.9196756847,3.575,4.95833333333,1.15833333333,0.625,12,12,3,-3.575,-4.95833333333,-0.678071905113,-4,2.6
23,2024,Out of work,325,42070.5711148,16524.1631363,478960.175901,39.2772493894,3.575,4.95833333333,1.15833333333,0.625,12,12,3,-3.575,-4.95833333333,-0.678071905113,-4,2.6
23,2025,Employed,4259,557192.358929,94918.1571157,3034552.24528,17.035078747,3.55833333333,4.65,1.25,,12,11,3.4,-3.55833333333,-4.65,,-3.575,3
23,2025,Out of work,325,46178.9894791,13950.5187938,447674.204248,30.2096666713,3.55833333333,4.65,1.25,,12,11,3.4,-3.55833333333,-4.65,,-3.575,3
24,2013,Employed,5882,2537842.35254,208948.838993,7359812.72276,8.23332618687,3.075,2.925,1.15,2.65833333333,12,12,6.6,-3.075,-2.925,1.41052201816,-3.04166666667,6.9
24,2013,Out of work,610,323040.99609,63147.1172756,1977138.74267,19.5477100554,3.075,2.925,1.15,2.65833333333,12,12,6.6,-3.075,-2.925,1.41052201816,-3.04166666667,6.9
24,2014,Employed,5329,2632263.2963,229293.225913,7641638.83863,8.71087729845,3.125,3.425,1.09166666667,1.99166666667,12,12,5.7,-3.125,-3.425,0.993976212372,-3.075,6.6
24,2014,Out of work,404,248471.028997,39509.8169295,1272737.79007,15.9011765231,3.125,3.425,1.09166666667,1.99166666667,12,12,5.7,-3.125,-3.425,0.993976212372,-3.075,6.6
24,2015,Employed,4944,2564161.07704,233113.619246,7535745.66897,9.09122368844,3.25,4.06666666667,0.991666666667,1.41666666667,12,12,5,-3.25,-4.06666666667,0.502500340529,-3.125,5.7
24,2015,Out of work,382,249330.391891,37351.9332156,1273375.47684,14.980898611,3.25,4.06666666667,0.991666666667,1.41666666667,12,12,5,-3.25,-4.06666666667,0.502500340529,-3.125,5.7
24,2016,Employed,7821,2593434.23981,218621.499221,7836037.81037,8.429806928,3.3,4.00833333333,0.958333333333,1.2,12,12,4.2,-3.3,-4.00833333333,0.263034405834,-3.25,5
24,2016,Out of work,607,218512.046082,43535.5945131,1301489.97366,19.9236588067,3.3,4.00833333333,0.958333333333,1.2,12,12,4.2,-3.3,-4.00833333333,0.263034405834,-3.25,5
24,2017,Employed,5405,2533673.83448,226350.148112,7726059.71383,8.93367350726,3.4,4.05833333333,1.29166666667,1.15,12,12,4.1,-3.4,-4.05833333333,0.20163386117,-3.3,4.2
24,2017,Out of work,422,214298.240616,35157.5887532,1169000.8742,16.4059157239,3.4,4.05833333333,1.29166666667,1.15,12,12,4.1,-3.4,-4.05833333333,0.20163386117,-3.3,4.2
24,2018,Employed,6812,2512794.70867,216663.447631,7793053.222,8.62240941861,3.475,4.66666666667,1.36666666667,0.933333333333,12,12,3.8,-3.475,-4.66666666667,-0.0995356735509,-3.4,4.1
24,2018,Out of work,511,218318.10229,48035.6971493,1395102.75956,22.0026175775,3.475,4.66666666667,1.36666666667,0.933333333333,12,12,3.8,-3.475,-4.66666666667,-0.0995356735509,-3.4,4.1
24,2019,Employed,6805,2590287.61526,259684.744642,9250526.65372,10.0253247211,3.80833333333,4.8,1.15833333333,0.8,12,12,3.4,-3.80833333333,-4.8,-0.321928094887,-3.475,3.8
24,2019,Out of work,513,206138.765552,55747.3846591,1678688.22923,27.0436201119,3.80833333333,4.8,1.15833333333,0.8,12,12,3.4,-3.80833333333,-4.8,-0.321928094887,-3.475,3.8
24,2020,Employed,6099,2397028.80543,260236.937988,8835677.89657,10.856646253,3.78333333333,5.00833333333,2.04166666667,1.6,12,12,6.5,-3.78333333333,-5.00833333333,0.678071905113,-3.80833333333,3.4
24,2020,Out of work,749,318615.266489,70556.6982115,2112361.77984,22.1447951911,3.78333333333,5.00833333333,2.04166666667,1.6,12,12,6.5,-3.78333333333,-5.00833333333,0.678071905113,-3.80833333333,3.4
24,2021,Employed,6790,2550533.53616,287735.20568,10325578.7173,11.2813731559,3.6,7.03333333333,0.858333333333,0.841666666667,12,12,5.2,-3.6,-7.03333333333,-0.248679112857,-3.78333333333,6.5
24,2021,Out of work,655,260180.524151,60029.5382465,1723114.27756,23.072264322,3.6,7.03333333333,0.858333333333,0.841666666667,12,12,5.2,-3.6,-7.03333333333,-0.248679112857,-3.78333333333,6.5
24,2022,Employed,6791,2477255.41663,326647.401364,10894909.7616,13.1858588005,4.26666666667,7.24166666667,1.15,0.458333333333,12,12,3,-4.26666666667,-7.24166666667,-1.12553088208,-3.6,5.2
24,2022,Out of work,470,186194.105019,44479.5541788,1354393.74174,23.8888090331,4.26666666667,7.24166666667,1.15,0.458333333333,12,12,3,-4.26666666667,-7.24166666667,-1.12553088208,-3.6,5.2
24,2023,Employed,6968,2541944.81595,344797.903302,11626678.6913,13.5643347227,4.14166666667,6.33333333333,1.075,0.383333333333,12,12,2.2,-4.14166666667,-6.33333333333,-1.38332863955,-4.26666666667,3
24,2023,Out of work,526,214781.309094,45594.8745636,1275651.38483,21.2285113429,4.14166666667,6.33333333333,1.075,0.383333333333,12,12,2.2,-4.14166666667,-6.33333333333,-1.38332863955,-4.26666666667,3
24,2024,Employed,5966,2563714.93416,354675.949702,11936554.7002,13.8344534713,3.425,5.08333333333,1.04166666667,0.691666666667,12,12,3.2,-3.425,-5.08333333333,-0.531851164262,-4.14166666667,2.2
24,2024,Out of work,474,213500.349013,52387.7682109,1516855.19471,24.5375562396,3.425,5.08333333333,1.04166666667,0.691666666667,12,12,3.2,-3.425,-5.08333333333,-0.531851164262,-4.14166666667,2.2
24,2025,Employed,4946,2540071.21843,373914.272793,12238214.6839,14.7206216141,2.975,4.375,0.908333333333,,12,11,4,-2.975,-4.375,,-3.425,3.2
24,2025,Out of work,446,243400.307663,69749.255494,2112567.19061,28.6561903572,2.975,4.375,0.908333333333,,12,11,4,-2.975,-4.375,,-3.425,3.2
25,2013,Employed,6757,2789856.36497,244790.762013,8645893.93285,8.77431415776,2.875,2.89166666667,1.25,2.35833333333,12,12,6.7,-2.875,-2.89166666667,1.23776764722,-2.65,6.7
25,2013,Out of work,838,352334.366217,85482.643318,2420434.24268,24.2617954745,2.875,2.89166666667,1.25,2.35833333333,12,12,6.7,-2.875,-2.89166666667,1.23776764722,-2.65,6.7
25,2014,Employed,6308,2726132.82941,238819.584035,8245060.3847,8.76037959188,2.93333333333,3.48333333333,1.14166666667,1.69166666667,12,12,5.7,-2.93333333333,-3.48333333333,0.758445321577,-2.875,6.7
25,2014,Out of work,646,291300.649339,72391.0240742,2224458.66374,24.8509655706,2.93333333333,3.48333333333,1.14166666667,1.69166666667,12,12,5.7,-2.93333333333,-3.48333333333,0.758445321577,-2.875,6.7
25,2015,Employed,4255,2738684.24355,229005.154565,8182120.50945,8.36186775106,2.875,4.025,0.866666666667,1.18333333333,12,12,4.8,-2.875,-4.025,0.242856523896,-2.93333333333,5.7
25,2015,Out of work,422,279635.705417,56809.359013,1766495.55039,20.3154882987,2.875,4.025,0.866666666667,1.18333333333,12,12,4.8,-2.875,-4.025,0.242856523896,-2.93333333333,5.7
25,2016,Employed,3686,2763747.82742,264938.809003,9090021.43485,9.58621500758,3.24166666667,3.88333333333,1.175,1.00833333333,12,12,4,-3.24166666667,-3.88333333333,0.0119726416661,-2.875,4.8
25,2016,Out of work,326,250639.711416,48980.9475881,1588631.74373,19.5423731185,3.24166666667,3.88333333333,1.175,1.00833333333,12,12,4,-3.24166666667,-3.88333333333,0.0119726416661,-2.875,4.8
25,2017,Employed,2981,2774640.71417,238053.968381,8909613.68781,8.57963220842,2.89166666667,4.01666666667,1.19166666667,0.966666666667,12,12,3.8,-2.89166666667,-4.01666666667,-0.0489096004809,-3.24166666667,4
25,2017,Out of work,230,230538.278646,47862.9881174,1604540.04889,20.7614060443,2.89166666667,4.01666666667,1.19166666667,0.966666666667,12,12,3.8,-2.89166666667,-4.01666666667,-0.0489096004809,-3.24166666667,4
25,2018,Employed,3042,2855345.78518,319561.613464,11123191.4624,11.1916957702,3.13333333333,4.325,1.075,0.8,12,12,3.5,-3.13333333333,-4.325,-0.321928094887,-2.89166666667,3.8
25,2018,Out of work,234,241128.242428,35746.0815229,1068537.84334,14.8245104609,3.13333333333,4.325,1.075,0.8,12,12,3.5,-3.13333333333,-4.325,-0.321928094887,-2.89166666667,3.8
25,2019,Employed,3421,2865561.65098,308916.006435,10676243.3501,10.7802952461,3.34166666667,4.34166666667,1.05833333333,0.7,12,12,3,-3.34166666667,-4.34166666667,-0.51457317283,-3.13333333333,3.5
25,2019,Out of work,258,225863.832348,56290.960033,1723061.01759,24.9225205505,3.34166666667,4.34166666667,1.05833333333,0.7,12,12,3,-3.34166666667,-4.34166666667,-0.51457317283,-3.13333333333,3.5
25,2020,Employed,3194,2652194.41002,324295.354947,10936862.889,12.2274352786,3.7,4.00833333333,2.625,2.58333333333,12,12,9.3,-3.7,-4.00833333333,1.36923380967,-3.34166666667,3
25,2020,Out of work,376,374146.593286,89957.7951655,2626297.62475,24.0434623166,3.7,4.00833333333,2.625,2.58333333333,12,12,9.3,-3.7,-4.00833333333,1.36923380967,-3.34166666667,3
25,2021,Employed,3688,2765622.79474,359698.850681,11623376.3797,13.0060705084,3.69166666667,6.425,0.9,0.883333333333,12,12,5.3,-3.69166666667,-6.425,-0.178970141045,-3.7,9.3
25,2021,Out of work,443,341278.598395,72128.9465572,2244062.54502,21.1349164279,3.69166666667,6.425,0.9,0.883333333333,12,12,5.3,-3.69166666667,-6.425,-0.178970141045,-3.7,9.3
25,2022,Employed,5212,2767709.3988,377726.89576,12831913.8429,13.6476356919,3.54166666667,7.175,0.766666666667,0.508333333333,12,12,3.7,-3.54166666667,-7.175,-0.976153258046,-3.69166666667,5.3
25,2022,Out of work,403,237879.355504,58703.4018503,1740411.17225,24.6778043121,3.54166666667,7.175,0.766666666667,0.508333333333,12,12,3.7,-3.54166666667,-7.175,-0.976153258046,-3.69166666667,5.3
25,2023,Employed,4409,2798420.31512,401635.06914,13380098.3051,14.3522067421,3.19166666667,6.25833333333,0.858333333333,0.533333333333,12,12,3.5,-3.19166666667,-6.25833333333,-0.906890595609,-3.54166666667,3.7
25,2023,Out of work,398,298297.480552,72184.593747,2124252.95903,24.1988613559,3.19166666667,6.25833333333,0.858333333333,0.533333333333,12,12,3.5,-3.19166666667,-6.25833333333,-0.906890595609,-3.54166666667,3.7
25,2024,Employed,4265,2841712.22131,359672.786766,12676334.7435,12.6569039633,2.93333333333,4.95833333333,0.983333333333,0.833333333333,12,12,4,-2.93333333333,-4.95833333333,-0.263034405834,-3.19166666667,3.5
25,2024,Out of work,415,291788.855035,72193.487969,2182553.40485,24.7416879443,2.93333333333,4.95833333333,0.983333333333,0.833333333333,12,12,4,-2.93333333333,-4.95833333333,-0.263034405834,-3.19166666667,3.5
25,2025,Employed,3982,2852715.79467,380888.888866,13131872.2438,13.3517993477,2.75,4.225,1.01666666667,,12,11,4.5,-2.75,-4.225,,-2.93333333333,4
25,2025,Out of work,417,288609.751449,70787.430219,2248619.36431,24.5270403593,2.75,4.225,1.01666666667,,12,11,4.5,-2.75,-4.225,,-2.93333333333,4
26,2013,Employed,5276,3731863.44155,339662.144507,11989953.5129,9.1016766778,2.95,2.73333333333,1.3,3.61666666667,12,12,8.8,-2.95,-2.73333333333,1.85466063684,-3.24166666667,9.1
26,2013,Out of work,614,527953.122544,96180.9868691,3131257.25025,18.2177134223,2.95,2.73333333333,1.3,3.61666666667,12,12,8.8,-2.95,-2.73333333333,1.85466063684,-3.24166666667,9.1
26,2014,Employed,3411,3762059.9236,366650.78553,12556158.6148,9.746011307,3.2,2.975,1.35833333333,2.75,12,12,7.2,-3.2,-2.975,1.45943161864,-2.95,8.8
26,2014,Out of work,368,479191.734963,115132.416935,3427756.10236,24.0263778639,3.2,2.975,1.35833333333,2.75,12,12,7.2,-3.2,-2.975,1.45943161864,-2.95,8.8
26,2015,Employed,3919,3906246.53546,350111.125209,12192610.0037,8.96285275469,3.39166666667,3.64166666667,1.31666666667,1.63333333333,12,12,5.4,-3.39166666667,-3.64166666667,0.707819248507,-3.2,7.2
26,2015,Out of work,328,365139.008692,77662.261664,2406954.3414,21.2692316666,3.39166666667,3.64166666667,1.31666666667,1.63333333333,12,12,5.4,-3.39166666667,-3.64166666667,0.707819248507,-3.2,7.2
26,2016,Employed,5085,3802616.51143,427501.494204,14074588.6043,11.2422983732,3.75833333333,3.90833333333,1.21666666667,1.39166666667,12,12,5,-3.75833333333,-3.90833333333,0.476813696866,-3.39166666667,5.4
26,2016,Out of work,442,373161.040507,79071.838656,2455104.69381,21.1897358171,3.75833333333,3.90833333333,1.21666666667,1.39166666667,12,12,5,-3.75833333333,-3.90833333333,0.476813696866,-3.39166666667,5.4
26,2017,Employed,4516,3834182.34124,420201.564502,14234906.4933,10.9593526626,3.53333333333,4.46666666667,1.34166666667,1.08333333333,12,12,4.6,-3.53333333333,-4.46666666667,0.11547721742,-3.75833333333,5
26,2017,Out of work,400,385949.144158,79978.419067,2404524.15103,20.7225278972,3.53333333333,4.46666666667,1.34166666667,1.08333333333,12,12,4.6,-3.53333333333,-4.46666666667,0.11547721742,-3.75833333333,5
26,2018,Employed,4530,3833422.36731,451713.202893,14822622.5705,11.7835489965,3.83333333333,4.89166666667,1.15833333333,0.916666666667,12,12,4.2,-3.83333333333,-4.89166666667,-0.125530882084,-3.53333333333,4.6
26,2018,Out of work,363,334059.794719,86056.489322,2600337.26775,25.7608041082,3.83333333333,4.89166666667,1.15833333333,0.916666666667,12,12,4.2,-3.83333333333,-4.89166666667,-0.125530882084,-3.53333333333,4.6
26,2019,Employed,4222,3873497.06816,554542.780382,17960797.2765,14.3163340677,3.79166666667,4.675,1.075,0.925,12,12,4.1,-3.79166666667,-4.675,-0.112474729258,-3.83333333333,4.2
26,2019,Out of work,386,379672.136082,114912.435065,3389831.4979,30.266228186,3.79166666667,4.675,1.075,0.925,12,12,4.1,-3.79166666667,-4.675,-0.112474729258,-3.83333333333,4.2
26,2020,Employed,2784,3553031.67781,479325.052314,16016215.9962,13.4905932674,5.08333333333,4.5,3.05,3.075,12,12,10,-5.08333333333,-4.5,1.62058641045,-3.79166666667,4.1
26,2020,Out of work,460,710971.066734,186183.473206,5576572.78569,26.1872081604,5.08333333333,4.5,3.05,3.075,12,12,10,-5.08333333333,-4.5,1.62058641045,-3.79166666667,4.1
26,2021,Employed,3817,3708587.34153,536531.845945,18065489.4117,14.4672835378,4.93333333333,7.39166666667,1.05,0.833333333333,12,12,5.7,-4.93333333333,-7.39166666667,-0.263034405834,-5.08333333333,10
26,2021,Out of work,430,500605.99002,143809.626608,4241486.9969,28.7271086393,4.93333333333,7.39166666667,1.05,0.833333333333,12,12,5.7,-4.93333333333,-7.39166666667,-0.263034405834,-5.08333333333,10
26,2022,Employed,3812,3771666.06131,613626.044984,19990848.1462,16.2693630616,4.00833333333,6.85,0.808333333333,0.625,12,12,4.2,-4.00833333333,-6.85,-0.678071905113,-4.93333333333,5.7
26,2022,Out of work,306,379890.285442,112435.739273,3177954.687,29.5968977312,4.00833333333,6.85,0.808333333333,0.625,12,12,4.2,-4.00833333333,-6.85,-0.678071905113,-4.93333333333,5.7
26,2023,Employed,3826,3816215.31921,640466.953951,20968740.7742,16.7827782339,3.53333333333,5.4,1.125,0.791666666667,12,12,3.9,-3.53333333333,-5.4,-0.337034987278,-4.00833333333,4.2
26,2023,Out of work,308,379148.292988,153643.969458,4398952.02156,40.523450138,3.53333333333,5.4,1.125,0.791666666667,12,12,3.9,-3.53333333333,-5.4,-0.337034987278,-4.00833333333,4.2
26,2024,Employed,4048,3728684.89035,594989.980682,19334290.6885,15.9571001085,3.65833333333,4.59166666667,1.29166666667,1.10833333333,12,12,4.7,-3.65833333333,-4.59166666667,0.148391839893,-3.53333333333,3.9
26,2024,Out of work,426,442815.892841,151040.945898,4029575.71522,34.1091971493,3.65833333333,4.59166666667,1.29166666667,1.10833333333,12,12,4.7,-3.65833333333,-4.59166666667,0.148391839893,-3.53333333333,3.9
26,2025,Employed,3394,3693471.56938,637141.397286,20018042.1218,17.2504752052,3.84166666667,4.79166666667,1.24166666667,,12,11,5.2,-3.84166666667,-4.79166666667,,-3.65833333333,4.7
26,2025,Out of work,342,419471.049453,156379.935892,4533584.43473,37.2802690665,3.84166666667,4.79166666667,1.24166666667,,12,11,5.2,-3.84166666667,-4.79166666667,,-3.65833333333,4.7
27,2013,Employed,7494,2484559.18583,166725.914485,6321109.78497,6.71048270599,3.35,2.975,1.125,1.76666666667,12,12,5,-3.35,-2.975,0.821029858955,-3.13333333333,5.7
27,2013,Out of work,518,185639.572061,36445.9519681,1042159.60917,19.6326416634,3.35,2.975,1.125,1.76666666667,12,12,5,-3.35,-2.975,0.821029858955,-3.13333333333,5.7
27,2014,Employed,8774,2477049.24629,160495.546072,5957285.81362,6.47930380521,3.26666666667,3.33333333333,1.03333333333,1.325,12,12,4.2,-3.26666666667,-3.33333333333,0.405992359676,-3.35,5
27,2014,Out of work,536,167077.920672,30887.2813104,974989.780683,18.4867522807,3.26666666667,3.33333333333,1.03333333333,1.325,12,12,4.2,-3.26666666667,-3.33333333333,0.405992359676,-3.35,5
27,2015,Employed,8517,2468526.58152,179100.926248,6365200.24039,7.25537766492,3.175,4.01666666667,1.05833333333,0.966666666667,12,12,3.8,-3.175,-4.01666666667,-0.0489096004809,-3.26666666667,4.2
27,2015,Out of work,492,161551.358217,31968.4444973,992609.645897,19.7884096117,3.175,4.01666666667,1.05833333333,0.966666666667,12,12,3.8,-3.175,-4.01666666667,-0.0489096004809,-3.26666666667,4.2
27,2016,Employed,8717,2479200.37524,187391.808227,6788634.83967,7.55855840047,3.125,3.93333333333,1.08333333333,0.991666666667,12,12,3.9,-3.125,-3.93333333333,-0.0120728323006,-3.175,3.8
27,2016,Out of work,459,146132.529987,35675.70373,1016972.52994,24.4132526366,3.125,3.93333333333,1.08333333333,0.991666666667,12,12,3.9,-3.125,-3.93333333333,-0.0120728323006,-3.175,3.8
27,2017,Employed,8563,2470337.78413,192847.00547,6795087.82019,7.80650349558,3.275,4.525,1.11666666667,0.783333333333,12,12,3.4,-3.275,-4.525,-0.352301743931,-3.125,3.9
27,2017,Out of work,543,148094.058523,34295.5322133,967213.537512,23.1579393227,3.275,4.525,1.11666666667,0.783333333333,12,12,3.4,-3.275,-4.525,-0.352301743931,-3.125,3.9
27,2018,Employed,8921,2518303.17594,225528.238033,7775319.82641,8.95556342016,3.34166666667,5.18333333333,1.1,0.583333333333,12,12,3,-3.34166666667,-5.18333333333,-0.777607578664,-3.275,3.4
27,2018,Out of work,424,132186.080606,29459.8725877,921518.874515,22.2866677434,3.34166666667,5.18333333333,1.1,0.583333333333,12,12,3,-3.34166666667,-5.18333333333,-0.777607578664,-3.275,3.4
27,2019,Employed,7845,2455714.74773,261473.618283,8931643.18571,10.6475566238,3.28333333333,4.46666666667,0.9,0.733333333333,12,12,3.3,-3.28333333333,-4.46666666667,-0.447458976971,-3.34166666667,3
27,2019,Out of work,443,139359.201468,39006.9318895,1125648.47331,27.990209099,3.28333333333,4.46666666667,0.9,0.733333333333,12,12,3.3,-3.28333333333,-4.46666666667,-0.447458976971,-3.34166666667,3
27,2020,Employed,7935,2372586.58326,264815.103829,8985299.99578,11.1614516283,3.51666666667,3.85833333333,2.325,1.825,12,12,6.3,-3.51666666667,-3.85833333333,0.867896463993,-3.28333333333,3.3
27,2020,Out of work,755,219139.345128,50473.8690142,1441498.85069,23.0327735007,3.51666666667,3.85833333333,2.325,1.825,12,12,6.3,-3.51666666667,-3.85833333333,0.867896463993,-3.28333333333,3.3
27,2021,Employed,8041,2450996.19563,289691.1985,9978630.34931,11.81932469,3.60833333333,5.85833333333,0.7,0.675,12,12,3.7,-3.60833333333,-5.85833333333,-0.567040592724,-3.51666666667,6.3
27,2021,Out of work,594,199630.62083,52284.3042453,1603206.61452,26.1905232914,3.60833333333,5.85833333333,0.7,0.675,12,12,3.7,-3.60833333333,-5.85833333333,-0.567040592724,-3.51666666667,6.3
27,2022,Employed,8237,2428899.82384,338588.564224,11284198.9877,13.9399970678,3.7,7.01666666667,0.866666666667,0.341666666667,12,12,2.4,-3.7,-7.01666666667,-1.54933859099,-3.60833333333,3.7
27,2022,Out of work,449,146587.867163,52764.1933867,1372963.91794,35.9949253699,3.7,7.01666666667,0.866666666667,0.341666666667,12,12,2.4,-3.7,-7.01666666667,-1.54933859099,-3.60833333333,3.7
27,2023,Employed,7337,2382785.89992,333224.188868,11081555.5333,13.9846466642,3.60833333333,6.00833333333,1.06666666667,0.466666666667,12,12,2.8,-3.60833333333,-6.00833333333,-1.09953567355,-3.7,2.4
27,2023,Out of work,524,190438.617117,51577.0534915,1563334.16371,27.0832955376,3.60833333333,6.00833333333,1.06666666667,0.466666666667,12,12,2.8,-3.60833333333,-6.00833333333,-1.09953567355,-3.7,2.4
27,2024,Employed,7120,2450204.84242,346157.021235,11583783.7584,14.1276768065,3.19166666667,5.125,0.875,0.608333333333,12,12,3.1,-3.19166666667,-5.125,-0.717066036729,-3.60833333333,2.8
27,2024,Out of work,521,191047.150905,56124.5267154,1582630.83616,29.3773167772,3.19166666667,5.125,0.875,0.608333333333,12,12,3.1,-3.19166666667,-5.125,-0.717066036729,-3.60833333333,2.8
27,2025,Employed,6315,2428025.36903,347324.042327,11743593.0703,14.3047946186,2.9,4.5,0.9,,12,11,3.9,-2.9,-4.5,,-3.19166666667,3.1
27,2025,Out of work,467,207330.779483,65164.4186571,1956563.19763,31.4301710627,2.9,4.5,0.9,,12,11,3.9,-2.9,-4.5,,-3.19166666667,3.1
28,2013,Employed,2677,1112071.47326,103695.635289,3311792.49607,9.32454772755,3.625,2.61666666667,1.34166666667,3.625,12,12,8.5,-3.625,-2.61666666667,1.85798099513,-3.38333333333,8.8
28,2013,Out of work,381,163086.14774,47703.6580346,1337939.00499,29.2505885359,3.625,2.61666666667,1.34166666667,3.625,12,12,8.5,-3.625,-2.61666666667,1.85798099513,-3.38333333333,8.8
28,2014,Employed,1477,1090741.84396,105200.472721,3395041.34243,9.64485531596,3.61666666667,2.875,1.29166666667,2.875,12,12,7.6,-3.61666666667,-2.875,1.52356195606,-3.625,8.5
28,2014,Out of work,209,188966.827305,40515.6395171,1283932.71646,21.4406094947,3.61666666667,2.875,1.29166666667,2.875,12,12,7.6,-3.61666666667,-2.875,1.52356195606,-3.625,8.5
28,2015,Employed,1974,1048575.42875,127086.979432,3748002.34632,12.1199654262,3.84166666667,3.525,1.15833333333,1.98333333333,12,12,6.5,-3.84166666667,-3.525,0.987927167699,-3.61666666667,7.6
28,2015,Out of work,263,163862.885905,32421.8424925,1090222.01223,19.7859584331,3.84166666667,3.525,1.15833333333,1.98333333333,12,12,6.5,-3.84166666667,-3.525,0.987927167699,-3.61666666667,7.6
28,2016,Employed,1984,1132834.09115,112823.306834,3641185.82033,9.9593848486,3.74166666667,3.50833333333,1.14166666667,1.83333333333,12,12,6,-3.74166666667,-3.50833333333,0.874469117916,-3.84166666667,6.5
28,2016,Out of work,206,113396.178479,19507.1940313,573337.436116,17.2026908605,3.74166666667,3.50833333333,1.14166666667,1.83333333333,12,12,6,-3.74166666667,-3.50833333333,0.874469117916,-3.84166666667,6.5
28,2017,Employed,1722,1019228.56751,112897.234198,3650825.73248,11.0767336981,3.90833333333,3.59166666667,1.23333333333,1.55833333333,12,12,5.2,-3.90833333333,-3.59166666667,0.640003864279,-3.74166666667,6
28,2017,Out of work,176,145213.651407,44007.454018,1323793.95644,30.3053146806,3.90833333333,3.59166666667,1.23333333333,1.55833333333,12,12,5.2,-3.90833333333,-3.59166666667,0.640003864279,-3.74166666667,6
28,2018,Employed,2298,1091969.90228,136418.351345,4222012.49026,12.4928673455,4.13333333333,4.25833333333,1.30833333333,1.225,12,12,4.9,-4.13333333333,-4.25833333333,0.292781749228,-3.90833333333,5.2
28,2018,Out of work,253,137519.947773,37651.1185489,1121314.68912,27.3786597208,4.13333333333,4.25833333333,1.30833333333,1.225,12,12,4.9,-4.13333333333,-4.25833333333,0.292781749228,-3.90833333333,5.2
28,2019,Employed,1962,1109658.01799,167255.689095,5011733.19109,15.0727238828,4.15833333333,4.34166666667,1.29166666667,1.35,12,12,5.5,-4.15833333333,-4.34166666667,0.432959407276,-4.13333333333,4.9
28,2019,Out of work,191,121491.411998,36640.6063599,1106832.10376,30.1590093961,4.15833333333,4.34166666667,1.29166666667,1.35,12,12,5.5,-4.15833333333,-4.34166666667,0.432959407276,-4.13333333333,4.9
28,2020,Employed,2318,1105370.75209,130820.809575,4015771.01184,11.8350163805,4.74166666667,4.725,2.15,1.9,12,12,7.9,-4.74166666667,-4.725,0.925999418556,-4.15833333333,5.5
28,2020,Out of work,263,135919.150879,36104.6202769,1044507.0841,26.5633062328,4.74166666667,4.725,2.15,1.9,12,12,7.9,-4.74166666667,-4.725,0.925999418556,-4.15833333333,5.5
28,2021,Employed,1725,1127622.19233,149729.861806,4793914.24893,13.2783713219,4.86666666667,6.59166666667,1.125,0.891666666667,12,12,5.4,-4.86666666667,-6.59166666667,-0.165423609207,-4.74166666667,7.9
28,2021,Out of work,178,132765.27828,39039.520036,968789.765179,29.4049171152,4.86666666667,6.59166666667,1.125,0.891666666667,12,12,5.4,-4.86666666667,-6.59166666667,-0.165423609207,-4.74166666667,7.9
28,2022,Employed,2017,1098773.06154,150833.528791,4851985.019,13.7274505601,4.94166666667,7.06666666667,1.19166666667,0.525,12,12,3.8,-4.94166666667,-7.06666666667,-0.929610672109,-4.86666666667,5.4
28,2022,Out of work,155,92347.1143906,26214.9018606,857738.60481,28.3873535558,4.94166666667,7.06666666667,1.19166666667,0.525,12,12,3.8,-4.94166666667,-7.06666666667,-0.929610672109,-4.86666666667,5.4
28,2023,Employed,1628,924122.862227,144873.493574,4639523.34545,15.6768650031,4.375,6.475,1.21666666667,0.491666666667,12,12,3.1,-4.375,-6.475,-1.02424754625,-4.94166666667,3.8
28,2023,Out of work,104,76832.868438,20412.374369,621403.389101,26.5672423586,4.375,6.475,1.21666666667,0.491666666667,12,12,3.1,-4.375,-6.475,-1.02424754625,-4.94166666667,3.8
28,2024,Employed,1455,1124718.80909,138687.755564,4698189.40213,12.3308825675,3.84166666667,5.21666666667,0.975,0.625,12,12,3.2,-3.84166666667,-5.21666666667,-0.678071905113,-4.375,3.1
28,2024,Out of work,113,98306.446003,18912.806262,671374.571514,19.2386227261,3.84166666667,5.21666666667,0.975,0.625,12,12,3.2,-3.84166666667,-5.21666666667,-0.678071905113,-4.375,3.1
29,2013,Employed,2220,1751437.40828,153341.429558,5208682.40287,8.75517611038,3.56666666667,2.86666666667,1.13333333333,2.54166666667,12,12,6.8,-3.56666666667,-2.86666666667,1.34577483684,-3.29166666667,7.1
29,2013,Out of work,264,236936.260305,58158.7881131,1794049.26816,24.5461745865,3.56666666667,2.86666666667,1.13333333333,2.54166666667,12,12,6.8,-3.56666666667,-2.86666666667,1.34577483684,-3.29166666667,7.1
29,2014,Employed,2679,2437229.3109,203032.669057,7013923.98346,8.33047051211,3.79166666667,3.10833333333,1.29166666667,2.15,12,12,6.2,-3.79166666667,-3.10833333333,1.10433665981,-3.56666666667,6.8
29,2014,Out of work,234,219713.334939,50855.0457772,1381198.41996,23.1460897862,3.79166666667,3.10833333333,1.29166666667,2.15,12,12,6.2,-3.79166666667,-3.10833333333,1.10433665981,-3.56666666667,6.8
29,2015,Employed,2794,2433527.77838,224256.903865,7694957.14636,9.21530076036,4.45833333333,3.81666666667,1.19166666667,1.41666666667,12,12,5.1,-4.45833333333,-3.81666666667,0.502500340529,-3.79166666667,6.2
29,2015,Out of work,218,185306.100306,50376.4836901,1344716.62547,27.1855506143,4.45833333333,3.81666666667,1.19166666667,1.41666666667,12,12,5.1,-4.45833333333,-3.81666666667,0.502500340529,-3.79166666667,6.2
29,2016,Employed,2675,2542668.19387,264479.978316,8879897.67185,10.4016709279,3.94166666667,3.78333333333,1.14166666667,1.24166666667,12,12,4.6,-3.94166666667,-3.78333333333,0.312277924854,-4.45833333333,5.1
29,2016,Out of work,219,205627.509735,65851.1723099,1873337.03319,32.024495358,3.94166666667,3.78333333333,1.14166666667,1.24166666667,12,12,4.6,-3.94166666667,-3.78333333333,0.312277924854,-4.45833333333,5.1
29,2017,Employed,3072,2524031.53126,292696.527415,9537525.29213,11.5963894979,3.89166666667,4.14166666667,1.35,0.933333333333,12,12,3.8,-3.89166666667,-4.14166666667,-0.0995356735509,-3.94166666667,4.6
29,2017,Out of work,220,186305.236177,47370.8094544,1430839.54637,25.4264509289,3.89166666667,4.14166666667,1.35,0.933333333333,12,12,3.8,-3.89166666667,-4.14166666667,-0.0995356735509,-3.94166666667,4.6
29,2018,Employed,2279,2509010.69285,295250.467711,9445666.81434,11.7676049988,3.71666666667,5.1,1.06666666667,0.65,12,12,3.2,-3.71666666667,-5.1,-0.621488376746,-3.89166666667,3.8
29,2018,Out of work,154,189852.168894,52051.624786,1366974.35841,27.416923962,3.71666666667,5.1,1.06666666667,0.65,12,12,3.2,-3.71666666667,-5.1,-0.621488376746,-3.89166666667,3.8
29,2019,Employed,2832,2542472.94947,343427.888082,11133630.6002,13.5076319358,3.825,4.825,1.18333333333,0.683333333333,12,12,3.2,-3.825,-4.825,-0.54933859099,-3.71666666667,3.2
29,2019,Out of work,197,169078.296822,61657.3259257,1743866.1736,36.4667299616,3.825,4.825,1.18333333333,0.683333333333,12,12,3.2,-3.825,-4.825,-0.54933859099,-3.71666666667,3.2
29,2020,Employed,3856,2502663.94743,331798.799841,10796193.031,13.2578247344,4.31666666667,4.06666666667,2.21666666667,1.68333333333,12,12,6.1,-4.31666666667,-4.06666666667,0.751320887143,-3.825,3.2
29,2020,Out of work,334,234425.673369,74840.1454781,2007452.10664,31.9248930386,4.31666666667,4.06666666667,2.21666666667,1.68333333333,12,12,6.1,-4.31666666667,-4.06666666667,0.751320887143,-3.825,3.2
29,2021,Employed,5106,2473368.42477,367539.953033,11637525.3691,14.8598950869,4.075,6.08333333333,0.833333333333,0.716666666667,12,12,4.1,-4.075,-6.08333333333,-0.480625840906,-4.31666666667,6.1
29,2021,Out of work,357,186021.200983,64571.3329868,1824054.4882,34.7118138393,4.075,6.08333333333,0.833333333333,0.716666666667,12,12,4.1,-4.075,-6.08333333333,-0.480625840906,-4.31666666667,6.1
29,2022,Employed,3300,2522801.22349,423986.775713,13091521.1872,16.8061903477,3.74166666667,6.7,1,0.366666666667,12,12,2.6,-3.74166666667,-6.7,-1.44745897697,-4.075,4.1
29,2022,Out of work,184,134999.063315,41992.8583695,1226495.84548,31.1060368408,3.74166666667,6.7,1,0.366666666667,12,12,2.6,-3.74166666667,-6.7,-1.44745897697,-4.075,4.1
29,2023,Employed,3075,2495146.72126,429402.535675,13198459.8577,17.2095104475,3.38333333333,5.48333333333,0.941666666667,0.558333333333,12,12,3.1,-3.38333333333,-5.48333333333,-0.840801405151,-3.74166666667,2.6
29,2023,Out of work,178,132096.575431,43293.9539325,1271401.34748,32.7744710954,3.38333333333,5.48333333333,0.941666666667,0.558333333333,12,12,3.1,-3.38333333333,-5.48333333333,-0.840801405151,-3.74166666667,2.6
29,2024,Employed,3266,2560627.81496,459343.062563,14405722.3539,17.9386890933,3.35,5.19166666667,0.958333333333,0.716666666667,12,12,3.7,-3.35,-5.19166666667,-0.480625840906,-3.38333333333,3.1
29,2024,Out of work,220,152972.682544,67043.6717129,1910251.52449,43.8272184276,3.35,5.19166666667,0.958333333333,0.716666666667,12,12,3.7,-3.35,-5.19166666667,-0.480625840906,-3.38333333333,3.1
29,2025,Employed,2550,2534266.87982,430837.250306,14054947.8919,17.0004688037,3.05,4.43333333333,0.866666666667,,12,11,4,-3.05,-4.43333333333,,-3.35,3.7
29,2025,Out of work,227,178934.111028,73013.5129453,2063763.14197,40.8046920321,3.05,4.43333333333,0.866666666667,,12,11,4,-3.05,-4.43333333333,,-3.35,3.7
30,2013,Employed,4347,417523.061373,35129.498506,1215785.34142,8.41378638836,4.58333333333,3.74166666667,1.95,1.55,12,12,5.3,-4.58333333333,-3.74166666667,0.6322682155,-4.38333333333,5.8
30,2013,Out of work,432,43941.520837,8197.98637438,261166.479204,18.6565831547,4.58333333333,3.74166666667,1.95,1.55,12,12,5.3,-4.58333333333,-3.74166666667,0.6322682155,-4.38333333333,5.8
30,2014,Employed,3106,428860.471469,34152.6873628,1219445.93554,7.9635894737,4.83333333333,4.23333333333,1.85,1.19166666667,12,12,4.6,-4.83333333333,-4.23333333333,0.25298074117,-4.58333333333,5.3
30,2014,Out of work,259,39349.9405245,7090.64645106,234179.566285,18.0194591314,4.83333333333,4.23333333333,1.85,1.19166666667,12,12,4.6,-4.83333333333,-4.23333333333,0.25298074117,-4.58333333333,5.3
30,2015,Employed,2464,416200.909564,35872.3447509,1209487.79694,8.61899720221,5.31666666667,4.6,1.925,1,12,12,4.3,-5.31666666667,-4.6,0,-4.83333333333,4.6
30,2015,Out of work,185,32953.4025123,7278.8840511,224782.62578,22.088414234,5.31666666667,4.6,1.925,1,12,12,4.3,-5.31666666667,-4.6,0,-4.83333333333,4.6
30,2016,Employed,2506,433494.901138,35583.6742506,1219726.37223,8.20855658445,5.16666666667,4.775,1.80833333333,0.966666666667,12,12,4.3,-5.16666666667,-4.775,-0.0489096004809,-5.31666666667,4.3
30,2016,Out of work,188,30947.3767383,4362.16367618,147559.377188,14.0954230566,5.16666666667,4.775,1.80833333333,0.966666666667,12,12,4.3,-5.16666666667,-4.775,-0.0489096004809,-5.31666666667,4.3
30,2017,Employed,2514,432208.576763,42768.7936372,1405304.20339,9.89540604619,5.04166666667,4.85,1.48333333333,0.9,12,12,4.1,-5.04166666667,-4.85,-0.152003093445,-5.16666666667,4.3
30,2017,Out of work,161,30173.7974168,7057.4278424,186241.314866,23.3892597107,5.04166666667,4.85,1.48333333333,0.9,12,12,4.1,-5.04166666667,-4.85,-0.152003093445,-5.16666666667,4.3
30,2018,Employed,2186,435489.287511,45440.7833853,1461625.76523,10.4344204757,4.78333333333,5.225,1.40833333333,0.766666666667,12,12,3.7,-4.78333333333,-5.225,-0.383328639552,-5.04166666667,4.1
30,2018,Out of work,188,39475.2028401,10006.4579271,282059.142714,25.3487182006,4.78333333333,5.225,1.40833333333,0.766666666667,12,12,3.7,-4.78333333333,-5.225,-0.383328639552,-5.04166666667,4.1
30,2019,Employed,2810,444516.001089,57563.1764122,1902664.99516,12.9496297706,4.91666666667,5.35833333333,1.73333333333,0.691666666667,12,12,3.5,-4.91666666667,-5.35833333333,-0.531851164262,-4.78333333333,3.7
30,2019,Out of work,179,27107.5046602,8841.7869292,227350.548355,32.617487445,4.91666666667,5.35833333333,1.73333333333,0.691666666667,12,12,3.5,-4.91666666667,-5.35833333333,-0.531851164262,-4.78333333333,3.7
30,2020,Employed,2861,442345.674929,53601.9564557,1796021.84974,12.1176626095,5.55833333333,4.90833333333,2.75,1.375,12,12,5.8,-5.55833333333,-4.90833333333,0.459431618637,-4.91666666667,3.5
30,2020,Out of work,224,41740.9248638,12416.3100356,356897.835252,29.7461306287,5.55833333333,4.90833333333,2.75,1.375,12,12,5.8,-5.55833333333,-4.90833333333,0.459431618637,-4.91666666667,3.5
30,2021,Employed,2685,445666.894302,66345.1534128,2022583.31968,14.8867134313,5.65833333333,7.26666666667,1.24166666667,0.491666666667,12,12,3.4,-5.65833333333,-7.26666666667,-1.02424754625,-5.55833333333,5.8
30,2021,Out of work,184,33230.2720669,11442.3271436,295891.490593,34.4334440612,5.65833333333,7.26666666667,1.24166666667,0.491666666667,12,12,3.4,-5.65833333333,-7.26666666667,-1.02424754625,-5.55833333333,5.8
30,2022,Employed,2954,465598.786605,79788.6630653,2511427.74698,17.1367850091,5.81666666667,8.13333333333,1.39166666667,0.316666666667,12,12,2.7,-5.81666666667,-8.13333333333,-1.65896308216,-5.65833333333,3.4
30,2022,Out of work,174,28970.2808106,11637.6938472,312928.703704,40.1711461593,5.81666666667,8.13333333333,1.39166666667,0.316666666667,12,12,2.7,-5.81666666667,-8.13333333333,-1.65896308216,-5.65833333333,3.4
30,2023,Employed,2847,462119.937339,87096.1169738,2634461.49224,18.8470805816,4.925,6.59166666667,1.44166666667,0.425,12,12,2.7,-4.925,-6.59166666667,-1.23446525364,-5.81666666667,2.7
30,2023,Out of work,186,29038.7989765,10798.296239,313215.246834,37.185753611,4.925,6.59166666667,1.44166666667,0.425,12,12,2.7,-4.925,-6.59166666667,-1.23446525364,-5.81666666667,2.7
30,2024,Employed,2580,483275.087883,78648.8359305,2516748.48106,16.2741341117,4.94166666667,5.49166666667,1.59166666667,0.583333333333,12,12,3,-4.94166666667,-5.49166666667,-0.777607578664,-4.925,2.7
30,2024,Out of work,181,34241.7606095,12744.7069334,336703.855155,37.2197769815,4.94166666667,5.49166666667,1.59166666667,0.583333333333,12,12,3,-4.94166666667,-5.49166666667,-0.777607578664,-4.925,2.7
30,2025,Employed,2431,479444.593678,76047.9436574,2548813.23761,15.8616750841,4.70833333333,4.88333333333,1.56666666667,,12,11,3.3,-4.70833333333,-4.88333333333,,-4.94166666667,3
30,2025,Out of work,154,35174.4550953,13512.0661322,379892.78803,38.414429152,4.70833333333,4.88333333333,1.56666666667,,12,11,3.3,-4.70833333333,-4.88333333333,,-4.94166666667,3
31,2013,Employed,8209,821343.516969,56145.0391852,1946657.26753,6.83575605397,3.36666666667,2.85833333333,1.21666666667,1.35,12,12,3.7,-3.36666666667,-2.85833333333,0.432959407276,-3.15833333333,3.9
31,2013,Out of work,433,49480.3486523,10624.3574257,305764.838478,21.4718726021,3.36666666667,2.85833333333,1.21666666667,1.35,12,12,3.7,-3.36666666667,-2.85833333333,0.432959407276,-3.15833333333,3.9
31,2014,Employed,10754,822884.758671,53851.9889637,1963712.79242,6.54429291541,3.525,3.39166666667,1.14166666667,0.958333333333,12,12,3.2,-3.525,-3.39166666667,-0.0614005446641,-3.36666666667,3.7
31,2014,Out of work,520,52636.6129471,11495.354393,326322.578702,21.8390845257,3.525,3.39166666667,1.14166666667,0.958333333333,12,12,3.2,-3.525,-3.39166666667,-0.0614005446641,-3.36666666667,3.7
31,2015,Employed,8547,838123.838495,63188.7043904,2124980.90619,7.53930403696,3.64166666667,3.71666666667,1.13333333333,0.791666666667,12,12,3,-3.64166666667,-3.71666666667,-0.337034987278,-3.525,3.2
31,2015,Out of work,434,53068.4614358,10349.7856581,307013.391009,19.502705332,3.64166666667,3.71666666667,1.13333333333,0.791666666667,12,12,3,-3.64166666667,-3.71666666667,-0.337034987278,-3.525,3.2
31,2016,Employed,7426,843348.156622,67542.2120905,2369361.14063,8.00881718423,3.625,3.91666666667,1.275,0.783333333333,12,12,3.1,-3.625,-3.91666666667,-0.352301743931,-3.64166666667,3
31,2016,Out of work,337,47217.7239914,8995.83508312,255338.352625,19.0518185179,3.625,3.91666666667,1.275,0.783333333333,12,12,3.1,-3.625,-3.91666666667,-0.352301743931,-3.64166666667,3
31,2017,Employed,7445,846332.503271,70930.4764349,2469349.35518,8.38092311955,3.61666666667,4.25833333333,1.275,0.65,12,12,3,-3.61666666667,-4.25833333333,-0.621488376746,-3.625,3.1
31,2017,Out of work,394,51732.2160939,14435.3622041,395622.038657,27.9040089407,3.61666666667,4.25833333333,1.275,0.65,12,12,3,-3.61666666667,-4.25833333333,-0.621488376746,-3.625,3.1
31,2018,Employed,6849,844062.940078,79337.5783285,2635145.34454,9.39948605268,3.91666666667,4.88333333333,1.21666666667,0.575,12,12,2.9,-3.91666666667,-4.88333333333,-0.79836613883,-3.61666666667,3
31,2018,Out of work,345,47455.8419473,12938.2884842,387458.585785,27.263847723,3.91666666667,4.88333333333,1.21666666667,0.575,12,12,2.9,-3.91666666667,-4.88333333333,-0.79836613883,-3.61666666667,3
31,2019,Employed,7162,840259.302631,87296.9652815,3010222.61796,10.3892887598,3.81666666667,4.61666666667,1.08333333333,0.666666666667,12,12,3.1,-3.81666666667,-4.61666666667,-0.584962500721,-3.91666666667,2.9
31,2019,Out of work,448,53019.4763044,15704.7803537,439892.152992,29.6207760777,3.81666666667,4.61666666667,1.08333333333,0.666666666667,12,12,3.1,-3.81666666667,-4.61666666667,-0.584962500721,-3.91666666667,2.9
31,2020,Employed,6888,813673.971217,90980.5818099,3012611.92523,11.1814541239,4.025,4.35833333333,1.975,1.06666666667,12,12,4.3,-4.025,-4.35833333333,0.0931094043915,-3.81666666667,3.1
31,2020,Out of work,485,70558.6458847,17043.7456925,480702.132165,24.1554319514,4.025,4.35833333333,1.975,1.06666666667,12,12,4.3,-4.025,-4.35833333333,0.0931094043915,-3.81666666667,3.1
31,2021,Employed,6909,860919.458157,112842.908516,3583795.49999,13.1072549757,4.04166666667,5.86666666667,0.908333333333,0.441666666667,12,12,2.7,-4.04166666667,-5.86666666667,-1.17897014105,-4.025,4.3
31,2021,Out of work,322,46724.8773926,14081.8331935,395090.328121,30.1377638194,4.04166666667,5.86666666667,0.908333333333,0.441666666667,12,12,2.7,-4.04166666667,-5.86666666667,-1.17897014105,-4.025,4.3
31,2022,Employed,3133,846088.666393,97972.1731276,3438970.83844,11.5794215215,3.85833333333,6.51666666667,0.908333333333,0.333333333333,12,12,2.2,-3.85833333333,-6.51666666667,-1.58496250072,-4.04166666667,2.7
31,2022,Out of work,178,49174.8945072,13856.973843,394162.677768,28.1789599792,3.85833333333,6.51666666667,0.908333333333,0.333333333333,12,12,2.2,-3.85833333333,-6.51666666667,-1.58496250072,-4.04166666667,2.7
31,2023,Employed,6183,859986.235795,114527.819525,3730266.23353,13.3174014604,3.70833333333,5.39166666667,1.06666666667,0.433333333333,12,12,2.3,-3.70833333333,-5.39166666667,-1.20645087747,-3.85833333333,2.2
31,2023,Out of work,331,48003.1917317,10848.3544743,321213.705118,22.5992357653,3.70833333333,5.39166666667,1.06666666667,0.433333333333,12,12,2.3,-3.70833333333,-5.39166666667,-1.20645087747,-3.85833333333,2.2
31,2024,Employed,5565,843986.307615,110538.521665,3699308.3713,13.0971937183,3.30833333333,4.30833333333,1.01666666667,0.633333333333,12,12,2.7,-3.30833333333,-4.30833333333,-0.658963082165,-3.70833333333,2.3
31,2024,Out of work,361,54786.2890724,18094.484125,512524.515485,33.0273950497,3.30833333333,4.30833333333,1.01666666667,0.633333333333,12,12,2.7,-3.30833333333,-4.30833333333,-0.658963082165,-3.70833333333,2.3
31,2025,Employed,3243,855837.054532,121699.110983,3897299.71092,14.2198927165,3.13333333333,3.85,1,,12,11,3,-3.13333333333,-3.85,,-3.30833333333,2.7
31,2025,Out of work,258,61255.4422419,15692.2909332,497747.479555,25.617790614,3.13333333333,3.85,1,,12,11,3,-3.13333333333,-3.85,,-3.30833333333,2.7
32,2013,Employed,2164,1079128.22582,91185.035171,3173609.81758,8.44987954067,3.90833333333,3.20833333333,1.55,3.56666666667,12,12,10,-3.90833333333,-3.20833333333,1.83457639079,-3.8,11.5
32,2013,Out of work,321,211632.468717,45621.8257381,1399378.71118,21.5571013346,3.90833333333,3.20833333333,1.55,3.56666666667,12,12,10,-3.90833333333,-3.20833333333,1.83457639079,-3.8,11.5
32,2014,Employed,1548,1106603.55889,83119.5199883,3011769.20688,7.51122832745,4.25833333333,3.975,1.46666666667,2.25833333333,12,12,8.2,-4.25833333333,-3.975,1.17525844575,-3.90833333333,10
32,2014,Out of work,198,163076.563096,31354.1250522,1024340.32788,19.2266285584,4.25833333333,3.975,1.46666666667,2.25833333333,12,12,8.2,-4.25833333333,-3.975,1.17525844575,-3.90833333333,10
32,2015,Employed,1117,1103433.76562,115333.908973,3811071.49043,10.4522729471,4.10833333333,4.075,1.26666666667,1.80833333333,12,12,6.9,-4.10833333333,-4.075,0.854660636836,-4.25833333333,8.2
32,2015,Out of work,132,137674.16286,19478.3481054,613128.074288,14.1481507502,4.10833333333,4.075,1.26666666667,1.80833333333,12,12,6.9,-4.10833333333,-4.075,0.854660636836,-4.25833333333,8.2
32,2016,Employed,1838,1189331.78462,145536.090921,4737332.20774,12.2367948795,4.11666666667,4.1,1.60833333333,1.49166666667,12,12,5.8,-4.11666666667,-4.1,0.576925181656,-4.10833333333,6.9
32,2016,Out of work,179,106203.775414,27450.1015395,838512.824434,25.8466343899,4.11666666667,4.1,1.60833333333,1.49166666667,12,12,5.8,-4.11666666667,-4.1,0.576925181656,-4.10833333333,6.9
32,2017,Employed,1479,1205923.18899,133180.227921,4021027.25379,11.0438400337,4,4.16666666667,1.15,1.25833333333,12,12,5,-4,-4.16666666667,0.331514143717,-4.11666666667,5.8
32,2017,Out of work,138,106461.350027,16801.1654823,520765.548472,15.7814694985,4,4.16666666667,1.15,1.25833333333,12,12,5,-4,-4.16666666667,0.331514143717,-4.11666666667,5.8
32,2018,Employed,1431,1249386.2349,144760.385488,4573202.82421,11.5865199603,4.21666666667,4.75,1.20833333333,0.975,12,12,4.4,-4.21666666667,-4.75,-0.0365258760251,-4,5
32,2018,Out of work,92,79401.5074604,21425.3939704,568472.494616,26.9836110871,4.21666666667,4.75,1.20833333333,0.975,12,12,4.4,-4.21666666667,-4.75,-0.0365258760251,-4,5
32,2019,Employed,1272,1195803.19164,147536.803634,4804291.69436,12.337883413,4.11666666667,4.46666666667,1.23333333333,0.958333333333,12,12,4.1,-4.11666666667,-4.46666666667,-0.0614005446641,-4.21666666667,4.4
32,2019,Out of work,94,102932.182562,33685.354121,848424.905809,32.725774663,4.11666666667,4.46666666667,1.23333333333,0.958333333333,12,12,4.1,-4.11666666667,-4.46666666667,-0.0614005446641,-4.21666666667,4.4
32,2020,Employed,1075,1232559.989,174933.444481,5696853.87136,14.192692124,6.28333333333,4.81666666667,4.76666666667,3.50833333333,12,12,13.5,-6.28333333333,-4.81666666667,1.81078582746,-4.11666666667,4.1
32,2020,Out of work,151,209514.09307,84109.632918,2421524.96282,40.1450955807,6.28333333333,4.81666666667,4.76666666667,3.50833333333,12,12,13.5,-6.28333333333,-4.81666666667,1.81078582746,-4.11666666667,4.1
32,2021,Employed,1108,1197150.39724,170264.652153,5415087.32259,14.2224947296,5.725,7.23333333333,1.35,1,12,12,6.8,-5.725,-7.23333333333,0,-6.28333333333,13.5
32,2021,Out of work,128,188698.151628,73153.5211836,1966743.71047,38.767481585,5.725,7.23333333333,1.35,1,12,12,6.8,-5.725,-7.23333333333,0,-6.28333333333,13.5
32,2022,Employed,1259,1220282.86077,172117.757422,5694738.06769,14.1047426752,4.90833333333,6.65,1.15,0.783333333333,12,12,5.2,-4.90833333333,-6.65,-0.352301743931,-5.725,6.8
32,2022,Out of work,122,117348.417268,37610.067565,957846.509846,32.0499146393,4.90833333333,6.65,1.15,0.783333333333,12,12,5.2,-4.90833333333,-6.65,-0.352301743931,-5.725,6.8
32,2023,Employed,1056,1263193.71443,248281.239896,7707622.82383,19.6550407953,3.98333333333,5.81666666667,1.16666666667,0.866666666667,12,12,5.1,-3.98333333333,-5.81666666667,-0.206450877467,-4.90833333333,5.2
32,2023,Out of work,95,119422.66941,43849.077976,1122562.86915,36.7175496852,3.98333333333,5.81666666667,1.16666666667,0.866666666667,12,12,5.1,-3.98333333333,-5.81666666667,-0.206450877467,-4.90833333333,5.2
32,2024,Employed,1031,1256667.00697,226993.483794,6952174.41365,18.063137055,3.83333333333,4.28333333333,1.26666666667,1.26666666667,12,12,5.4,-3.83333333333,-4.28333333333,0.341036917835,-3.98333333333,5.1
32,2024,Out of work,114,146293.970201,52132.046537,1457401.21323,35.6351300504,3.83333333333,4.28333333333,1.26666666667,1.26666666667,12,12,5.4,-3.83333333333,-4.28333333333,0.341036917835,-3.98333333333,5.1
33,2013,Employed,2968,582614.93429,45230.6701976,1544778.59834,7.76339011163,3.5,3.1,1.53333333333,1.91666666667,12,12,5.2,-3.5,-3.1,0.938599455336,-3.48333333333,5.5
33,2013,Out of work,256,53231.5487192,15950.2365265,469779.762861,29.9638783959,3.5,3.1,1.53333333333,1.91666666667,12,12,5.2,-3.5,-3.1,0.938599455336,-3.48333333333,5.5
33,2014,Employed,2700,582762.884521,43052.6688098,1554430.9978,7.38768201499,3.68333333333,3.38333333333,1.625,1.45833333333,12,12,4.3,-3.68333333333,-3.38333333333,0.544320516224,-3.5,5.2
33,2014,Out of work,211,51278.1681326,12409.9571468,388378.256803,24.2012489889,3.68333333333,3.38333333333,1.625,1.45833333333,12,12,4.3,-3.68333333333,-3.38333333333,0.544320516224,-3.5,5.2
33,2015,Employed,2872,579518.807537,44843.3583782,1548853.64317,7.73803331229,3.78333333333,3.73333333333,1.33333333333,1.03333333333,12,12,3.4,-3.78333333333,-3.73333333333,0.0473057147784,-3.68333333333,4.3
33,2015,Out of work,200,42200.4866432,11262.2162232,316470.429978,26.6874084141,3.78333333333,3.73333333333,1.33333333333,1.03333333333,12,12,3.4,-3.78333333333,-3.73333333333,0.0473057147784,-3.68333333333,4.3
33,2016,Employed,2750,596703.900789,63601.2079094,2001638.44773,10.6587551758,3.75833333333,3.88333333333,1.29166666667,0.808333333333,12,12,2.9,-3.75833333333,-3.88333333333,-0.306977753421,-3.78333333333,3.4
33,2016,Out of work,172,38350.7224683,8714.989618,253893.732816,22.7244470432,3.75833333333,3.88333333333,1.29166666667,0.808333333333,12,12,2.9,-3.75833333333,-3.88333333333,-0.306977753421,-3.78333333333,3.4
33,2017,Employed,2349,601567.147801,55247.1642435,1897324.70953,9.18387322935,4.01666666667,4.075,1.475,0.758333333333,12,12,2.8,-4.01666666667,-4.075,-0.39909595541,-3.75833333333,2.9
33,2017,Out of work,142,38954.9079136,11536.1467021,329346.47112,29.6141033825,4.01666666667,4.075,1.475,0.758333333333,12,12,2.8,-4.01666666667,-4.075,-0.39909595541,-3.75833333333,2.9
33,2018,Employed,2263,591751.071297,70087.531603,2283517.16754,11.8440903621,3.86666666667,4.54166666667,1.49166666667,0.625,12,12,2.6,-3.86666666667,-4.54166666667,-0.678071905113,-4.01666666667,2.8
33,2018,Out of work,127,35107.8019348,10045.3123324,323895.581712,28.612763485,3.86666666667,4.54166666667,1.49166666667,0.625,12,12,2.6,-3.86666666667,-4.54166666667,-0.678071905113,-4.01666666667,2.8
33,2019,Employed,2238,602184.925529,70079.9258451,2365318.07172,11.6376087933,3.83333333333,4.40833333333,1.325,0.616666666667,12,12,2.6,-3.83333333333,-4.40833333333,-0.69743722998,-3.86666666667,2.6
33,2019,Out of work,169,45800.1071229,15145.1578711,431405.177219,33.0679529427,3.83333333333,4.40833333333,1.325,0.616666666667,12,12,2.6,-3.83333333333,-4.40833333333,-0.69743722998,-3.86666666667,2.6
33,2020,Employed,2489,577409.319921,69442.5107614,2405974.37305,12.0265656209,4.225,4.61666666667,2.65833333333,1.71666666667,12,12,6.7,-4.225,-4.61666666667,0.779609931575,-3.83333333333,2.6
33,2020,Out of work,264,60943.2863143,15254.4060263,439014.810514,25.0304946596,4.225,4.61666666667,2.65833333333,1.71666666667,12,12,6.7,-4.225,-4.61666666667,0.779609931575,-3.83333333333,2.6
33,2021,Employed,2293,585447.128851,70818.5793043,2502307.16653,12.0964944253,4.375,7.13333333333,1.19166666667,0.525,12,12,3.5,-4.375,-7.13333333333,-0.929610672109,-4.225,6.7
33,2021,Out of work,172,48021.069619,15472.3280616,409046.598186,32.2198738686,4.375,7.13333333333,1.19166666667,0.525,12,12,3.5,-4.375,-7.13333333333,-0.929610672109,-4.225,6.7
33,2022,Employed,2140,575442.82859,91875.618154,2953825.74019,15.9660723167,4.35,7.25833333333,1.26666666667,0.333333333333,12,12,2.4,-4.35,-7.25833333333,-1.58496250072,-4.375,3.5
33,2022,Out of work,131,37554.6155501,13705.0375565,385896.380691,36.4936169782,4.35,7.25833333333,1.26666666667,0.333333333333,12,12,2.4,-4.35,-7.25833333333,-1.58496250072,-4.375,3.5
33,2023,Employed,2075,603123.468372,85408.1421573,2925568.87512,14.1609714488,4.08333333333,5.68333333333,1.23333333333,0.425,12,12,2.3,-4.08333333333,-5.68333333333,-1.23446525364,-4.35,2.4
33,2023,Out of work,138,44297.0852962,20055.4702428,519941.374347,45.2749207057,4.08333333333,5.68333333333,1.23333333333,0.425,12,12,2.3,-4.08333333333,-5.68333333333,-1.23446525364,-4.35,2.4
33,2024,Employed,2003,608616.22568,89341.3055268,2969700.75245,14.6794156575,3.54166666667,4.95,1.40833333333,0.55,12,12,2.6,-3.54166666667,-4.95,-0.86249647625,-4.08333333333,2.3
33,2024,Out of work,117,41866.2549033,12544.9474369,357080.724746,29.9643411284,3.54166666667,4.95,1.40833333333,0.55,12,12,2.6,-3.54166666667,-4.95,-0.86249647625,-4.08333333333,2.3
33,2025,Employed,1557,602971.792063,77089.141919,2624467.50057,12.7848670425,3.4,4.45,1.25833333333,,12,11,3.2,-3.4,-4.45,,-3.54166666667,2.6
33,2025,Out of work,103,42087.859488,14598.5172505,424824.249268,34.6858154064,3.4,4.45,1.25833333333,,12,11,3.2,-3.4,-4.45,,-3.54166666667,2.6
34,2013,Employed,6525,3700282.71484,281349.500469,10106387.5987,7.6034595773,2.79166666667,2.75833333333,1.3,3.50833333333,12,12,8.4,-2.79166666667,-2.75833333333,1.81078582746,-2.86666666667,9.4
34,2013,Out of work,852,500778.562265,94047.860821,2760360.32101,18.7803288535,2.79166666667,2.75833333333,1.3,3.50833333333,12,12,8.4,-2.79166666667,-2.75833333333,1.81078582746,-2.86666666667,9.4
34,2014,Employed,5915,3675798.61921,327161.853915,10743127.3547,8.90042920753,2.83333333333,2.95833333333,1.325,2.55,12,12,6.7,-2.83333333333,-2.95833333333,1.35049724708,-2.79166666667,8.4
34,2014,Out of work,721,448907.029747,87324.4008179,2610366.80776,19.4526694909,2.83333333333,2.95833333333,1.325,2.55,12,12,6.7,-2.83333333333,-2.95833333333,1.35049724708,-2.79166666667,8.4
34,2015,Employed,5319,3745852.44099,301512.522471,10338554.8508,8.0492365148,3.23333333333,3.14166666667,1.325,2.05833333333,12,12,5.7,-3.23333333333,-3.14166666667,1.04147663598,-2.83333333333,6.7
34,2015,Out of work,562,404211.773402,82804.0920535,2278196.54984,20.4853241549,3.23333333333,3.14166666667,1.325,2.05833333333,12,12,5.7,-3.23333333333,-3.14166666667,1.04147663598,-2.83333333333,6.7
34,2016,Employed,3305,3607233.82317,279539.421585,9891678.36907,7.74941230007,2.85,3.46666666667,1.275,1.575,12,12,4.9,-2.85,-3.46666666667,0.655351828613,-3.23333333333,5.7
34,2016,Out of work,347,403095.144437,92691.6821064,2674041.44439,22.9949884998,2.85,3.46666666667,1.275,1.575,12,12,4.9,-2.85,-3.46666666667,0.655351828613,-3.23333333333,5.7
34,2017,Employed,4815,3659237.96235,358819.400032,12146435.7168,9.8058503908,3,3.7,1.125,1.33333333333,12,12,4.5,-3,-3.7,0.415037499279,-2.85,4.9
34,2017,Out of work,529,402704.55025,84077.1596464,2650474.07214,20.8781250657,3,3.7,1.125,1.33333333333,12,12,4.5,-3,-3.7,0.415037499279,-2.85,4.9
34,2018,Employed,1456,3593752.5097,291700.168843,10806034.3984,8.11686859505,3.175,4.31666666667,1.175,0.991666666667,12,12,4,-3.175,-4.31666666667,-0.0120728323006,-3,4.5
34,2018,Out of work,136,347567.14069,87561.8014625,2500225.73194,25.1927731974,3.175,4.31666666667,1.175,0.991666666667,12,12,4,-3.175,-4.31666666667,-0.0120728323006,-3,4.5
34,2020,Employed,5036,3260187.6594,349406.1448,11668133.9996,10.7173629651,4.84166666667,4.59166666667,3.05,2.46666666667,12,12,9.5,-4.84166666667,-4.59166666667,1.30256277002,-3.29166666667,3.5
34,2020,Out of work,909,630430.008685,131216.843214,3902949.54509,20.8138637765,4.84166666667,4.59166666667,3.05,2.46666666667,12,12,9.5,-4.84166666667,-4.59166666667,1.30256277002,-3.29166666667,3.5
34,2021,Employed,3714,3596354.24406,425367.188624,14273538.9495,11.8277333032,4,6.44166666667,1.01666666667,1.15833333333,12,12,6.7,-4,-6.44166666667,0.212050477115,-4.84166666667,9.5
34,2021,Out of work,482,438361.729151,91991.0207789,2858648.7503,20.9851852161,4,6.44166666667,1.01666666667,1.15833333333,12,12,6.7,-4,-6.44166666667,0.212050477115,-4.84166666667,9.5
34,2022,Employed,3781,3496506.93696,408857.713581,13865289.9834,11.6933191025,3.78333333333,5.925,1.1,0.675,12,12,3.9,-3.78333333333,-5.925,-0.567040592724,-4,6.7
34,2022,Out of work,319,349723.369389,70056.902797,2149033.60485,20.0320907692,3.78333333333,5.925,1.1,0.675,12,12,3.9,-3.78333333333,-5.925,-0.567040592724,-4,6.7
34,2023,Employed,3947,3554656.26296,474681.457767,15397435.6512,13.3537935219,3.675,4.975,1.25,0.925,12,12,4.3,-3.675,-4.975,-0.112474729258,-3.78333333333,3.9
34,2023,Out of work,378,386704.793109,106408.339431,3267488.28586,27.5166849046,3.675,4.975,1.25,0.925,12,12,4.3,-3.675,-4.975,-0.112474729258,-3.78333333333,3.9
34,2024,Employed,3878,3558901.20739,481575.8812,15664358.9602,13.5315889129,3.175,4.53333333333,1.3,1.11666666667,12,12,4.6,-3.175,-4.53333333333,0.159198594849,-3.675,4.3
34,2024,Out of work,456,419047.973869,97841.6490141,2993144.00513,23.3485555629,3.175,4.53333333333,1.3,1.11666666667,12,12,4.6,-3.175,-4.53333333333,0.159198594849,-3.675,4.3
34,2025,Employed,2905,3594450.27679,468314.893914,15369218.6858,13.0288321677,3.24166666667,4.44166666667,1.41666666667,,12,11,5.2,-3.24166666667,-4.44166666667,,-3.175,4.6
34,2025,Out of work,353,432359.093793,99616.2442342,2934105.33193,23.0401639897,3.24166666667,4.44166666667,1.41666666667,,12,11,5.2,-3.24166666667,-4.44166666667,,-3.175,4.6
35,2013,Employed,3844,755556.640871,71215.6754384,2315417.21454,9.42559056278,3.41666666667,3.11666666667,1.44166666667,2.46666666667,12,12,6.9,-3.41666666667,-3.11666666667,1.30256277002,-3.6,6.9
35,2013,Out of work,460,117132.966107,25680.8048049,713253.159544,21.9244894571,3.41666666667,3.11666666667,1.44166666667,2.46666666667,12,12,6.9,-3.41666666667,-3.11666666667,1.30256277002,-3.6,6.9
35,2014,Employed,3505,751966.113976,68104.3709088,2253967.90087,9.05684041381,3.575,3.76666666667,1.175,1.94166666667,12,12,6.6,-3.575,-3.76666666667,0.957295549046,-3.41666666667,6.9
35,2014,Out of work,398,97837.1962913,21703.1113785,647676.756706,22.1828836079,3.575,3.76666666667,1.175,1.94166666667,12,12,6.6,-3.575,-3.76666666667,0.957295549046,-3.41666666667,6.9
35,2015,Employed,2536,758452.22953,63644.977785,2195201.70202,8.39142866314,3.6,3.95,1.45833333333,1.83333333333,12,12,6.6,-3.6,-3.95,0.874469117916,-3.575,6.6
35,2015,Out of work,253,78242.6302,15220.2503466,440395.488279,19.4526312672,3.6,3.95,1.45833333333,1.83333333333,12,12,6.6,-3.6,-3.95,0.874469117916,-3.575,6.6
35,2016,Employed,2291,770537.24098,73104.5540531,2453577.97741,9.48747836771,3.51666666667,4.23333333333,1.2,1.75833333333,12,12,6.8,-3.51666666667,-4.23333333333,0.814208593099,-3.6,6.6
35,2016,Out of work,256,91443.3979092,19863.6441615,576051.866686,21.7223382067,3.51666666667,4.23333333333,1.2,1.75833333333,12,12,6.8,-3.51666666667,-4.23333333333,0.814208593099,-3.6,6.6
35,2017,Employed,2412,731211.586273,78135.5300917,2672669.69909,10.6857620364,3.59166666667,4.09166666667,1.05833333333,1.63333333333,12,12,6.1,-3.59166666667,-4.09166666667,0.707819248507,-3.51666666667,6.8
35,2017,Out of work,299,91121.3494761,20518.2572203,596785.956223,22.5175080684,3.59166666667,4.09166666667,1.05833333333,1.63333333333,12,12,6.1,-3.59166666667,-4.09166666667,0.707819248507,-3.51666666667,6.8
35,2018,Employed,2666,765091.706757,91870.9662648,2916939.67631,12.0078371591,3.70833333333,5.00833333333,0.958333333333,1.05833333333,12,12,4.9,-3.70833333333,-5.00833333333,0.0817940911636,-3.59166666667,6.1
35,2018,Out of work,244,72404.2045547,15437.5005659,441165.608541,21.3212763828,3.70833333333,5.00833333333,0.958333333333,1.05833333333,12,12,4.9,-3.70833333333,-5.00833333333,0.0817940911636,-3.59166666667,6.1
35,2019,Employed,2250,777988.768227,104436.781041,3232363.25314,13.4239445744,4.30833333333,5.15833333333,1.16666666667,1.03333333333,12,12,5,-4.30833333333,-5.15833333333,0.0473057147784,-3.70833333333,4.9
35,2019,Out of work,214,78327.7882307,20437.8823316,637754.611117,26.0927606834,4.30833333333,5.15833333333,1.16666666667,1.03333333333,12,12,5,-4.30833333333,-5.15833333333,0.0473057147784,-3.70833333333,4.9
35,2020,Employed,2443,749221.938325,85250.0756642,2812101.38167,11.3784809685,4.19166666667,4.675,2.46666666667,1.90833333333,12,12,7.9,-4.19166666667,-4.675,0.932313192488,-4.30833333333,5
35,2020,Out of work,390,116893.888022,22429.0078875,710068.451082,19.1874941171,4.19166666667,4.675,2.46666666667,1.90833333333,12,12,7.9,-4.19166666667,-4.675,0.932313192488,-4.30833333333,5
35,2021,Employed,2572,771760.57653,94426.6221952,3179397.06925,12.2352223043,4.88333333333,7.075,0.933333333333,1.1,12,12,7.1,-4.88333333333,-7.075,0.13750352375,-4.19166666667,7.9
35,2021,Out of work,353,101724.445939,27159.5536831,717524.226896,26.699141423,4.88333333333,7.075,0.933333333333,1.1,12,12,7.1,-4.88333333333,-7.075,0.13750352375,-4.19166666667,7.9
35,2022,Employed,1678,795130.172717,121257.246143,3729178.59449,15.24998677,4.40833333333,7.43333333333,1,0.566666666667,12,12,4.1,-4.40833333333,-7.43333333333,-0.819427754358,-4.88333333333,7.1
35,2022,Out of work,160,84342.5567371,25930.9809134,670367.118814,30.7448361973,4.40833333333,7.43333333333,1,0.566666666667,12,12,4.1,-4.40833333333,-7.43333333333,-0.819427754358,-4.88333333333,7.1
35,2023,Employed,1144,782606.901327,118128.10715,3660573.50519,15.0941816319,3.68333333333,6.24166666667,0.975,0.608333333333,12,12,3.7,-3.68333333333,-6.24166666667,-0.717066036729,-4.40833333333,4.1
35,2023,Out of work,109,69400.2754547,20642.1309178,608811.659331,29.7435864376,3.68333333333,6.24166666667,0.975,0.608333333333,12,12,3.7,-3.68333333333,-6.24166666667,-0.717066036729,-4.40833333333,4.1
35,2024,Employed,1266,807370.316594,151558.320623,4484290.45211,18.7718470085,3.64166666667,5.675,1.04166666667,0.741666666667,12,12,4.1,-3.64166666667,-5.675,-0.431157164642,-3.68333333333,3.7
35,2024,Out of work,106,69242.2842085,13704.816806,417386.131912,19.7925544523,3.64166666667,5.675,1.04166666667,0.741666666667,12,12,4.1,-3.64166666667,-5.675,-0.431157164642,-3.68333333333,3.7
35,2025,Employed,1366,788948.886432,117314.379553,4030653.82271,14.8697059557,3.39166666667,4.55,1.05,,12,11,4.2,-3.39166666667,-4.55,,-3.64166666667,4.1
35,2025,Out of work,125,83313.7848765,12145.1621642,416152.447217,14.5776142354,3.39166666667,4.55,1.05,,12,11,4.2,-3.39166666667,-4.55,,-3.64166666667,4.1
36,2013,Employed,3994,7710310.18825,719486.127306,23646740.1819,9.33148096171,2.73333333333,2.58333333333,1.35,3.2,12,12,7.8,-2.73333333333,-2.58333333333,1.67807190511,-2.98333333333,8.6
36,2013,Out of work,503,1150751.62315,213984.669347,6916539.03394,18.5952089957,2.73333333333,2.58333333333,1.35,3.2,12,12,7.8,-2.73333333333,-2.58333333333,1.67807190511,-2.98333333333,8.6
36,2014,Employed,2900,7530098.56455,703648.076934,23292930.3474,9.34447365996,2.51666666667,2.7,1.06666666667,2.41666666667,12,12,6.3,-2.51666666667,-2.7,1.27301849441,-2.73333333333,7.8
36,2014,Out of work,339,1021197.81606,197213.170322,5919279.84686,19.3119459541,2.51666666667,2.7,1.06666666667,2.41666666667,12,12,6.3,-2.51666666667,-2.7,1.27301849441,-2.73333333333,7.8
36,2015,Employed,5159,7641523.87233,660540.552337,22673928.2066,8.64409459909,2.88333333333,3.09166666667,1.13333333333,1.725,12,12,5.2,-2.88333333333,-3.09166666667,0.786596361891,-2.51666666667,6.3
36,2015,Out of work,561,917493.143153,166984.348482,4883975.01261,18.2000650063,2.88333333333,3.09166666667,1.13333333333,1.725,12,12,5.2,-2.88333333333,-3.09166666667,0.786596361891,-2.51666666667,6.3
36,2016,Employed,14211,7715367.84432,692656.916568,24192267.6776,8.97762660892,3.025,3.44166666667,1.19166666667,1.41666666667,12,12,4.9,-3.025,-3.44166666667,0.502500340529,-2.88333333333,5.2
36,2016,Out of work,1327,802977.783082,156927.840231,4685367.90706,19.5432356334,3.025,3.44166666667,1.19166666667,1.41666666667,12,12,4.9,-3.025,-3.44166666667,0.502500340529,-2.88333333333,5.2
36,2017,Employed,5318,7728034.87235,792303.484417,27405834.2314,10.2523280175,2.99166666667,3.44166666667,1.16666666667,1.34166666667,12,12,4.6,-2.99166666667,-3.44166666667,0.424026282506,-3.025,4.9
36,2017,Out of work,545,847474.201792,139940.902649,4702848.81887,16.5127035552,2.99166666667,3.44166666667,1.16666666667,1.34166666667,12,12,4.6,-2.99166666667,-3.44166666667,0.424026282506,-3.025,4.9
36,2018,Employed,15318,7810742.91423,731437.62761,24926340.5892,9.36450777656,2.975,3.88333333333,1.19166666667,1.03333333333,12,12,4.1,-2.975,-3.88333333333,0.0473057147784,-2.99166666667,4.6
36,2018,Out of work,1452,788009.389035,143234.229102,4265174.51802,18.1767160513,2.975,3.88333333333,1.19166666667,1.03333333333,12,12,4.1,-2.975,-3.88333333333,0.0473057147784,-2.99166666667,4.6
36,2019,Employed,5663,7377606.79131,778808.547887,26260605.6034,10.5563846098,3.03333333333,3.81666666667,1.16666666667,0.975,12,12,3.9,-3.03333333333,-3.81666666667,-0.0365258760251,-2.975,4.1
36,2019,Out of work,572,840317.964759,195377.513605,5683654.01041,23.2504268382,3.03333333333,3.81666666667,1.16666666667,0.975,12,12,3.9,-3.03333333333,-3.81666666667,-0.0365258760251,-2.975,4.1
36,2020,Employed,6087,6968246.54729,800981.321345,26187799.4989,11.4947327984,3.43333333333,3.725,2.425,2.86666666667,12,12,9.8,-3.43333333333,-3.725,1.51937415909,-3.03333333333,3.9
36,2020,Out of work,1020,1354933.32799,234479.809567,7094044.91697,17.3056345079,3.43333333333,3.725,2.425,2.86666666667,12,12,9.8,-3.43333333333,-3.725,1.51937415909,-3.03333333333,3.9
36,2021,Employed,14871,7438964.25741,905635.696481,29115104.3715,12.174217608,3.38333333333,5.68333333333,0.933333333333,1.325,12,12,7.1,-3.38333333333,-5.68333333333,0.405992359676,-3.43333333333,9.8
36,2021,Out of work,2030,1161720.08828,228125.947316,6560275.18223,19.6369116465,3.38333333333,5.68333333333,0.933333333333,1.325,12,12,7.1,-3.38333333333,-5.68333333333,0.405992359676,-3.43333333333,9.8
36,2022,Employed,7277,7247330.35016,1008944.19651,32453755.3637,13.9215979921,3.21666666667,5.48333333333,0.858333333333,0.741666666667,12,12,4.3,-3.21666666667,-5.48333333333,-0.431157164642,-3.38333333333,7.1
36,2022,Out of work,774,891761.023633,216975.187928,6293105.72834,24.3310911979,3.21666666667,5.48333333333,0.858333333333,0.741666666667,12,12,4.3,-3.21666666667,-5.48333333333,-0.431157164642,-3.38333333333,7.1
36,2023,Employed,7933,7594988.20836,1011478.483,33931764.7289,13.3177097219,2.93333333333,4.4,1.03333333333,0.891666666667,12,12,4,-2.93333333333,-4.4,-0.165423609207,-3.21666666667,4.3
36,2023,Out of work,861,916740.013106,182641.540434,5703621.89789,19.9229375639,2.93333333333,4.4,1.03333333333,0.891666666667,12,12,4,-2.93333333333,-4.4,-0.165423609207,-3.21666666667,4.3
36,2024,Employed,19366,7347145.8796,986874.3356,32977556.6955,13.4320775955,2.75,4.51666666667,0.95,0.883333333333,12,12,4.2,-2.75,-4.51666666667,-0.178970141045,-2.93333333333,4
36,2024,Out of work,2015,871915.438495,221744.183947,6344138.13722,25.4318451259,2.75,4.51666666667,0.95,0.883333333333,12,12,4.2,-2.75,-4.51666666667,-0.178970141045,-2.93333333333,4
36,2025,Employed,6335,7257827.63427,1023092.8373,32995574.8771,14.0964058236,3.14166666667,4.525,1.25,,12,11,4.3,-3.14166666667,-4.525,,-2.75,4.2
36,2025,Out of work,842,950678.918967,220341.319352,6997635.96817,23.1772594254,3.14166666667,4.525,1.25,,12,11,4.3,-3.14166666667,-4.525,,-2.75,4.2
37,2013,Employed,3524,3811094.80519,328749.647891,10652387.706,8.62612096247,3.89166666667,3.19166666667,1.39166666667,2.725,12,12,7.8,-3.89166666667,-3.19166666667,1.44625622989,-3.79166666667,9.6
37,2013,Out of work,530,586024.37187,124815.462055,3761897.87477,21.2986810867,3.89166666667,3.19166666667,1.39166666667,2.725,12,12,7.8,-3.89166666667,-3.19166666667,1.44625622989,-3.79166666667,9.6
37,2014,Employed,3011,3848109.6471,310028.933982,10475220.82,8.05665540781,3.80833333333,3.24166666667,1.15833333333,2.06666666667,12,12,6.1,-3.80833333333,-3.24166666667,1.04730571478,-3.89166666667,7.8
37,2014,Out of work,336,452438.46562,107363.111096,2962846.80766,23.729881355,3.80833333333,3.24166666667,1.15833333333,2.06666666667,12,12,6.1,-3.80833333333,-3.24166666667,1.04730571478,-3.89166666667,7.8
37,2015,Employed,3015,3987432.5002,328954.656226,11138031.9852,8.24978620226,4.01666666667,4.00833333333,1.275,1.525,12,12,5.7,-4.01666666667,-4.00833333333,0.608809242676,-3.80833333333,6.1
37,2015,Out of work,299,431524.359244,102502.88647,2986931.91618,23.7536732919,4.01666666667,4.00833333333,1.275,1.525,12,12,5.7,-4.01666666667,-4.00833333333,0.608809242676,-3.80833333333,6.1
37,2016,Employed,3007,4091491.22042,404373.871252,13403863.3981,9.88328825523,4.05,4.08333333333,1.20833333333,1.325,12,12,5.1,-4.05,-4.08333333333,0.405992359676,-4.01666666667,5.7
37,2016,Out of work,247,341562.003658,80593.014364,2399672.56749,23.5954273312,4.05,4.08333333333,1.20833333333,1.325,12,12,5.1,-4.05,-4.08333333333,0.405992359676,-4.01666666667,5.7
37,2017,Employed,2257,4121012.99921,396570.764752,13760628.3583,9.62313792333,4.05,4.43333333333,1.20833333333,1.09166666667,12,12,4.5,-4.05,-4.43333333333,0.126532405929,-4.05,5.1
37,2017,Out of work,177,329549.938771,83619.701288,2266756.61881,25.3739089135,4.05,4.43333333333,1.20833333333,1.09166666667,12,12,4.5,-4.05,-4.43333333333,0.126532405929,-4.05,5.1
37,2018,Employed,2152,4257838.97919,440750.592475,15149039.8218,10.3515091724,4.65833333333,5.13333333333,1.475,0.825,12,12,4,-4.65833333333,-5.13333333333,-0.277533975529,-4.05,4.5
37,2018,Out of work,147,295854.615943,64660.986999,1928788.80133,21.855662719,4.65833333333,5.13333333333,1.475,0.825,12,12,4,-4.65833333333,-5.13333333333,-0.277533975529,-4.05,4.5
37,2019,Employed,2046,4238459.97958,476642.049594,15509852.3875,11.2456423298,5.11666666667,5.775,1.575,0.7,12,12,3.9,-5.11666666667,-5.775,-0.51457317283,-4.65833333333,4
37,2019,Out of work,146,347976.158495,88721.093625,2633186.78048,25.4963138879,5.11666666667,5.775,1.575,0.7,12,12,3.9,-5.11666666667,-5.775,-0.51457317283,-4.65833333333,4
37,2020,Employed,2651,4184435.89968,455396.380759,14689586.564,10.8831008928,5.08333333333,4.64166666667,2.40833333333,1.725,12,12,7.2,-5.08333333333,-4.64166666667,0.786596361891,-5.11666666667,3.9
37,2020,Out of work,309,529159.442801,137236.344105,3874042.05458,25.9347812785,5.08333333333,4.64166666667,2.40833333333,1.725,12,12,7.2,-5.08333333333,-4.64166666667,0.786596361891,-5.11666666667,3.9
37,2021,Employed,2326,4202446.31798,540146.19969,17276172.7697,12.8531374066,5.11666666667,6.83333333333,1.23333333333,0.716666666667,12,12,4.8,-5.11666666667,-6.83333333333,-0.480625840906,-5.08333333333,7.2
37,2021,Out of work,214,418494.056524,116099.752566,3525455.78847,27.7422703515,5.11666666667,6.83333333333,1.23333333333,0.716666666667,12,12,4.8,-5.11666666667,-6.83333333333,-0.480625840906,-5.08333333333,7.2
37,2022,Employed,2237,4230205.9576,581128.172629,18421423.2123,13.7375857926,4.925,7.31666666667,1.10833333333,0.5,12,12,3.7,-4.925,-7.31666666667,-1,-5.11666666667,4.8
37,2022,Out of work,153,332167.075657,111759.652946,3110751.3159,33.6456142515,4.925,7.31666666667,1.10833333333,0.5,12,12,3.7,-4.925,-7.31666666667,-1,-5.11666666667,4.8
37,2023,Employed,1921,4393466.22468,641234.437568,20783371.4759,14.5951830462,3.95833333333,6.29166666667,1.16666666667,0.55,12,12,3.5,-3.95833333333,-6.29166666667,-0.86249647625,-4.925,3.7
37,2023,Out of work,167,437038.189992,83503.4881704,2836173.97034,19.1066799384,3.95833333333,6.29166666667,1.16666666667,0.55,12,12,3.5,-3.95833333333,-6.29166666667,-0.86249647625,-4.925,3.7
37,2024,Employed,2082,4482508.23821,643412.917039,21122356.2715,14.3538591085,3.63333333333,5.09166666667,1.05,0.716666666667,12,12,3.7,-3.63333333333,-5.09166666667,-0.480625840906,-3.95833333333,3.5
37,2024,Out of work,184,403456.338125,113957.820834,3279500.23789,28.2453911528,3.63333333333,5.09166666667,1.05,0.716666666667,12,12,3.7,-3.63333333333,-5.09166666667,-0.480625840906,-3.95833333333,3.5
37,2025,Employed,1468,4145102.06908,579211.747073,17911645.4964,13.9734013161,3.40833333333,4.775,0.966666666667,,12,11,3.8,-3.40833333333,-4.775,,-3.63333333333,3.7
37,2025,Out of work,137,382168.816903,113048.814639,3044087.2584,29.5808578929,3.40833333333,4.775,0.966666666667,,12,11,3.8,-3.40833333333,-4.775,,-3.63333333333,3.7
38,2013,Employed,4109,336596.968438,21836.2342319,826321.642275,6.48735320856,3.95,3.18333333333,1.64166666667,0.8,12,12,2.9,-3.95,-3.18333333333,-0.321928094887,-4.33333333333,2.9
38,2013,Out of work,147,16434.1643675,3597.19942266,97326.0090053,21.8885447549,3.95,3.18333333333,1.64166666667,0.8,12,12,2.9,-3.95,-3.18333333333,-0.321928094887,-4.33333333333,2.9
38,2014,Employed,3702,341043.682406,18673.9142795,812975.10208,5.47551977735,4.44166666667,3.69166666667,1.575,0.616666666667,12,12,2.7,-4.44166666667,-3.69166666667,-0.69743722998,-3.95,2.9
38,2014,Out of work,132,15322.9774661,2374.51139244,79855.2948485,15.49640987,4.44166666667,3.69166666667,1.575,0.616666666667,12,12,2.7,-4.44166666667,-3.69166666667,-0.69743722998,-3.95,2.9
38,2015,Employed,2393,351529.166812,27687.5390495,1023440.9101,7.87631345092,4.16666666667,4.025,2,0.6,12,12,2.8,-4.16666666667,-4.025,-0.736965594166,-4.44166666667,2.7
38,2015,Out of work,103,19894.2671034,4119.9767528,127491.324669,20.7093668311,4.16666666667,4.025,2,0.6,12,12,2.8,-4.16666666667,-4.025,-0.736965594166,-4.44166666667,2.7
38,2016,Employed,2756,347384.003578,25593.7849846,942485.73975,7.36757729803,3.96666666667,3.88333333333,1.66666666667,0.716666666667,12,12,3,-3.96666666667,-3.88333333333,-0.480625840906,-4.16666666667,2.8
38,2016,Out of work,136,20746.566458,3964.2250053,121559.942505,19.1078606348,3.96666666667,3.88333333333,1.66666666667,0.716666666667,12,12,3,-3.96666666667,-3.88333333333,-0.480625840906,-4.16666666667,2.8
38,2017,Employed,3333,346869.806399,30354.8437174,1074014.36056,8.75107696243,4.075,4.25,1.45,0.55,12,12,2.6,-4.075,-4.25,-0.86249647625,-3.96666666667,3
38,2017,Out of work,156,21801.6415317,5974.3206588,177252.035596,27.4030771954,4.075,4.25,1.45,0.55,12,12,2.6,-4.075,-4.25,-0.86249647625,-3.96666666667,3
38,2018,Employed,2469,342990.763655,37448.9696822,1257182.07154,10.9183609737,4.15833333333,5.03333333333,1.40833333333,0.433333333333,12,12,2.4,-4.15833333333,-5.03333333333,-1.20645087747,-4.075,2.6
38,2018,Out of work,112,19846.3252661,5664.2165145,153181.057187,28.5403793325,4.15833333333,5.03333333333,1.40833333333,0.433333333333,12,12,2.4,-4.15833333333,-5.03333333333,-1.20645087747,-4.075,2.6
38,2019,Employed,2398,355501.500239,37896.8166365,1254193.11191,10.6601003402,4.54166666667,5.55833333333,1.41666666667,0.333333333333,12,12,2.2,-4.54166666667,-5.55833333333,-1.58496250072,-4.15833333333,2.4
38,2019,Out of work,97,15824.2636596,3594.1111601,116135.368576,22.712659732,4.54166666667,5.55833333333,1.41666666667,0.333333333333,12,12,2.2,-4.54166666667,-5.55833333333,-1.58496250072,-4.15833333333,2.4
38,2020,Employed,1861,331197.518852,34595.4025438,1122965.40723,10.4455500342,4.63333333333,4.38333333333,2.95833333333,1.14166666667,12,12,5,-4.63333333333,-4.38333333333,0.191141487352,-4.54166666667,2.2
38,2020,Out of work,138,30747.1529867,7400.5114258,206659.047362,24.068932265,4.63333333333,4.38333333333,2.95833333333,1.14166666667,12,12,5,-4.63333333333,-4.38333333333,0.191141487352,-4.54166666667,2.2
38,2021,Employed,2557,352304.851559,40655.5935095,1321384.56884,11.5398903335,4.7,6.29166666667,1.15,0.466666666667,12,12,3.1,-4.7,-6.29166666667,-1.09953567355,-4.63333333333,5
38,2021,Out of work,111,19455.7897278,5365.7370122,163115.973014,27.5791272792,4.7,6.29166666667,1.15,0.466666666667,12,12,3.1,-4.7,-6.29166666667,-1.09953567355,-4.63333333333,5
38,2022,Employed,1919,347446.161113,54078.021156,1663648.58444,15.5644319059,4.375,6.73333333333,1.125,0.3,12,12,2.1,-4.375,-6.73333333333,-1.73696559417,-4.7,3.1
38,2022,Out of work,74,15316.3919089,3285.7252692,85544.8092257,21.4523452308,4.375,6.73333333333,1.125,0.3,12,12,2.1,-4.375,-6.73333333333,-1.73696559417,-4.7,3.1
38,2023,Employed,2554,337418.637592,43981.8954478,1486345.47558,13.0348150777,4.19166666667,6.075,1.19166666667,0.308333333333,12,12,2,-4.19166666667,-6.075,-1.69743722998,-4.375,2.1
38,2023,Out of work,92,16243.5906274,4742.2258632,132400.559282,29.1944433468,4.19166666667,6.075,1.19166666667,0.308333333333,12,12,2,-4.19166666667,-6.075,-1.69743722998,-4.375,2.1
38,2024,Employed,2553,348682.993759,45046.286367,1535258.61163,12.9189800401,3.81666666667,5.01666666667,1.275,0.441666666667,12,12,2.4,-3.81666666667,-5.01666666667,-1.17897014105,-4.19166666667,2
38,2024,Out of work,121,21903.3865989,6277.9491235,178648.589894,28.6620020843,3.81666666667,5.01666666667,1.275,0.441666666667,12,12,2.4,-3.81666666667,-5.01666666667,-1.17897014105,-4.19166666667,2
38,2025,Employed,2365,346217.027105,50819.9991929,1622422.14212,14.6786539119,3.80833333333,4.68333333333,1.25833333333,,12,11,2.6,-3.80833333333,-4.68333333333,,-3.81666666667,2.4
38,2025,Out of work,126,23025.7501654,7866.6652651,205448.040713,34.1646426657,3.80833333333,4.68333333333,1.25833333333,,12,11,2.6,-3.80833333333,-4.68333333333,,-3.81666666667,2.4
39,2013,Employed,5193,4679373.94244,397120.184781,13605476.1914,8.48660931282,3.1,2.88333333333,1.16666666667,2.73333333333,12,12,7.4,-3.1,-2.88333333333,1.45066140901,-2.975,7.4
39,2013,Out of work,551,534286.171895,127028.708057,3728201.73698,23.7754062784,3.1,2.88333333333,1.16666666667,2.73333333333,12,12,7.4,-3.1,-2.88333333333,1.45066140901,-2.975,7.4
39,2014,Employed,4274,4532027.04637,419690.935267,14470407.5482,9.26055672159,3.45833333333,3.26666666667,1.25,1.85833333333,12,12,5.8,-3.45833333333,-3.26666666667,0.894009304312,-3.1,7.4
39,2014,Out of work,417,522682.531673,158400.078584,4504001.68836,30.3052176007,3.45833333333,3.26666666667,1.25,1.85833333333,12,12,5.8,-3.45833333333,-3.26666666667,0.894009304312,-3.1,7.4
39,2015,Employed,4433,4703969.77922,419251.089983,14773559.3108,8.91270798198,3.96666666667,3.85,1.59166666667,1.30833333333,12,12,5,-3.96666666667,-3.85,0.387730153283,-3.45833333333,5.8
39,2015,Out of work,353,434994.710053,107090.721503,2990177.01649,24.6188560524,3.96666666667,3.85,1.59166666667,1.30833333333,12,12,5,-3.96666666667,-3.85,0.387730153283,-3.45833333333,5.8
39,2016,Employed,4921,4737520.50722,494507.579677,16419122.8944,10.4381095327,4.04166666667,4.18333333333,1.425,1.24166666667,12,12,5,-4.04166666667,-4.18333333333,0.312277924854,-3.96666666667,5
39,2016,Out of work,354,391951.969957,93749.5866857,2780970.52709,23.9186415356,4.04166666667,4.18333333333,1.425,1.24166666667,12,12,5,-4.04166666667,-4.18333333333,0.312277924854,-3.96666666667,5
39,2017,Employed,4743,4692161.66696,569273.819971,18305831.7502,12.1324425793,3.525,4.23333333333,1.075,1.18333333333,12,12,4.9,-3.525,-4.23333333333,0.242856523896,-4.04166666667,5
39,2017,Out of work,448,460618.172123,156555.684768,4631023.75114,33.9881694303,3.525,4.23333333333,1.075,1.18333333333,12,12,4.9,-3.525,-4.23333333333,0.242856523896,-4.04166666667,5
39,2018,Employed,5101,4758864.62316,563197.159024,18160725.835,11.8346959542,3.775,4.76666666667,1.18333333333,0.941666666667,12,12,4.5,-3.775,-4.76666666667,-0.0867116331933,-3.525,4.9
39,2018,Out of work,381,384832.941664,116535.0849,3292249.00866,30.2819931153,3.775,4.76666666667,1.18333333333,0.941666666667,12,12,4.5,-3.775,-4.76666666667,-0.0867116331933,-3.525,4.9
39,2019,Employed,4709,4548475.01871,653844.048206,20543977.344,14.3750168027,3.75,4.69166666667,1.11666666667,0.883333333333,12,12,4.1,-3.75,-4.69166666667,-0.178970141045,-3.775,4.5
39,2019,Out of work,366,375230.414015,104654.515178,2862881.98647,27.8907336051,3.75,4.69166666667,1.11666666667,0.883333333333,12,12,4.1,-3.75,-4.69166666667,-0.178970141045,-3.775,4.5
39,2020,Employed,5980,4398230.94851,606584.096137,19388840.6317,13.7915471752,4.475,4.275,2.46666666667,2.1,12,12,8.2,-4.475,-4.275,1.07038932789,-3.75,4.1
39,2020,Out of work,705,569603.881586,136547.476339,4052169.91031,23.972357063,4.475,4.275,2.46666666667,2.1,12,12,8.2,-4.475,-4.275,1.07038932789,-3.75,4.1
39,2021,Employed,6000,4649502.63505,664825.353163,22822225.2616,14.2988488306,4.1,6.15,0.983333333333,0.891666666667,12,12,5.3,-4.1,-6.15,-0.165423609207,-4.475,8.2
39,2021,Out of work,535,468573.197786,166638.123805,4590082.04721,35.5628799497,4.1,6.15,0.983333333333,0.891666666667,12,12,5.3,-4.1,-6.15,-0.165423609207,-4.475,8.2
39,2022,Employed,6793,4560609.50464,797284.89427,25220033.1068,17.4819811575,4.01666666667,6.8,1.04166666667,0.566666666667,12,12,4,-4.01666666667,-6.8,-0.819427754358,-4.1,5.3
39,2022,Out of work,516,391428.5387,139078.312375,3979694.99808,35.530958687,4.01666666667,6.8,1.04166666667,0.566666666667,12,12,4,-4.01666666667,-6.8,-0.819427754358,-4.1,5.3
39,2023,Employed,5338,4541538.04611,730931.605284,23561689.9055,16.0943626997,3.6,5.66666666667,1.1,0.633333333333,12,12,3.7,-3.6,-5.66666666667,-0.658963082165,-4.01666666667,4
39,2023,Out of work,326,342667.948027,130595.377645,3683412.1277,38.111349018,3.6,5.66666666667,1.1,0.633333333333,12,12,3.7,-3.6,-5.66666666667,-0.658963082165,-4.01666666667,4
39,2024,Employed,3941,4581774.00714,741529.928278,23832295.2786,16.1843409807,3.4,4.60833333333,1.175,0.933333333333,12,12,4.4,-3.4,-4.60833333333,-0.0995356735509,-3.6,3.7
39,2024,Out of work,305,395977.282641,143626.37961,3998444.59332,36.2713685623,3.4,4.60833333333,1.175,0.933333333333,12,12,4.4,-3.4,-4.60833333333,-0.0995356735509,-3.6,3.7
39,2025,Employed,3261,4610381.55329,825711.774933,26253171.5255,17.9098359949,3.34166666667,4.65833333333,1.16666666667,,12,11,4.6,-3.34166666667,-4.65833333333,,-3.4,4.4
39,2025,Out of work,288,458211.170589,129674.885974,3773297.42764,28.3002454539,3.34166666667,4.65833333333,1.16666666667,,12,11,4.6,-3.34166666667,-4.65833333333,,-3.4,4.4
40,2013,Employed,3276,1490741.25236,140480.154499,4578911.06107,9.42351023542,3.75,3.24166666667,1.20833333333,1.675,12,12,5.1,-3.75,-3.24166666667,0.74416109557,-3.55833333333,5.1
40,2013,Out of work,346,180206.670414,44638.7636819,1300643.3895,24.7708720101,3.75,3.24166666667,1.20833333333,1.675,12,12,5.1,-3.75,-3.24166666667,0.74416109557,-3.55833333333,5.1
40,2014,Employed,3429,1507473.53692,145287.90528,4755248.10547,9.63784117745,4.03333333333,3.85,1.225,1.175,12,12,4.3,-4.03333333333,-3.85,0.23266075679,-3.75,5.1
40,2014,Out of work,251,133065.948005,31454.0126633,966979.027422,23.6379127305,4.03333333333,3.85,1.225,1.175,12,12,4.3,-4.03333333333,-3.85,0.23266075679,-3.75,5.1
40,2015,Employed,2522,1512665.45659,130335.618387,4474037.4943,8.61628840797,3.85833333333,3.925,1.3,1.16666666667,12,12,4.3,-3.85833333333,-3.925,0.222392421336,-4.03333333333,4.3
40,2015,Out of work,199,156334.169663,32103.4464117,921046.63962,20.5351437123,3.85833333333,3.925,1.3,1.16666666667,12,12,4.3,-3.85833333333,-3.925,0.222392421336,-4.03333333333,4.3
40,2016,Employed,2582,1496237.20565,156773.852342,4951988.39672,10.4778742134,3.76666666667,3.63333333333,1.26666666667,1.375,12,12,4.6,-3.76666666667,-3.63333333333,0.459431618637,-3.85833333333,4.3
40,2016,Out of work,201,135894.865552,51715.3615942,1399084.75407,38.0554198161,3.76666666667,3.63333333333,1.26666666667,1.375,12,12,4.6,-3.76666666667,-3.63333333333,0.459431618637,-3.85833333333,4.3
40,2017,Employed,2411,1473130.26699,178915.548198,5798751.57119,12.1452631995,3.925,3.825,1.1,1.125,12,12,4,-3.925,-3.825,0.169925001442,-3.76666666667,4.6
40,2017,Out of work,191,127149.945076,38245.851324,1152757.49368,30.0793298032,3.925,3.825,1.1,1.125,12,12,4,-3.925,-3.825,0.169925001442,-3.76666666667,4.6
40,2018,Employed,2020,1478943.47076,195617.130368,6185047.94102,13.2268159152,4.66666666667,4.38333333333,1.25833333333,0.791666666667,12,12,3.3,-4.66666666667,-4.38333333333,-0.337034987278,-3.925,4
40,2018,Out of work,151,124748.657058,23802.156252,841062.374432,19.0800901696,4.66666666667,4.38333333333,1.25833333333,0.791666666667,12,12,3.3,-4.66666666667,-4.38333333333,-0.337034987278,-3.925,4
40,2019,Employed,2435,1471640.62624,194898.155925,6329276.42014,13.2435971425,4.275,4.55833333333,1.175,0.7,12,12,3.1,-4.275,-4.55833333333,-0.51457317283,-4.66666666667,3.3
40,2019,Out of work,161,116444.681547,35977.05814,1044291.16781,30.8962656448,4.275,4.55833333333,1.175,0.7,12,12,3.1,-4.275,-4.55833333333,-0.51457317283,-4.66666666667,3.3
40,2020,Employed,1938,1420373.45092,194954.475937,6096226.97752,13.7255787068,4.40833333333,4.71666666667,2.175,1.44166666667,12,12,6.3,-4.40833333333,-4.71666666667,0.527737632028,-4.275,3.1
40,2020,Out of work,202,168397.476548,44652.767938,1385451.20692,26.5162927933,4.40833333333,4.71666666667,2.175,1.44166666667,12,12,6.3,-4.40833333333,-4.71666666667,0.527737632028,-4.275,3.1
40,2021,Employed,2174,1453563.3453,226516.777185,7231635.0539,15.5835504464,4.725,6.44166666667,1.04166666667,0.675,12,12,4,-4.725,-6.44166666667,-0.567040592724,-4.40833333333,6.3
40,2021,Out of work,181,160705.411727,38925.736058,1162620.99708,24.2217954203,4.725,6.44166666667,1.04166666667,0.675,12,12,4,-4.725,-6.44166666667,-0.567040592724,-4.40833333333,6.3
40,2022,Employed,2364,1472580.48722,230265.186798,7276468.65596,15.6368489734,5.10833333333,6.95833333333,0.966666666667,0.466666666667,12,12,3,-5.10833333333,-6.95833333333,-1.09953567355,-4.725,4
40,2022,Out of work,166,127258.511979,50646.098046,1444980.99643,39.797807831,5.10833333333,6.95833333333,0.966666666667,0.466666666667,12,12,3,-5.10833333333,-6.95833333333,-1.09953567355,-4.725,4
40,2023,Employed,2921,1528163.9155,243024.862018,7832034.6036,15.9030624629,4.74166666667,6.34166666667,1.08333333333,0.525,12,12,3.1,-4.74166666667,-6.34166666667,-0.929610672109,-5.10833333333,3
40,2023,Out of work,160,102333.467413,33394.699416,976110.602319,32.6332140015,4.74166666667,6.34166666667,1.08333333333,0.525,12,12,3.1,-4.74166666667,-6.34166666667,-0.929610672109,-5.10833333333,3
40,2024,Employed,2916,1567362.52047,269414.059081,8282401.24579,17.1890073651,4.05833333333,5.375,1.075,0.633333333333,12,12,3.2,-4.05833333333,-5.375,-0.658963082165,-4.74166666667,3.1
40,2024,Out of work,266,143875.571303,50340.600591,1469490.38381,34.9889839777,4.05833333333,5.375,1.075,0.633333333333,12,12,3.2,-4.05833333333,-5.375,-0.658963082165,-4.74166666667,3.1
40,2025,Employed,1717,1550132.59649,271974.798494,8299395.26418,17.5452602642,3.43333333333,5.2,0.991666666667,,12,11,3.4,-3.43333333333,-5.2,,-4.05833333333,3.2
40,2025,Out of work,136,142991.94049,43336.431633,1186941.30239,30.3069050497,3.43333333333,5.2,0.991666666667,,12,11,3.4,-3.43333333333,-5.2,,-4.05833333333,3.2
41,2013,Employed,2365,1485849.06238,132750.868432,4827948.25615,8.93434412637,3.46666666667,2.86666666667,1.40833333333,3.04166666667,12,12,7.8,-3.46666666667,-2.86666666667,1.60486205816,-3.425,8.7
41,2013,Out of work,316,220601.851456,60795.324553,1930473.9362,27.5588460168,3.46666666667,2.86666666667,1.40833333333,3.04166666667,12,12,7.8,-3.46666666667,-2.86666666667,1.60486205816,-3.425,8.7
41,2014,Employed,1953,1487554.29085,146111.860917,5335761.99311,9.82228761771,3.56666666667,3.425,1.18333333333,2.125,12,12,6.7,-3.56666666667,-3.425,1.08746284125,-3.46666666667,7.8
41,2014,Out of work,204,168748.949432,37546.8205461,1119318.84998,22.250106251,3.56666666667,3.425,1.18333333333,2.125,12,12,6.7,-3.56666666667,-3.425,1.08746284125,-3.46666666667,7.8
41,2015,Employed,2062,1499114.54099,156439.589224,5463165.20191,10.4354660666,3.50833333333,3.74166666667,1.23333333333,1.54166666667,12,12,5.5,-3.50833333333,-3.74166666667,0.624490864908,-3.56666666667,6.7
41,2015,Out of work,186,156877.879119,29508.756481,978973.823871,18.8100174777,3.50833333333,3.74166666667,1.23333333333,1.54166666667,12,12,5.5,-3.50833333333,-3.74166666667,0.624490864908,-3.56666666667,6.7
41,2016,Employed,2338,1552272.2971,157043.686377,5564676.77238,10.1170192028,3.74166666667,3.98333333333,1.10833333333,1.28333333333,12,12,4.8,-3.74166666667,-3.98333333333,0.359895945086,-3.50833333333,5.5
41,2016,Out of work,200,162396.919802,49210.447001,1401536.16408,30.3025741258,3.74166666667,3.98333333333,1.10833333333,1.28333333333,12,12,4.8,-3.74166666667,-3.98333333333,0.359895945086,-3.50833333333,5.5
41,2017,Employed,2324,1631718.22322,204301.444242,6712051.35761,12.5206326273,4.05,4.18333333333,1.06666666667,1.025,12,12,4.1,-4.05,-4.18333333333,0.0356239097307,-3.74166666667,4.8
41,2017,Out of work,189,142828.701339,41631.2791852,1212254.88887,29.1476984632,4.05,4.18333333333,1.06666666667,1.025,12,12,4.1,-4.05,-4.18333333333,0.0356239097307,-3.74166666667,4.8
41,2018,Employed,2689,1633278.88097,198044.936878,6770617.29564,12.1256044626,4.175,4.70833333333,1.21666666667,0.883333333333,12,12,4,-4.175,-4.70833333333,-0.178970141045,-4.05,4.1
41,2018,Out of work,215,135571.127859,35828.903955,1084361.4976,26.4281226547,4.175,4.70833333333,1.21666666667,0.883333333333,12,12,4,-4.175,-4.70833333333,-0.178970141045,-4.05,4.1
41,2019,Employed,2764,1669214.50349,210960.801306,6818220.52296,12.6383278401,4.3,4.95,1.4,0.758333333333,12,12,3.7,-4.3,-4.95,-0.39909595541,-4.175,4
41,2019,Out of work,223,140330.969975,36125.363407,1117091.64161,25.7429727832,4.3,4.95,1.4,0.758333333333,12,12,3.7,-4.3,-4.95,-0.39909595541,-4.175,4
41,2020,Employed,2443,1705706.24095,217505.707552,7265493.95749,12.7516510364,4.575,4.825,2.875,1.825,12,12,7.6,-4.575,-4.825,0.867896463993,-4.3,3.7
41,2020,Out of work,300,205822.532255,54322.5067279,1486058.86029,26.3928862077,4.575,4.825,2.875,1.825,12,12,7.6,-4.575,-4.825,0.867896463993,-4.3,3.7
41,2021,Employed,2512,1663823.73493,258852.401244,8326056.42399,15.5576817309,4.60833333333,6.825,0.991666666667,0.825,12,12,5.2,-4.60833333333,-6.825,-0.277533975529,-4.575,7.6
41,2021,Out of work,271,183446.519572,58427.963627,1611902.16534,31.8501347223,4.60833333333,6.825,0.991666666667,0.825,12,12,5.2,-4.60833333333,-6.825,-0.277533975529,-4.575,7.6
41,2022,Employed,2749,1720166.59074,297496.565013,9281895.86571,17.2946368459,4.50833333333,6.925,0.958333333333,0.6,12,12,4,-4.50833333333,-6.925,-0.736965594166,-4.60833333333,5.2
41,2022,Out of work,210,147239.514779,45975.675495,1394913.78354,31.2250930492,4.50833333333,6.925,0.958333333333,0.6,12,12,4,-4.50833333333,-6.925,-0.736965594166,-4.60833333333,5.2
41,2023,Employed,2877,1746490.00423,303561.023737,9732195.30624,17.3812059045,3.84166666667,5.59166666667,1.075,0.733333333333,12,12,3.8,-3.84166666667,-5.59166666667,-0.447458976971,-4.50833333333,4
41,2023,Out of work,265,167626.203706,50282.0859664,1424383.7862,29.9965547479,3.84166666667,5.59166666667,1.075,0.733333333333,12,12,3.8,-3.84166666667,-5.59166666667,-0.447458976971,-4.50833333333,4
41,2024,Employed,2695,1714726.15748,322900.289678,9999559.95051,18.8310120697,3.575,4.84166666667,1.05833333333,0.933333333333,12,12,4.3,-3.575,-4.84166666667,-0.0995356735509,-3.84166666667,3.8
41,2024,Out of work,313,193139.203944,69112.278979,1960172.88466,35.7836615083,3.575,4.84166666667,1.05833333333,0.933333333333,12,12,4.3,-3.575,-4.84166666667,-0.0995356735509,-3.84166666667,3.8
41,2025,Employed,1949,1634119.329,303631.562096,9521616.55744,18.5807460145,3.375,3.98333333333,1,,12,11,5.2,-3.375,-3.98333333333,,-3.575,4.3
41,2025,Out of work,247,208535.363675,66971.172432,1777356.88139,32.1150193674,3.375,3.98333333333,1,,12,11,5.2,-3.375,-3.98333333333,,-3.575,4.3
42,2013,Employed,4787,4987921.1204,466588.281109,15908468.0764,9.35436366867,3.03333333333,2.66666666667,1.26666666667,2.88333333333,12,12,7.1,-3.03333333333,-2.66666666667,1.52773763203,-2.83333333333,7.6
42,2013,Out of work,552,680969.3301,148547.328853,4298722.91258,21.8140997379,3.03333333333,2.66666666667,1.26666666667,2.88333333333,12,12,7.1,-3.03333333333,-2.66666666667,1.52773763203,-2.83333333333,7.6
42,2014,Employed,4384,5023486.24537,499810.311791,16636167.6182,9.94947109195,3.275,3.175,1.39166666667,2.05,12,12,6,-3.275,-3.175,1.03562390973,-3.03333333333,7.1
42,2014,Out of work,412,500079.138605,114481.052312,3661922.82568,22.8925870876,3.275,3.175,1.39166666667,2.05,12,12,6,-3.275,-3.175,1.03562390973,-3.03333333333,7.1
42,2015,Employed,2678,5370320.96558,450961.321867,16608783.2605,8.39728807193,3.53333333333,3.81666666667,1.325,1.525,12,12,5.4,-3.53333333333,-3.81666666667,0.608809242676,-3.275,6
42,2015,Out of work,238,512830.540101,150902.263824,4194770.93043,29.4253660857,3.53333333333,3.81666666667,1.325,1.525,12,12,5.4,-3.53333333333,-3.81666666667,0.608809242676,-3.275,6
42,2016,Employed,3349,5283696.8574,529934.630143,18976780.4692,10.0296183609,3.45,3.59166666667,1.34166666667,1.625,12,12,5.3,-3.45,-3.59166666667,0.700439718141,-3.53333333333,5.4
42,2016,Out of work,258,473158.020498,130802.888767,3780285.47934,27.6446521247,3.45,3.59166666667,1.34166666667,1.625,12,12,5.3,-3.45,-3.59166666667,0.700439718141,-3.53333333333,5.4
42,2017,Employed,3093,5101471.17321,547346.535104,18754699.3092,10.7291900026,3.70833333333,4.325,1.5,1.2,12,12,5,-3.70833333333,-4.325,0.263034405834,-3.45,5.3
42,2017,Out of work,247,474543.342436,118520.628346,3467611.21577,24.9757224994,3.70833333333,4.325,1.5,1.2,12,12,5,-3.70833333333,-4.325,0.263034405834,-3.45,5.3
42,2018,Employed,2997,5172829.16336,617492.948797,20175258.8953,11.9372383912,3.39166666667,4.55,1.24166666667,1.00833333333,12,12,4.4,-3.39166666667,-4.55,0.0119726416661,-3.70833333333,5
42,2018,Out of work,200,356225.116132,98245.779246,2973663.82654,27.5796890216,3.39166666667,4.55,1.24166666667,1.00833333333,12,12,4.4,-3.39166666667,-4.55,0.0119726416661,-3.70833333333,5
42,2019,Employed,3136,5173095.30631,602779.884581,19585741.4387,11.6522091492,3.375,4.34166666667,1.21666666667,1.01666666667,12,12,4.3,-3.375,-4.34166666667,0.0238467419544,-3.39166666667,4.4
42,2019,Out of work,255,409681.041746,120884.11768,3850740.29189,29.5068859337,3.375,4.34166666667,1.21666666667,1.01666666667,12,12,4.3,-3.375,-4.34166666667,0.0238467419544,-3.39166666667,4.4
42,2020,Employed,2593,4761307.01411,665258.09629,21368276.8414,13.9721739077,3.73333333333,4.275,2.7,2.36666666667,12,12,8.8,-3.73333333333,-4.275,1.2428565239,-3.375,4.3
42,2020,Out of work,324,686125.544673,149945.673631,4646439.19971,21.8539704279,3.73333333333,4.275,2.7,2.36666666667,12,12,8.8,-3.73333333333,-4.275,1.2428565239,-3.375,4.3
42,2021,Employed,3110,5033099.00948,613736.916264,20243732.4788,12.1940163527,3.69166666667,6.575,0.991666666667,1,12,12,5.9,-3.69166666667,-6.575,0,-3.73333333333,8.8
42,2021,Out of work,297,462534.930103,156353.617921,4213873.35823,33.8036346544,3.69166666667,6.575,0.991666666667,1,12,12,5.9,-3.69166666667,-6.575,0,-3.73333333333,8.8
42,2022,Employed,2243,5132279.54965,719269.041062,24273264.4038,14.0146115211,3.325,6.95,0.766666666667,0.6,12,12,4.2,-3.325,-6.95,-0.736965594166,-3.69166666667,5.9
42,2022,Out of work,145,356501.361781,112218.519212,3236654.49065,31.4777252607,3.325,6.95,0.766666666667,0.6,12,12,4.2,-3.325,-6.95,-0.736965594166,-3.69166666667,5.9
42,2024,Employed,1469,5059613.62922,822443.496375,26189371.1494,16.2550652411,3.09166666667,4.63333333333,1.18333333333,0.858333333333,12,12,3.8,-3.09166666667,-4.63333333333,-0.220390068425,-3.025,3.7
42,2024,Out of work,139,432806.974191,150577.443944,4085901.33161,34.7909005453,3.09166666667,4.63333333333,1.18333333333,0.858333333333,12,12,3.8,-3.09166666667,-4.63333333333,-0.220390068425,-3.025,3.7
42,2025,Employed,1247,4840648.70758,889267.880145,28117560.4046,18.3708410559,2.675,4,0.958333333333,,12,11,4.3,-2.675,-4,,-3.09166666667,3.8
42,2025,Out of work,123,435504.836853,154670.62055,3998391.9482,35.5152474695,2.675,4,0.958333333333,,12,11,4.3,-2.675,-4,,-3.09166666667,3.8
44,2013,Employed,2862,434615.235692,37271.495597,1313082.53726,8.57574528829,3.10833333333,2.9,1.475,3.83333333333,12,12,9.5,-3.10833333333,-2.9,1.93859945534,-3.275,10.3
44,2013,Out of work,382,62590.9456198,14132.3990403,436206.434466,22.5789831106,3.10833333333,2.9,1.475,3.83333333333,12,12,9.5,-3.10833333333,-2.9,1.93859945534,-3.275,10.3
44,2014,Employed,2759,439420.086856,39685.7178817,1317840.62781,9.03138456088,3.2,3.15,1.23333333333,2.80833333333,12,12,7.8,-3.2,-3.15,1.48971418557,-3.10833333333,9.5
44,2014,Out of work,303,56642.5576807,8870.7016494,299392.430765,15.6608423289,3.2,3.15,1.23333333333,2.80833333333,12,12,7.8,-3.2,-3.15,1.48971418557,-3.10833333333,9.5
44,2015,Employed,2467,424551.748249,40150.9037442,1425242.73909,9.45724612131,3.43333333333,3.51666666667,1.21666666667,1.93333333333,12,12,6,-3.43333333333,-3.51666666667,0.951090399519,-3.2,7.8
44,2015,Out of work,286,54809.2993025,11148.9828877,367575.349188,20.3414074429,3.43333333333,3.51666666667,1.21666666667,1.93333333333,12,12,6,-3.43333333333,-3.51666666667,0.951090399519,-3.2,7.8
44,2016,Employed,2351,433973.699453,45763.6880973,1447878.53333,10.5452676406,3.48333333333,3.73333333333,1.33333333333,1.54166666667,12,12,5.2,-3.48333333333,-3.73333333333,0.624490864908,-3.43333333333,6
44,2016,Out of work,229,46285.2282823,12821.3606747,391769.813017,27.7007614535,3.48333333333,3.73333333333,1.33333333333,1.54166666667,12,12,5.2,-3.48333333333,-3.73333333333,0.624490864908,-3.43333333333,6
44,2017,Employed,2382,438276.819263,50496.1678177,1648406.92253,11.521523749,3.7,4.16666666667,1.48333333333,1.18333333333,12,12,4.5,-3.7,-4.16666666667,0.242856523896,-3.48333333333,5.2
44,2017,Out of work,226,46469.7636903,11655.6414637,331638.439938,25.0822051547,3.7,4.16666666667,1.48333333333,1.18333333333,12,12,4.5,-3.7,-4.16666666667,0.242856523896,-3.48333333333,5.2
44,2018,Employed,2324,427858.855384,37615.5187834,1338816.0385,8.79157187237,3.75,4.59166666667,1.4,0.958333333333,12,12,4,-3.75,-4.59166666667,-0.0614005446641,-3.7,4.5
44,2018,Out of work,206,41922.9496788,11036.5820199,335055.999255,26.325871878,3.75,4.59166666667,1.4,0.958333333333,12,12,4,-3.75,-4.59166666667,-0.0614005446641,-3.7,4.5
44,2019,Employed,2402,439781.268981,46123.407182,1592675.84967,10.4878061971,3.98333333333,4.56666666667,1.51666666667,0.85,12,12,3.5,-3.98333333333,-4.56666666667,-0.234465253637,-3.75,4
44,2019,Out of work,220,46974.289308,13705.4322296,377309.589498,29.1764546767,3.98333333333,4.56666666667,1.51666666667,0.85,12,12,3.5,-3.98333333333,-4.56666666667,-0.234465253637,-3.75,4
44,2020,Employed,2246,419159.210315,46268.658527,1569741.51846,11.0384449127,4.875,4.40833333333,3.20833333333,2.59166666667,12,12,9.2,-4.875,-4.40833333333,1.37388017452,-3.98333333333,3.5
44,2020,Out of work,311,57023.1506084,13958.9767744,398685.711881,24.4794905674,4.875,4.40833333333,3.20833333333,2.59166666667,12,12,9.2,-4.875,-4.40833333333,1.37388017452,-3.98333333333,3.5
44,2021,Employed,2567,437849.839333,52925.7997206,1804139.73815,12.0876599615,4.69166666667,6.775,1.15,0.95,12,12,5.6,-4.69166666667,-6.775,-0.0740005814438,-4.875,9.2
44,2021,Out of work,272,53985.7858081,14206.1732726,422441.582234,26.3146549781,4.69166666667,6.775,1.15,0.95,12,12,5.6,-4.69166666667,-6.775,-0.0740005814438,-4.875,9.2
44,2022,Employed,2386,423164.363451,58814.5487881,1908221.78748,13.8987480677,4.34166666667,7.15,1.11666666667,0.483333333333,12,12,3.2,-4.34166666667,-7.15,-1.04890960048,-4.69166666667,5.6
44,2022,Out of work,183,32116.696854,9584.5278778,287797.630312,29.8428195196,4.34166666667,7.15,1.11666666667,0.483333333333,12,12,3.2,-4.34166666667,-7.15,-1.04890960048,-4.69166666667,5.6
44,2023,Employed,2391,421545.173553,63868.2190716,2068383.2188,15.1509786089,4.16666666667,5.66666666667,1.3,0.566666666667,12,12,3,-4.16666666667,-5.66666666667,-0.819427754358,-4.34166666667,3.2
44,2023,Out of work,205,44102.5666162,10774.620588,296192.955906,24.4308243594,4.16666666667,5.66666666667,1.3,0.566666666667,12,12,3,-4.16666666667,-5.66666666667,-0.819427754358,-4.34166666667,3.2
44,2024,Employed,2178,434571.870865,58673.3402736,1964318.29511,13.5014123571,3.88333333333,5.15833333333,1.475,0.908333333333,12,12,4.2,-3.88333333333,-5.15833333333,-0.138706270832,-4.16666666667,3
44,2024,Out of work,205,45125.1636384,11102.6203069,345220.783388,24.6040555019,3.88333333333,5.15833333333,1.475,0.908333333333,12,12,4.2,-3.88333333333,-5.15833333333,-0.138706270832,-4.16666666667,3
44,2025,Employed,2105,431325.681989,65508.3197935,2190701.88419,15.1876696726,3.725,4.50833333333,1.525,,12,11,4.5,-3.725,-4.50833333333,,-3.88333333333,4.2
44,2025,Out of work,226,48720.2289749,15767.0909172,458485.449966,32.3625139884,3.725,4.50833333333,1.525,,12,11,4.5,-3.725,-4.50833333333,,-3.88333333333,4.2
45,2013,Employed,4129,1818386.70434,157634.425783,5399480.76257,8.66891654046,4.05833333333,3,1.34166666667,2.76666666667,12,12,7.4,-4.05833333333,-3,1.46814883574,-3.53333333333,9
45,2013,Out of work,574,284154.617711,65414.8372156,1845534.16517,23.020860172,4.05833333333,3,1.34166666667,2.76666666667,12,12,7.4,-4.05833333333,-3,1.46814883574,-3.53333333333,9
45,2014,Employed,4223,1857399.41066,180947.511139,5847864.00168,9.74198172462,4.41666666667,3.69166666667,1.45,1.84166666667,12,12,6.3,-4.41666666667,-3.69166666667,0.881011963783,-4.05833333333,7.4
45,2014,Out of work,534,265314.703325,59880.4969084,1836885.12522,22.5696111666,4.41666666667,3.69166666667,1.45,1.84166666667,12,12,6.3,-4.41666666667,-3.69166666667,0.881011963783,-4.05833333333,7.4
45,2015,Employed,4429,1928703.79307,209051.359305,6871147.49155,10.8389561972,4.38333333333,4.13333333333,1.31666666667,1.55,12,12,5.9,-4.38333333333,-4.13333333333,0.6322682155,-4.41666666667,6.3
45,2015,Out of work,456,198491.965915,51238.7161681,1405890.81884,25.8140000437,4.38333333333,4.13333333333,1.31666666667,1.55,12,12,5.9,-4.38333333333,-4.13333333333,0.6322682155,-4.41666666667,6.3
45,2016,Employed,4089,1930352.11645,207309.49781,6781137.81099,10.7394654086,4.16666666667,3.925,1.35,1.34166666667,12,12,4.9,-4.16666666667,-3.925,0.424026282506,-4.38333333333,5.9
45,2016,Out of work,389,207895.232897,49528.1071007,1432074.04403,23.8235896083,4.16666666667,3.925,1.35,1.34166666667,12,12,4.9,-4.16666666667,-3.925,0.424026282506,-4.38333333333,5.9
45,2017,Employed,3995,1946044.82898,213167.517409,7248160.38141,10.9538852464,4.54166666667,4.35,1.41666666667,1.00833333333,12,12,4.2,-4.54166666667,-4.35,0.0119726416661,-4.16666666667,4.9
45,2017,Out of work,363,187084.585398,46597.4449174,1341386.8528,24.9071535307,4.54166666667,4.35,1.41666666667,1.00833333333,12,12,4.2,-4.54166666667,-4.35,0.0119726416661,-4.16666666667,4.9
45,2018,Employed,3555,1940963.47354,232124.59032,7342687.89936,11.959245678,4.59166666667,5.2,1.23333333333,0.658333333333,12,12,3.4,-4.59166666667,-5.2,-0.603109847431,-4.54166666667,4.2
45,2018,Out of work,337,189509.44493,58121.2499712,1761207.60941,30.6693157129,4.59166666667,5.2,1.23333333333,0.658333333333,12,12,3.4,-4.59166666667,-5.2,-0.603109847431,-4.54166666667,4.2
45,2019,Employed,2525,1916656.06091,198352.859222,7054622.02813,10.348902094,4.56666666667,4.89166666667,1.45833333333,0.575,12,12,2.8,-4.56666666667,-4.89166666667,-0.79836613883,-4.59166666667,3.4
45,2019,Out of work,248,189684.612546,48380.941103,1404579.51041,25.5059914738,4.56666666667,4.89166666667,1.45833333333,0.575,12,12,2.8,-4.56666666667,-4.89166666667,-0.79836613883,-4.59166666667,3.4
45,2020,Employed,1523,1914222.77426,242176.565944,7892296.48013,12.6514306067,4.98333333333,5.00833333333,2,1.33333333333,12,12,6,-4.98333333333,-5.00833333333,0.415037499279,-4.56666666667,2.8
45,2020,Out of work,165,232061.532104,44774.917476,1306731.6798,19.2944160413,4.98333333333,5.00833333333,2,1.33333333333,12,12,6,-4.98333333333,-5.00833333333,0.415037499279,-4.56666666667,2.8
45,2021,Employed,3496,1982611.75494,304182.503358,9734842.81785,15.3425148722,4.825,7.25833333333,1.06666666667,0.566666666667,12,12,3.9,-4.825,-7.25833333333,-0.819427754358,-4.98333333333,6
45,2021,Out of work,279,184861.03943,54045.2194939,1525165.30884,29.2355921293,4.825,7.25833333333,1.06666666667,0.566666666667,12,12,3.9,-4.825,-7.25833333333,-0.819427754358,-4.98333333333,6
45,2022,Employed,3434,1919830.9149,293687.794247,9439965.07785,15.297586468,4.95833333333,7.41666666667,0.933333333333,0.425,12,12,3.2,-4.95833333333,-7.41666666667,-1.23446525364,-4.825,3.9
45,2022,Out of work,240,148705.078757,46364.1812501,1328473.89432,31.1786131567,4.95833333333,7.41666666667,0.933333333333,0.425,12,12,3.2,-4.95833333333,-7.41666666667,-1.23446525364,-4.825,3.9
45,2023,Employed,3513,1938149.79587,316372.284143,9859458.28626,16.3234175613,4.66666666667,6.91666666667,1.125,0.425,12,12,3,-4.66666666667,-6.91666666667,-1.23446525364,-4.95833333333,3.2
45,2023,Out of work,263,173498.565747,52126.7857861,1492774.30487,30.0445053028,4.66666666667,6.91666666667,1.125,0.425,12,12,3,-4.66666666667,-6.91666666667,-1.23446525364,-4.95833333333,3.2
45,2024,Employed,3208,2082379.12814,298192.528437,9686848.41742,14.3198000983,4.25833333333,5.725,1.13333333333,0.741666666667,12,12,4.1,-4.25833333333,-5.725,-0.431157164642,-4.66666666667,3
45,2024,Out of work,288,198086.143621,56288.04572,1463652.60234,28.4159430292,4.25833333333,5.725,1.13333333333,0.741666666667,12,12,4.1,-4.25833333333,-5.725,-0.431157164642,-4.66666666667,3
45,2025,Employed,1324,2016387.43723,376754.170244,11508772.4904,18.6846120586,4.03333333333,4.79166666667,1.14166666667,,12,11,4.5,-4.03333333333,-4.79166666667,,-4.25833333333,4.1
45,2025,Out of work,116,183796.953156,59899.0793018,1630506.92549,32.5898108066,4.03333333333,4.79166666667,1.14166666667,,12,11,4.5,-4.03333333333,-4.79166666667,,-4.25833333333,4.1
46,2013,Employed,3514,382099.062465,27857.4584754,879923.791594,7.29063774604,3.55,3.08333333333,1.275,1.25,12,12,3.7,-3.55,-3.08333333333,0.321928094887,-3.49166666667,4
46,2013,Out of work,230,26371.9576205,4514.54782154,139064.061988,17.1187436538,3.55,3.08333333333,1.275,1.25,12,12,3.7,-3.55,-3.08333333333,0.321928094887,-3.49166666667,4
46,2014,Employed,3571,378991.627883,25313.3057056,914929.421879,6.67912002357,3.56666666667,3.18333333333,1.33333333333,1.08333333333,12,12,3.4,-3.56666666667,-3.18333333333,0.11547721742,-3.55,3.7
46,2014,Out of work,228,28278.89068,4658.38527439,123906.274723,16.4730127752,3.56666666667,3.18333333333,1.33333333333,1.08333333333,12,12,3.4,-3.56666666667,-3.18333333333,0.11547721742,-3.55,3.7
46,2015,Employed,3281,373256.171068,22163.0835059,801083.206448,5.93776747014,3.85833333333,3.875,1.34166666667,0.791666666667,12,12,3,-3.85833333333,-3.875,-0.337034987278,-3.56666666667,3.4
46,2015,Out of work,179,21140.3781281,3978.9883606,113775.6263,18.8217464063,3.85833333333,3.875,1.34166666667,0.791666666667,12,12,3,-3.85833333333,-3.875,-0.337034987278,-3.56666666667,3.4
46,2016,Employed,2691,392587.394084,26042.8635753,904608.650829,6.63364742927,3.89166666667,3.93333333333,1.31666666667,0.775,12,12,3,-3.89166666667,-3.93333333333,-0.3677317845,-3.85833333333,3
46,2016,Out of work,138,16147.4879772,3600.55267452,114644.390651,22.2979120938,3.89166666667,3.93333333333,1.31666666667,0.775,12,12,3,-3.89166666667,-3.93333333333,-0.3677317845,-3.85833333333,3
46,2017,Employed,3054,384721.819303,31049.6435455,1073017.65172,8.07067392272,3.78333333333,4.3,1.28333333333,0.725,12,12,3,-3.78333333333,-4.3,-0.46394709976,-3.89166666667,3
46,2017,Out of work,224,15973.5579257,4443.94153446,110337.443665,27.820611758,3.78333333333,4.3,1.28333333333,0.725,12,12,3,-3.78333333333,-4.3,-0.46394709976,-3.89166666667,3
46,2018,Employed,3007,365258.076331,33273.3500217,1180797.68924,9.10954532637,4.125,5.06666666667,1.41666666667,0.558333333333,12,12,2.8,-4.125,-5.06666666667,-0.840801405151,-3.78333333333,3
46,2018,Out of work,218,20118.8580511,4235.8536643,114166.002847,21.0541455859,4.125,5.06666666667,1.41666666667,0.558333333333,12,12,2.8,-4.125,-5.06666666667,-0.840801405151,-3.78333333333,3
46,2019,Employed,2849,380079.927383,38990.5031407,1324123.41288,10.2585009972,3.88333333333,4.775,1.1,0.591666666667,12,12,2.7,-3.88333333333,-4.775,-0.757143476104,-4.125,2.8
46,2019,Out of work,168,22000.2545864,5989.76286946,177503.56479,27.2258798003,3.88333333333,4.775,1.1,0.591666666667,12,12,2.7,-3.88333333333,-4.775,-0.757143476104,-4.125,2.8
46,2020,Employed,3018,384830.757295,34125.0448537,1174280.84645,8.86754611133,3.99166666667,4.34166666667,2.19166666667,1.13333333333,12,12,4.1,-3.99166666667,-4.34166666667,0.180572245642,-3.88333333333,2.7
46,2020,Out of work,188,19432.2848909,6134.25203617,164790.179881,31.567322477,3.99166666667,4.34166666667,2.19166666667,1.13333333333,12,12,4.1,-3.99166666667,-4.34166666667,0.180572245642,-3.88333333333,2.7
46,2021,Employed,3209,363630.52765,37745.5991892,1373038.33085,10.3802063686,4.325,6.28333333333,0.85,0.416666666667,12,12,2.6,-4.325,-6.28333333333,-1.26303440583,-3.99166666667,4.1
46,2021,Out of work,179,19281.2772531,2580.48371176,100667.088965,13.3833650017,4.325,6.28333333333,0.85,0.416666666667,12,12,2.6,-4.325,-6.28333333333,-1.26303440583,-3.99166666667,4.1
46,2022,Employed,3490,377236.214411,53265.3697425,1602657.70687,14.119898278,4.30833333333,6.48333333333,0.95,0.308333333333,12,12,1.9,-4.30833333333,-6.48333333333,-1.69743722998,-4.325,2.6
46,2022,Out of work,194,21695.4659415,6568.94767857,171703.219462,30.2779746528,4.30833333333,6.48333333333,0.95,0.308333333333,12,12,1.9,-4.30833333333,-6.48333333333,-1.69743722998,-4.325,2.6
46,2023,Employed,2558,386734.60743,60457.9771838,1857090.47742,15.6329369087,4.08333333333,5.71666666667,1.2,0.316666666667,12,12,1.8,-4.08333333333,-5.71666666667,-1.65896308216,-4.30833333333,1.9
46,2023,Out of work,145,22137.1911496,5530.36407312,147904.664139,24.9822302918,4.08333333333,5.71666666667,1.2,0.316666666667,12,12,1.8,-4.08333333333,-5.71666666667,-1.65896308216,-4.30833333333,1.9
46,2024,Employed,2501,365408.393164,48467.4652667,1577977.51781,13.2639168047,3.60833333333,4.51666666667,1.11666666667,0.383333333333,12,12,1.8,-3.60833333333,-4.51666666667,-1.38332863955,-4.08333333333,1.8
46,2024,Out of work,160,23842.1195828,8727.0827262,250527.764813,36.6036362492,3.60833333333,4.51666666667,1.11666666667,0.383333333333,12,12,1.8,-3.60833333333,-4.51666666667,-1.38332863955,-4.08333333333,1.8
46,2025,Employed,1585,391173.82099,61018.113461,1902510.87592,15.5987211278,3.56666666667,4.38333333333,1.18333333333,,12,11,2.1,-3.56666666667,-4.38333333333,,-3.60833333333,1.8
46,2025,Out of work,98,19786.6019939,5635.5899121,210183.497312,28.4818480396,3.56666666667,4.38333333333,1.18333333333,,12,11,2.1,-3.56666666667,-4.38333333333,,-3.60833333333,1.8
47,2013,Employed,2150,2412900.57924,167772.224451,5569191.15313,6.95313457565,4.18333333333,3.00833333333,1.575,2.75,12,12,7.7,-4.18333333333,-3.00833333333,1.45943161864,-3.98333333333,7.9
47,2013,Out of work,273,289138.076234,67031.8278563,1929927.66886,23.1833277476,4.18333333333,3.00833333333,1.575,2.75,12,12,7.7,-4.18333333333,-3.00833333333,1.45943161864,-3.98333333333,7.9
47,2014,Employed,1790,2506080.51914,274415.380089,9001994.26864,10.9499825721,3.64166666667,3.18333333333,1.28333333333,2.18333333333,12,12,6.5,-3.64166666667,-3.18333333333,1.12653240593,-4.18333333333,7.7
47,2014,Out of work,205,312968.71197,72905.716386,2235960.66829,23.2948897438,3.64166666667,3.18333333333,1.28333333333,2.18333333333,12,12,6.5,-3.64166666667,-3.18333333333,1.12653240593,-4.18333333333,7.7
47,2015,Employed,2065,2432223.32049,216028.374711,7329001.26099,8.88193007981,3.93333333333,3.81666666667,1.15,1.51666666667,12,12,5.5,-3.93333333333,-3.81666666667,0.60090404459,-3.64166666667,6.5
47,2015,Out of work,240,327306.446888,103477.58327,2797191.84728,31.6148930928,3.93333333333,3.81666666667,1.15,1.51666666667,12,12,5.5,-3.93333333333,-3.81666666667,0.60090404459,-3.64166666667,6.5
47,2016,Employed,2444,2627614.97673,257270.085093,8911529.46131,9.79101152076,4.06666666667,3.75833333333,1.125,1.29166666667,12,12,4.7,-4.06666666667,-3.75833333333,0.369233809666,-3.93333333333,5.5
47,2016,Out of work,218,227992.670835,57110.3995846,1773717.61419,25.0492260893,4.06666666667,3.75833333333,1.125,1.29166666667,12,12,4.7,-4.06666666667,-3.75833333333,0.369233809666,-3.93333333333,5.5
47,2017,Employed,2382,2515941.7016,243800.283576,8182285.76636,9.69021990538,4.01666666667,4.03333333333,1.15,0.975,12,12,3.7,-4.01666666667,-4.03333333333,-0.0365258760251,-4.06666666667,4.7
47,2017,Out of work,229,271030.949811,72534.810029,1962952.38363,26.7625561138,4.01666666667,4.03333333333,1.15,0.975,12,12,3.7,-4.01666666667,-4.03333333333,-0.0365258760251,-4.06666666667,4.7
47,2018,Employed,2124,2539277.29544,324047.760246,10937724.2658,12.7614168341,4.94166666667,4.675,1.25833333333,0.758333333333,12,12,3.5,-4.94166666667,-4.675,-0.39909595541,-4.01666666667,3.7
47,2018,Out of work,159,225946.255159,68667.583273,2083613.03017,30.3911136852,4.94166666667,4.675,1.25833333333,0.758333333333,12,12,3.5,-4.94166666667,-4.675,-0.39909595541,-4.01666666667,3.7
47,2019,Employed,2539,2605140.74581,322835.337499,10777719.2792,12.3922416867,4.43333333333,4.325,1.13333333333,0.8,12,12,3.3,-4.43333333333,-4.325,-0.321928094887,-4.94166666667,3.5
47,2019,Out of work,244,263924.752738,74668.662181,2265399.16159,28.2916480574,4.43333333333,4.325,1.13333333333,0.8,12,12,3.3,-4.43333333333,-4.325,-0.321928094887,-4.94166666667,3.5
47,2020,Employed,1998,2556319.8438,353115.349835,11025894.4379,13.8134259957,4.85,4.53333333333,2.3,1.80833333333,12,12,7.4,-4.85,-4.53333333333,0.854660636836,-4.43333333333,3.3
47,2020,Out of work,221,343769.035048,96635.421288,2615422.08492,28.1105659428,4.85,4.53333333333,2.3,1.80833333333,12,12,7.4,-4.85,-4.53333333333,0.854660636836,-4.43333333333,3.3
47,2021,Employed,2127,2714748.93883,438102.284819,14245876.8236,16.1378563797,4.76666666667,6.70833333333,1.13333333333,0.7,12,12,4.5,-4.76666666667,-6.70833333333,-0.51457317283,-4.85,7.4
47,2021,Out of work,178,243286.824133,81191.532797,2386470.0096,33.3727620007,4.76666666667,6.70833333333,1.13333333333,0.7,12,12,4.5,-4.76666666667,-6.70833333333,-0.51457317283,-4.85,7.4
47,2022,Employed,2214,2689224.30857,529190.704632,15640919.9446,19.6781913263,5.05,7.5,1.2,0.433333333333,12,12,3.4,-5.05,-7.5,-1.20645087747,-4.76666666667,4.5
47,2022,Out of work,180,221488.39311,74936.58107,2177624.30196,33.8331864789,5.05,7.5,1.2,0.433333333333,12,12,3.4,-5.05,-7.5,-1.20645087747,-4.76666666667,4.5
47,2023,Employed,2430,2715410.21266,516647.748881,16024794.6767,19.0265082776,4.34166666667,6.41666666667,1.16666666667,0.5,12,12,3.3,-4.34166666667,-6.41666666667,-1,-5.05,3.4
47,2023,Out of work,202,267914.278885,98171.6597366,2752537.79773,36.6429367427,4.34166666667,6.41666666667,1.16666666667,0.5,12,12,3.3,-4.34166666667,-6.41666666667,-1,-5.05,3.4
47,2025,Employed,2491,2959918.72663,498621.772221,15397177.9884,16.8457926813,3.70833333333,4.33333333333,1.23333333333,,12,11,3.5,-3.70833333333,-4.33333333333,,-4.09166666667,3.4
47,2025,Out of work,198,230629.051149,71472.201015,1986114.92076,30.9901118956,3.70833333333,4.33333333333,1.23333333333,,12,11,3.5,-3.70833333333,-4.33333333333,,-4.09166666667,3.4
48,2013,Employed,4477,10054899.2949,811143.665683,26709044.9734,8.06714857994,3.63333333333,3.13333333333,1.175,2.23333333333,12,12,6.3,-3.63333333333,-3.13333333333,1.15919859485,-3.7,6.7
48,2013,Out of work,487,1143417.58201,221621.972522,6762749.80507,19.3824177631,3.63333333333,3.13333333333,1.175,2.23333333333,12,12,6.3,-3.63333333333,-3.13333333333,1.15919859485,-3.7,6.7
48,2014,Employed,6021,10362343.4133,807450.066845,26297872.0006,7.79215699226,3.99166666667,3.59166666667,1.26666666667,1.56666666667,12,12,5.2,-3.99166666667,-3.59166666667,0.647698256069,-3.63333333333,6.3
48,2014,Out of work,517,964410.730708,123088.025912,3922976.61983,12.7630294845,3.99166666667,3.59166666667,1.26666666667,1.56666666667,12,12,5.2,-3.99166666667,-3.59166666667,0.647698256069,-3.63333333333,6.3
48,2015,Employed,5464,10529355.5137,913204.294429,29009782.4331,8.67293628033,4.11666666667,4.04166666667,1.36666666667,1.175,12,12,4.5,-4.11666666667,-4.04166666667,0.23266075679,-3.99166666667,5.2
48,2015,Out of work,529,1077075.74906,145161.444983,4932263.47378,13.4773663886,4.11666666667,4.04166666667,1.36666666667,1.175,12,12,4.5,-4.11666666667,-4.04166666667,0.23266075679,-3.99166666667,5.2
48,2016,Employed,4320,10784320.7292,841315.32238,29567011.287,7.80128246837,4.08333333333,4.225,1.275,1.175,12,12,4.6,-4.08333333333,-4.225,0.23266075679,-4.11666666667,4.5
48,2016,Out of work,351,1008997.09125,195918.236014,5961016.7055,19.4171259474,4.08333333333,4.225,1.275,1.175,12,12,4.6,-4.08333333333,-4.225,0.23266075679,-4.11666666667,4.5
48,2017,Employed,4611,10924357.83,1022447.16738,35110551.5654,9.35933428117,4.19166666667,3.675,1.34166666667,1.25833333333,12,12,4.4,-4.19166666667,-3.675,0.331514143717,-4.08333333333,4.6
48,2017,Out of work,414,1114813.54985,308310.516615,8494349.89769,27.6557920072,4.19166666667,3.675,1.34166666667,1.25833333333,12,12,4.4,-4.19166666667,-3.675,0.331514143717,-4.08333333333,4.6
48,2018,Employed,4599,11437029.1282,1082810.41612,36786932.1457,9.4675846672,4.575,4.14166666667,1.44166666667,1,12,12,3.9,-4.575,-4.14166666667,0,-4.19166666667,4.4
48,2018,Out of work,376,953151.581,181632.735036,5200362.11572,19.0560178104,4.575,4.14166666667,1.44166666667,1,12,12,3.9,-4.575,-4.14166666667,0,-4.19166666667,4.4
48,2019,Employed,4673,11441018.0645,1291873.51522,42396078.0312,11.2915957997,4.46666666667,4.3,1.3,0.85,12,12,3.5,-4.46666666667,-4.3,-0.234465253637,-4.575,3.9
48,2019,Out of work,446,1103807.53773,216405.006254,6800169.68621,19.6053205705,4.46666666667,4.3,1.3,0.85,12,12,3.5,-4.46666666667,-4.3,-0.234465253637,-4.575,3.9
48,2020,Employed,4783,11002593.1042,1368656.23378,43100910.0479,12.439396975,4.35833333333,3.73333333333,2.175,2.44166666667,12,12,7.7,-4.35833333333,-3.73333333333,1.28786625881,-4.46666666667,3.5
48,2020,Out of work,693,1564997.05974,280071.214934,9123720.07742,17.8959578991,4.35833333333,3.73333333333,2.175,2.44166666667,12,12,7.7,-4.35833333333,-3.73333333333,1.28786625881,-4.46666666667,3.5
48,2021,Employed,4802,11400535.8143,1456800.49857,48674725.8486,12.7783511433,4.71666666667,6.275,0.908333333333,0.983333333333,12,12,5.6,-4.71666666667,-6.275,-0.0242475462467,-4.35833333333,7.7
48,2021,Out of work,528,1333614.28881,291922.799659,8960464.02567,21.8895974727,4.71666666667,6.275,0.908333333333,0.983333333333,12,12,5.6,-4.71666666667,-6.275,-0.0242475462467,-4.35833333333,7.7
48,2022,Employed,6005,11065021.4006,1596739.27843,52457490.4905,14.4305123381,4.59166666667,6.85,0.833333333333,0.591666666667,12,12,3.9,-4.59166666667,-6.85,-0.757143476104,-4.71666666667,5.6
48,2022,Out of work,512,996595.304025,307182.433528,9114695.09476,30.8231869332,4.59166666667,6.85,0.833333333333,0.591666666667,12,12,3.9,-4.59166666667,-6.85,-0.757143476104,-4.71666666667,5.6
48,2023,Employed,4415,12284115.342,1882691.25828,60722053.005,15.3262258279,4.25833333333,5.4,1.01666666667,0.783333333333,12,12,4,-4.25833333333,-5.4,-0.352301743931,-4.59166666667,3.9
48,2023,Out of work,357,1087602.59486,314639.280615,8651747.46605,28.9296184196,4.25833333333,5.4,1.01666666667,0.783333333333,12,12,4,-4.25833333333,-5.4,-0.352301743931,-4.59166666667,3.9
48,2024,Employed,5674,12145620.1584,1735755.42945,57727841.4805,14.291204622,3.475,4.24166666667,0.975,1.03333333333,12,12,4.1,-3.475,-4.24166666667,0.0473057147784,-4.25833333333,4
48,2024,Out of work,546,1390508.31843,322965.899515,9836370.33895,23.2264629584,3.475,4.24166666667,0.975,1.03333333333,12,12,4.1,-3.475,-4.24166666667,0.0473057147784,-4.25833333333,4
48,2025,Employed,2630,11866680.0929,1857380.14311,57432601.7933,15.6520621485,3.275,4.05833333333,0.991666666667,,12,11,4.2,-3.275,-4.05833333333,,-3.475,4.1
48,2025,Out of work,283,1356284.59304,453516.514605,12335161.7323,33.4381527986,3.275,4.05833333333,0.991666666667,,12,11,4.2,-3.275,-4.05833333333,,-3.475,4.1
49,2013,Employed,6420,1176097.32933,101667.736139,3631253.90115,8.64450021298,3.775,2.85,1.475,1.56666666667,12,12,4.2,-3.775,-2.85,0.647698256069,-3.90833333333,4.8
49,2013,Out of work,490,106326.142297,24829.4896211,696831.070516,23.3521964445,3.775,2.85,1.475,1.56666666667,12,12,4.2,-3.775,-2.85,0.647698256069,-3.90833333333,4.8
49,2014,Employed,7880,1217631.34182,108521.339439,3812403.90345,8.91249557337,3.71666666667,3.45833333333,1.23333333333,1.08333333333,12,12,3.6,-3.71666666667,-3.45833333333,0.11547721742,-3.775,4.2
49,2014,Out of work,460,79057.3914025,16884.8002052,513778.939508,21.3576490517,3.71666666667,3.45833333333,1.23333333333,1.08333333333,12,12,3.6,-3.71666666667,-3.45833333333,0.11547721742,-3.775,4.2
49,2015,Employed,5895,1203688.83026,111329.162548,4009460.80985,9.24899855758,3.9,4,1.25,0.908333333333,12,12,3.5,-3.9,-4,-0.138706270832,-3.71666666667,3.6
49,2015,Out of work,315,69363.6380775,17797.4292904,496605.977564,25.6581543063,3.9,4,1.25,0.908333333333,12,12,3.5,-3.9,-4,-0.138706270832,-3.71666666667,3.6
49,2016,Employed,5285,1234678.63766,130889.191833,4318550.09568,10.6010736592,4.34166666667,4.09166666667,1.26666666667,0.808333333333,12,12,3.3,-4.34166666667,-4.09166666667,-0.306977753421,-3.9,3.5
49,2016,Out of work,292,73468.1486767,16577.1660126,495457.909864,22.5637453933,4.34166666667,4.09166666667,1.26666666667,0.808333333333,12,12,3.3,-4.34166666667,-4.09166666667,-0.306977753421,-3.9,3.5
49,2017,Employed,5348,1278907.61548,143463.894305,4713087.37646,11.2176902044,4.81666666667,4.30833333333,1.43333333333,0.741666666667,12,12,3.1,-4.81666666667,-4.30833333333,-0.431157164642,-4.34166666667,3.3
49,2017,Out of work,275,71801.9300657,19249.0379488,547081.74712,26.8085244104,4.81666666667,4.30833333333,1.43333333333,0.741666666667,12,12,3.1,-4.81666666667,-4.30833333333,-0.431157164642,-4.34166666667,3.3
49,2018,Employed,5576,1290295.10325,146460.846355,4939477.80052,11.350957311,5.2,4.90833333333,1.525,0.591666666667,12,12,2.9,-5.2,-4.90833333333,-0.757143476104,-4.81666666667,3.1
49,2018,Out of work,247,65281.4053013,19666.2172595,551876.363501,30.1252970409,5.2,4.90833333333,1.525,0.591666666667,12,12,2.9,-5.2,-4.90833333333,-0.757143476104,-4.81666666667,3.1
49,2019,Employed,6012,1361526.98918,176033.329251,5943594.96452,12.9291105244,4.575,4.90833333333,1.41666666667,0.508333333333,12,12,2.5,-4.575,-4.90833333333,-0.976153258046,-5.2,2.9
49,2019,Out of work,307,73240.6515728,22172.5514549,613009.776158,30.2735584389,4.575,4.90833333333,1.41666666667,0.508333333333,12,12,2.5,-4.575,-4.90833333333,-0.976153258046,-5.2,2.9
49,2020,Employed,5251,1341333.56623,196676.328651,6441824.19021,14.6627456139,4.58333333333,4.35833333333,2.075,1.15,12,12,4.8,-4.58333333333,-4.35833333333,0.20163386117,-4.575,2.5
49,2020,Out of work,417,106635.581852,31204.7941303,944639.557731,29.2630223311,4.58333333333,4.35833333333,2.075,1.15,12,12,4.8,-4.58333333333,-4.35833333333,0.20163386117,-4.575,2.5
49,2021,Employed,5346,1397161.32395,238756.419626,7496226.12051,17.0886794196,4.425,6.08333333333,0.825,0.466666666667,12,12,2.8,-4.425,-6.08333333333,-1.09953567355,-4.58333333333,4.8
49,2021,Out of work,318,84912.075096,29450.8760478,852134.818426,34.6839669323,4.425,6.08333333333,0.825,0.466666666667,12,12,2.8,-4.425,-6.08333333333,-1.09953567355,-4.58333333333,4.8
49,2022,Employed,4876,1391843.05022,234734.700088,7510650.81466,16.8650265596,4.56666666667,6.66666666667,0.9,0.35,12,12,2.4,-4.56666666667,-6.66666666667,-1.51457317283,-4.425,2.8
49,2022,Out of work,248,78411.6383834,23258.3322269,755896.854059,29.6618368222,4.56666666667,6.66666666667,0.9,0.35,12,12,2.4,-4.56666666667,-6.66666666667,-1.51457317283,-4.425,2.8
49,2023,Employed,5432,1431548.3584,231004.975447,7438247.1828,16.1367217594,3.9,5.625,1.06666666667,0.483333333333,12,12,2.7,-3.9,-5.625,-1.04890960048,-4.56666666667,2.4
49,2023,Out of work,317,86600.4900068,30523.893245,820142.720112,35.2467904542,3.9,5.625,1.06666666667,0.483333333333,12,12,2.7,-3.9,-5.625,-1.04890960048,-4.56666666667,2.4
49,2024,Employed,6286,1504590.6688,231738.773059,7576016.82921,15.4021142006,3.70833333333,4.35833333333,1.175,0.766666666667,12,12,3.3,-3.70833333333,-4.35833333333,-0.383328639552,-3.9,2.7
49,2024,Out of work,448,108496.322186,30688.5347393,857456.043949,28.2853225998,3.70833333333,4.35833333333,1.175,0.766666666667,12,12,3.3,-3.70833333333,-4.35833333333,-0.383328639552,-3.9,2.7
49,2025,Employed,5375,1531019.86421,225749.086188,7583077.68272,14.7450135341,3.575,3.975,1.16666666667,,12,11,3.6,-3.575,-3.975,,-3.70833333333,3.3
49,2025,Out of work,388,108398.863577,34875.8668472,1022539.12881,32.1736461956,3.575,3.975,1.16666666667,,12,11,3.6,-3.575,-3.975,,-3.70833333333,3.3
50,2013,Employed,3076,278988.320462,21178.522791,773556.449056,7.5911861672,3.64166666667,3.16666666667,1.7,1.575,12,12,4.4,-3.64166666667,-3.16666666667,0.655351828613,-3.73333333333,4.8
50,2013,Out of work,238,27160.2518961,6174.6686073,188632.169997,22.7342096492,3.64166666667,3.16666666667,1.7,1.575,12,12,4.4,-3.64166666667,-3.16666666667,0.655351828613,-3.73333333333,4.8
50,2014,Employed,3416,284315.432867,22357.7233142,810905.074655,7.86370373524,3.74166666667,3.5,1.525,1.225,12,12,3.9,-3.74166666667,-3.5,0.292781749228,-3.64166666667,4.4
50,2014,Out of work,228,22255.4437031,5076.6287918,167060.099633,22.8107282853,3.74166666667,3.5,1.525,1.225,12,12,3.9,-3.74166666667,-3.5,0.292781749228,-3.64166666667,4.4
50,2015,Employed,3282,282634.663494,24443.4861026,857390.776813,8.64843887173,4.14166666667,4.1,1.6,0.908333333333,12,12,3.5,-4.14166666667,-4.1,-0.138706270832,-3.74166666667,3.9
50,2015,Out of work,203,21004.6002819,5481.51703096,169557.883429,26.096745272,4.14166666667,4.1,1.6,0.908333333333,12,12,3.5,-4.14166666667,-4.1,-0.138706270832,-3.74166666667,3.9
50,2016,Employed,3123,285351.208244,27403.7836665,940182.595944,9.60352816979,4.15833333333,4.3,1.575,0.783333333333,12,12,3.1,-4.15833333333,-4.3,-0.352301743931,-4.14166666667,3.5
50,2016,Out of work,199,17220.4913051,4188.1504139,126350.032017,24.3207370783,4.15833333333,4.3,1.575,0.783333333333,12,12,3.1,-4.15833333333,-4.3,-0.352301743931,-4.14166666667,3.5
50,2017,Employed,2967,265822.264126,29961.6002604,1013607.00208,11.2712907472,4.275,4.575,1.625,0.691666666667,12,12,2.9,-4.275,-4.575,-0.531851164262,-4.15833333333,3.1
50,2017,Out of work,184,18635.8401322,4892.7829162,149284.687615,26.254694618,4.275,4.575,1.625,0.691666666667,12,12,2.9,-4.275,-4.575,-0.531851164262,-4.15833333333,3.1
50,2018,Employed,2903,271447.823084,28791.6916551,981797.892685,10.6067130427,4.23333333333,5,1.45,0.55,12,12,2.5,-4.23333333333,-5,-0.86249647625,-4.275,2.9
50,2018,Out of work,149,14455.9609921,3693.0310669,120052.127768,25.5467697299,4.23333333333,5,1.45,0.55,12,12,2.5,-4.23333333333,-5,-0.86249647625,-4.275,2.9
50,2019,Employed,2723,262938.479277,31734.172355,1089009.58609,12.069048411,4.175,4.85,1.475,0.475,12,12,2.1,-4.175,-4.85,-1.07400058144,-4.23333333333,2.5
50,2019,Out of work,144,16319.431085,5857.79170664,164928.107519,35.8945828204,4.175,4.85,1.475,0.475,12,12,2.1,-4.175,-4.85,-1.07400058144,-4.23333333333,2.5
50,2020,Employed,2790,263053.757763,33617.3517507,1111914.46658,12.7796508351,4.575,4.475,3.275,1.575,12,12,5.6,-4.575,-4.475,0.655351828613,-4.175,2.1
50,2020,Out of work,262,26340.9686167,7565.82247782,224796.294585,28.722643377,4.575,4.475,3.275,1.575,12,12,5.6,-4.575,-4.475,0.655351828613,-4.175,2.1
50,2021,Employed,3036,278680.798,42482.5045957,1386573.14239,15.2441448785,4.40833333333,6.975,1.15,0.55,12,12,3.5,-4.40833333333,-6.975,-0.86249647625,-4.575,5.6
50,2021,Out of work,201,20759.2630711,7892.8147343,244886.711912,38.0206884381,4.40833333333,6.975,1.15,0.55,12,12,3.5,-4.40833333333,-6.975,-0.86249647625,-4.575,5.6
50,2022,Employed,3890,272910.424017,42118.7708234,1408515.10549,15.4331850735,4.21666666667,7.24166666667,1.025,0.333333333333,12,12,2.3,-4.21666666667,-7.24166666667,-1.58496250072,-4.40833333333,3.5
50,2022,Out of work,187,15710.6278171,4871.2168047,132783.504496,31.0058697934,4.21666666667,7.24166666667,1.025,0.333333333333,12,12,2.3,-4.21666666667,-7.24166666667,-1.58496250072,-4.40833333333,3.5
50,2023,Employed,3292,274614.489255,44981.9684697,1456824.5087,16.3800419241,3.93333333333,5.6,1.16666666667,0.383333333333,12,12,1.9,-3.93333333333,-5.6,-1.38332863955,-4.21666666667,2.3
50,2023,Out of work,150,16447.5678111,4047.1288335,124419.080973,24.6062450083,3.93333333333,5.6,1.16666666667,0.383333333333,12,12,1.9,-3.93333333333,-5.6,-1.38332863955,-4.21666666667,2.3
50,2024,Employed,2859,276380.451195,42022.7424451,1394782.52262,15.2046724953,3.525,4.85833333333,1.275,0.525,12,12,2.3,-3.525,-4.85833333333,-0.929610672109,-3.93333333333,1.9
50,2024,Out of work,152,16360.3944531,5307.1862255,167371.030801,32.4392314667,3.525,4.85833333333,1.275,0.525,12,12,2.3,-3.525,-4.85833333333,-0.929610672109,-3.93333333333,1.9
50,2025,Employed,2572,270472.984752,47293.3433011,1500943.73562,17.4854221927,3.45833333333,4.54166666667,1.25,,12,11,2.7,-3.45833333333,-4.54166666667,,-3.525,2.3
50,2025,Out of work,148,18751.9688283,7991.8083782,209347.610128,42.6185028963,3.45833333333,4.54166666667,1.25,,12,11,2.7,-3.45833333333,-4.54166666667,,-3.525,2.3
51,2013,Employed,3998,3540077.13131,308661.826357,10247981.5837,8.71907065601,3.31666666667,3.29166666667,1.225,1.84166666667,12,12,5.5,-3.31666666667,-3.29166666667,0.881011963783,-3.35833333333,5.8
51,2013,Out of work,367,353942.185162,58844.1627233,1839869.26044,16.6253600702,3.31666666667,3.29166666667,1.225,1.84166666667,12,12,5.5,-3.31666666667,-3.29166666667,0.881011963783,-3.35833333333,5.8
51,2014,Employed,4333,3565164.26649,265909.815022,9421542.11603,7.45855717005,3.39166666667,3.80833333333,1.24166666667,1.475,12,12,5.1,-3.39166666667,-3.80833333333,0.560714954474,-3.31666666667,5.5
51,2014,Out of work,378,359647.621038,71371.7371729,2227694.27985,19.8449073476,3.39166666667,3.80833333333,1.24166666667,1.475,12,12,5.1,-3.39166666667,-3.80833333333,0.560714954474,-3.31666666667,5.5
51,2015,Employed,4133,3722140.87209,337457.728548,10964479.8724,9.06622667289,3.54166666667,4.24166666667,1.3,1.08333333333,12,12,4.4,-3.54166666667,-4.24166666667,0.11547721742,-3.39166666667,5.1
51,2015,Out of work,296,286930.082813,62240.8848429,1793653.1324,21.692003931,3.54166666667,4.24166666667,1.3,1.08333333333,12,12,4.4,-3.54166666667,-4.24166666667,0.11547721742,-3.39166666667,5.1
51,2016,Employed,4059,3600195.37991,316157.712136,10540454.3031,8.78168206927,3.31666666667,4.20833333333,0.925,1,12,12,4,-3.31666666667,-4.20833333333,0,-3.54166666667,4.4
51,2016,Out of work,246,214323.614518,62944.9094046,1781684.2696,29.3690966094,3.31666666667,4.20833333333,0.925,1,12,12,4,-3.31666666667,-4.20833333333,0,-3.54166666667,4.4
51,2017,Employed,4218,3580771.78975,342001.34965,11717572.7711,9.55105127419,3.725,4.59166666667,1.1,0.825,12,12,3.6,-3.725,-4.59166666667,-0.277533975529,-3.31666666667,4
51,2017,Out of work,321,256856.361373,63986.3457764,1962293.27082,24.9113338811,3.725,4.59166666667,1.1,0.825,12,12,3.6,-3.725,-4.59166666667,-0.277533975529,-3.31666666667,4
51,2018,Employed,4707,3664654.62353,383161.749337,13130318.267,10.4556032887,3.53333333333,4.71666666667,0.908333333333,0.675,12,12,3,-3.53333333333,-4.71666666667,-0.567040592724,-3.725,3.6
51,2018,Out of work,312,248763.754738,61443.305371,1715753.56052,24.6994605126,3.53333333333,4.71666666667,0.908333333333,0.675,12,12,3,-3.53333333333,-4.71666666667,-0.567040592724,-3.725,3.6
51,2019,Employed,4214,3522529.62445,410458.732655,13102551.7927,11.6523855415,3.975,5.15,1.175,0.55,12,12,2.8,-3.975,-5.15,-0.86249647625,-3.53333333333,3
51,2019,Out of work,284,265021.631209,65703.6772107,1964536.51279,24.7918167702,3.975,5.15,1.175,0.55,12,12,2.8,-3.975,-5.15,-0.86249647625,-3.53333333333,3
51,2020,Employed,3976,3454060.89754,365191.48066,12786326.875,10.5728153467,4.13333333333,4.85833333333,1.98333333333,1.50833333333,12,12,6.5,-4.13333333333,-4.85833333333,0.592955291475,-3.975,2.8
51,2020,Out of work,392,370192.464987,97257.4624343,2577518.49028,26.2721345335,4.13333333333,4.85833333333,1.98333333333,1.50833333333,12,12,6.5,-4.13333333333,-4.85833333333,0.592955291475,-3.975,2.8
51,2021,Employed,4162,3627856.39052,522606.995937,16917050.9099,14.4053937003,4.16666666667,6.56666666667,0.85,0.6,12,12,3.9,-4.16666666667,-6.56666666667,-0.736965594166,-4.13333333333,6.5
51,2021,Out of work,267,254565.742543,88435.317028,2625114.7344,34.7396771241,4.16666666667,6.56666666667,0.85,0.6,12,12,3.9,-4.16666666667,-6.56666666667,-0.736965594166,-4.13333333333,6.5
51,2022,Employed,4127,3566666.64509,597063.402875,18741011.039,16.740095509,4.25,7.34166666667,0.966666666667,0.383333333333,12,12,2.7,-4.25,-7.34166666667,-1.38332863955,-4.16666666667,3.9
51,2022,Out of work,266,258830.702424,77404.000725,2244261.96362,29.9052623974,4.25,7.34166666667,0.966666666667,0.383333333333,12,12,2.7,-4.25,-7.34166666667,-1.38332863955,-4.16666666667,3.9
51,2023,Employed,2531,3553899.32195,497786.451463,16819921.5777,14.0067685201,4.09166666667,6.35833333333,1.125,0.45,12,12,2.7,-4.09166666667,-6.35833333333,-1.15200309345,-4.25,2.7
51,2023,Out of work,160,228043.535793,72022.506965,2185328.92718,31.5827882227,4.09166666667,6.35833333333,1.125,0.45,12,12,2.7,-4.09166666667,-6.35833333333,-1.15200309345,-4.25,2.7
51,2024,Employed,2454,3559538.11451,502634.307757,16826007.3094,14.1207733023,3.45833333333,5.5,0.975,0.541666666667,12,12,2.9,-3.45833333333,-5.5,-0.88452278258,-4.09166666667,2.7
51,2024,Out of work,214,317612.075425,110703.802556,2821077.9761,34.855035788,3.45833333333,5.5,0.975,0.541666666667,12,12,2.9,-3.45833333333,-5.5,-0.88452278258,-4.09166666667,2.7
51,2025,Employed,1711,3515931.73568,569692.293559,18891056.9246,16.2031670802,3.35,4.84166666667,1.09166666667,,12,11,3.4,-3.35,-4.84166666667,,-3.45833333333,2.9
51,2025,Out of work,130,281831.990444,90401.0763289,2887576.0872,32.0762295957,3.35,4.84166666667,1.09166666667,,12,11,3.4,-3.35,-4.84166666667,,-3.45833333333,2.9
53,2013,Employed,4623,2781354.77601,226601.486617,8212702.60439,8.14716225962,2.85,2.76666666667,1.24166666667,2.70833333333,12,12,6.7,-2.85,-2.76666666667,1.43740531231,-3.1,8.5
53,2013,Out of work,605,411881.098862,82113.5695255,2554963.82722,19.9362315368,2.85,2.76666666667,1.24166666667,2.70833333333,12,12,6.7,-2.85,-2.76666666667,1.43740531231,-3.1,8.5
53,2014,Employed,4133,2837010.21876,238159.830599,8569055.41458,8.39474701305,3.325,3.025,1.15,2.19166666667,12,12,5.9,-3.325,-3.025,1.13202839368,-2.85,6.7
53,2014,Out of work,385,314492.654724,52828.072881,1675861.17466,16.7978717746,3.325,3.025,1.15,2.19166666667,12,12,5.9,-3.325,-3.025,1.13202839368,-2.85,6.7
53,2015,Employed,6437,2905919.66437,254460.191287,9108023.07454,8.75661479589,3.55,4.25833333333,1.2,1.4,12,12,5.5,-3.55,-4.25833333333,0.48542682717,-3.325,5.9
53,2015,Out of work,587,290525.698043,63556.4697765,1822059.68107,21.8763676345,3.55,4.25833333333,1.2,1.4,12,12,5.5,-3.55,-4.25833333333,0.48542682717,-3.325,5.9
53,2016,Employed,5959,3005338.74021,270316.455544,9716316.15637,8.99454201044,3.5,4.26666666667,1.125,1.31666666667,12,12,5.2,-3.5,-4.26666666667,0.396890152569,-3.55,5.5
53,2016,Out of work,487,260535.73591,61149.7045172,1717125.66475,23.4707550976,3.5,4.26666666667,1.125,1.31666666667,12,12,5.2,-3.5,-4.26666666667,0.396890152569,-3.55,5.5
53,2017,Employed,5515,2967345.47618,307264.831409,10359578.8221,10.3548721871,3.44166666667,3.80833333333,0.933333333333,1.325,12,12,4.7,-3.44166666667,-3.80833333333,0.405992359676,-3.5,5.2
53,2017,Out of work,464,270642.918483,68059.1385614,1990858.52538,25.1472083374,3.44166666667,3.80833333333,0.933333333333,1.325,12,12,4.7,-3.44166666667,-3.80833333333,0.405992359676,-3.5,5.2
53,2018,Employed,5219,3016962.52075,319317.508053,10916950.9825,10.5840727505,3.60833333333,4.36666666667,1.21666666667,1.09166666667,12,12,4.4,-3.60833333333,-4.36666666667,0.126532405929,-3.44166666667,4.7
53,2018,Out of work,433,273666.286662,66826.6986138,1990916.79904,24.4190467993,3.60833333333,4.36666666667,1.21666666667,1.09166666667,12,12,4.4,-3.60833333333,-4.36666666667,0.126532405929,-3.44166666667,4.7
53,2019,Employed,5397,3109120.82839,374576.50227,12640944.9056,12.0476663,3.9,4.48333333333,1.24166666667,1.00833333333,12,12,4.2,-3.9,-4.48333333333,0.0119726416661,-3.60833333333,4.4
53,2019,Out of work,386,250612.076252,73888.1624478,2039911.64517,29.4830814033,3.9,4.48333333333,1.24166666667,1.00833333333,12,12,4.2,-3.9,-4.48333333333,0.0119726416661,-3.60833333333,4.4
53,2020,Employed,5286,3008963.95535,373929.062681,12574805.7868,12.4271698907,3.98333333333,3.875,2.35833333333,2.86666666667,12,12,8.7,-3.98333333333,-3.875,1.51937415909,-3.9,4.2
53,2020,Out of work,705,435573.260458,99142.6144404,2937833.30421,22.7614097193,3.98333333333,3.875,2.35833333333,2.86666666667,12,12,8.7,-3.98333333333,-3.875,1.51937415909,-3.9,4.2
53,2021,Employed,5296,3165108.50621,464270.814964,15900839.4472,14.6684012271,3.88333333333,5.65833333333,0.75,1.06666666667,12,12,5.2,-3.88333333333,-5.65833333333,0.0931094043915,-3.98333333333,8.7
53,2021,Out of work,546,341353.366629,99217.1332862,2980687.99595,29.0658136072,3.88333333333,5.65833333333,0.75,1.06666666667,12,12,5.2,-3.88333333333,-5.65833333333,0.0931094043915,-3.98333333333,8.7
53,2022,Employed,10883,3121468.02912,500785.989464,15917971.7888,16.0432842749,3.85833333333,6.16666666667,0.933333333333,0.7,12,12,4.1,-3.85833333333,-6.16666666667,-0.51457317283,-3.88333333333,5.2
53,2022,Out of work,866,301883.311218,90464.0326765,2598535.82491,29.9665563861,3.85833333333,6.16666666667,0.933333333333,0.7,12,12,4.1,-3.85833333333,-6.16666666667,-0.51457317283,-3.88333333333,5.2
53,2023,Employed,11703,3242453.24804,509375.423687,16625015.6726,15.7095687962,3.06666666667,4.51666666667,0.975,1.01666666667,12,12,4.2,-3.06666666667,-4.51666666667,0.0238467419544,-3.85833333333,4.1
53,2023,Out of work,887,284704.527889,84995.1614727,2477175.86401,29.8538144451,3.06666666667,4.51666666667,0.975,1.01666666667,12,12,4.2,-3.06666666667,-4.51666666667,0.0238467419544,-3.85833333333,4.1
53,2024,Employed,10746,3232269.99039,507959.847786,16982204.1025,15.7152666484,3.06666666667,3.925,0.991666666667,1.24166666667,12,12,4.5,-3.06666666667,-3.925,0.312277924854,-3.06666666667,4.2
53,2024,Out of work,959,324602.334347,95169.8166062,2695900.91658,29.3188947016,3.06666666667,3.925,0.991666666667,1.24166666667,12,12,4.5,-3.06666666667,-3.925,0.312277924854,-3.06666666667,4.2
53,2025,Employed,7728,3212148.90545,495898.584397,16307708.3583,15.438219055,2.8,3.31666666667,0.925,,12,11,4.7,-2.8,-3.31666666667,,-3.06666666667,4.5
53,2025,Out of work,883,385499.834873,112454.023993,3321616.73463,29.1709655414,2.8,3.31666666667,0.925,,12,11,4.7,-2.8,-3.31666666667,,-3.06666666667,4.5
54,2013,Employed,2400,686144.346807,64900.3599807,2039323.19262,9.45870359244,3.95,3.15,1.44166666667,2.24166666667,12,12,6.7,-3.95,-3.15,1.16457176695,-3.74166666667,7.2
54,2013,Out of work,266,94027.4010636,24835.0943852,728786.165075,26.4126138809,3.95,3.15,1.44166666667,2.24166666667,12,12,6.7,-3.95,-3.15,1.16457176695,-3.74166666667,7.2
54,2014,Employed,2388,658682.718813,69777.0993587,2277566.90681,10.5934310049,4,3.41666666667,1.4,2.01666666667,12,12,6.5,-4,-3.41666666667,1.01197264167,-3.95,6.7
54,2014,Out of work,210,72603.0112403,15355.7447782,439849.508534,21.150286353,4,3.41666666667,1.4,2.01666666667,12,12,6.5,-4,-3.41666666667,1.01197264167,-3.95,6.7
54,2015,Employed,2358,644423.416804,66203.6342548,2088393.19018,10.2733129381,3.99166666667,3.775,1.26666666667,1.85,12,12,6.5,-3.99166666667,-3.775,0.887525270742,-4,6.5
54,2015,Out of work,240,79858.4293673,18999.6254792,547184.657935,23.791634308,3.99166666667,3.775,1.26666666667,1.85,12,12,6.5,-3.99166666667,-3.775,0.887525270742,-4,6.5
54,2016,Employed,2856,651505.308914,77456.3992539,2534298.93744,11.8888362373,3.89166666667,4,1.30833333333,1.60833333333,12,12,6.1,-3.89166666667,-4,0.68556644166,-3.99166666667,6.5
54,2016,Out of work,295,80279.4396916,21221.2754213,593678.522892,26.4342595101,3.89166666667,4,1.30833333333,1.60833333333,12,12,6.1,-3.89166666667,-4,0.68556644166,-3.99166666667,6.5
54,2017,Employed,2000,624585.128084,83848.1982359,2611677.40421,13.4246229162,4.45,4.49166666667,1.35833333333,1.23333333333,12,12,5.2,-4.45,-4.49166666667,0.30256277002,-3.89166666667,6.1
54,2017,Out of work,209,88676.7347685,22580.9174738,702271.383215,25.4643086856,4.45,4.49166666667,1.35833333333,1.23333333333,12,12,5.2,-4.45,-4.49166666667,0.30256277002,-3.89166666667,6.1
54,2018,Employed,1763,621549.965233,100988.353374,3044169.73243,16.2478254401,4.63333333333,4.98333333333,1.28333333333,1.08333333333,12,12,5.1,-4.63333333333,-4.98333333333,0.11547721742,-4.45,5.2
54,2018,Out of work,137,63110.0301775,20950.700095,611680.734347,33.197100423,4.63333333333,4.98333333333,1.28333333333,1.08333333333,12,12,5.1,-4.63333333333,-4.98333333333,0.11547721742,-4.45,5.2
54,2019,Employed,1750,609311.08925,101121.938105,3166693.39139,16.5961099164,4.41666666667,5.31666666667,1.375,0.958333333333,12,12,4.9,-4.41666666667,-5.31666666667,-0.0614005446641,-4.63333333333,5.1
54,2019,Out of work,155,64789.9028523,24603.1457862,690255.20598,37.9737346455,4.41666666667,5.31666666667,1.375,0.958333333333,12,12,4.9,-4.41666666667,-5.31666666667,-0.0614005446641,-4.63333333333,5.1
54,2020,Employed,2091,613348.57735,92359.0228336,2870632.05309,15.0581620704,4.80833333333,6.11666666667,2.34166666667,1.525,12,12,8.3,-4.80833333333,-6.11666666667,0.608809242676,-4.41666666667,4.9
54,2020,Out of work,233,79720.0128552,23889.6322597,743127.358524,29.9669197283,4.80833333333,6.11666666667,2.34166666667,1.525,12,12,8.3,-4.80833333333,-6.11666666667,0.608809242676,-4.41666666667,4.9
54,2021,Employed,2578,643605.32978,106508.714044,3312160.07266,16.5487619688,4.85833333333,7.4,1.075,0.75,12,12,5.1,-4.85833333333,-7.4,-0.415037499279,-4.80833333333,8.3
54,2021,Out of work,231,64377.2648226,23262.2741205,688375.439396,36.1343001828,4.85833333333,7.4,1.075,0.75,12,12,5.1,-4.85833333333,-7.4,-0.415037499279,-4.80833333333,8.3
54,2022,Employed,1835,642687.403209,132788.991472,4007571.74606,20.6615207967,5.09166666667,8.15833333333,1.03333333333,0.483333333333,12,12,3.9,-5.09166666667,-8.15833333333,-1.04890960048,-4.85833333333,5.1
54,2022,Out of work,151,57671.1627935,18875.5316377,548299.074862,32.7295839435,5.09166666667,8.15833333333,1.03333333333,0.483333333333,12,12,3.9,-5.09166666667,-8.15833333333,-1.04890960048,-4.85833333333,5.1
54,2023,Employed,1581,630053.357775,130311.835103,3924526.76276,20.6826665543,4.7,7.14166666667,1.13333333333,0.566666666667,12,12,3.9,-4.7,-7.14166666667,-0.819427754358,-5.09166666667,3.9
54,2023,Out of work,127,65991.9541284,21216.785365,631745.350255,32.1505638759,4.7,7.14166666667,1.13333333333,0.566666666667,12,12,3.9,-4.7,-7.14166666667,-0.819427754358,-5.09166666667,3.9
54,2024,Employed,2064,646337.120811,130182.713241,3904467.06428,20.1416117146,4.275,6.1,1.05833333333,0.683333333333,12,12,4.1,-4.275,-6.1,-0.54933859099,-4.7,3.9
54,2024,Out of work,155,62857.5961553,21531.3864135,638080.801957,34.2542313586,4.275,6.1,1.05833333333,0.683333333333,12,12,4.1,-4.275,-6.1,-0.54933859099,-4.7,3.9
54,2025,Employed,1519,638221.441474,115227.377097,3679727.68575,18.054450949,3.75,5.33333333333,0.975,,12,11,4.2,-3.75,-5.33333333333,,-4.275,4.1
54,2025,Out of work,121,62974.4560744,23753.3304144,716733.073806,37.7189925806,3.75,5.33333333333,0.975,,12,11,4.2,-3.75,-5.33333333333,,-4.275,4.1
55,2013,Employed,3068,2419715.51848,194071.668585,6789225.95017,8.02043327419,3.175,2.98333333333,1.1,2.40833333333,12,12,6.7,-3.175,-2.98333333333,1.26803508689,-3.525,6.9
55,2013,Out of work,279,247729.399907,56765.2630961,1677743.1211,22.9142213712,3.175,2.98333333333,1.1,2.40833333333,12,12,6.7,-3.175,-2.98333333333,1.26803508689,-3.525,6.9
55,2014,Employed,3321,2504476.33965,220985.382485,7711008.5829,8.82361629799,3.3,3.56666666667,1.26666666667,1.59166666667,12,12,5.3,-3.3,-3.56666666667,0.670538232427,-3.175,6.7
55,2014,Out of work,235,203549.543338,51654.3215583,1639014.58475,25.3767808618,3.3,3.56666666667,1.26666666667,1.59166666667,12,12,5.3,-3.3,-3.56666666667,0.670538232427,-3.175,6.7
55,2015,Employed,2965,2592982.13768,219254.216433,7679539.32688,8.45567785627,3.475,4.025,1.34166666667,1.13333333333,12,12,4.4,-3.475,-4.025,0.180572245642,-3.3,5.3
55,2015,Out of work,201,198410.947091,42710.6443973,1222837.24833,21.526354782,3.475,4.025,1.34166666667,1.13333333333,12,12,4.4,-3.475,-4.025,0.180572245642,-3.3,5.3
55,2016,Employed,2480,2543837.07474,242021.262671,8375410.55698,9.51402371931,3.53333333333,3.85,1.36666666667,1.05833333333,12,12,3.9,-3.53333333333,-3.85,0.0817940911636,-3.475,4.4
55,2016,Out of work,145,151015.340137,44458.9140954,1078060.65288,29.4399986485,3.53333333333,3.85,1.36666666667,1.05833333333,12,12,3.9,-3.53333333333,-3.85,0.0817940911636,-3.475,4.4
55,2017,Employed,2776,2526600.45262,255118.208088,8846712.15466,10.0972913159,3.45833333333,4.075,1.20833333333,0.825,12,12,3.3,-3.45833333333,-4.075,-0.277533975529,-3.53333333333,3.9
55,2017,Out of work,156,152077.30169,35520.4021117,1054571.07454,23.3568071743,3.45833333333,4.075,1.20833333333,0.825,12,12,3.3,-3.45833333333,-4.075,-0.277533975529,-3.53333333333,3.9
55,2018,Employed,2313,2452970.89388,279157.737025,8970744.01707,11.380393372,3.69166666667,4.76666666667,1.2,0.641666666667,12,12,3,-3.69166666667,-4.76666666667,-0.640104054914,-3.45833333333,3.3
55,2018,Out of work,136,154679.219078,44115.4075728,1386611.6147,28.5205781589,3.69166666667,4.76666666667,1.2,0.641666666667,12,12,3,-3.69166666667,-4.76666666667,-0.640104054914,-3.45833333333,3.3
55,2019,Employed,2116,2465272.0805,306540.301242,10307757.834,12.4343395468,3.675,4.9,1.025,0.641666666667,12,12,3.2,-3.675,-4.9,-0.640104054914,-3.69166666667,3
55,2019,Out of work,108,153069.059697,35066.545756,1002171.83561,22.9089705166,3.675,4.9,1.025,0.641666666667,12,12,3.2,-3.675,-4.9,-0.640104054914,-3.69166666667,3
55,2020,Employed,2257,2365537.11081,276941.814811,9529350.61646,11.7073544754,3.9,4.40833333333,2.21666666667,1.60833333333,12,12,6.4,-3.9,-4.40833333333,0.68556644166,-3.675,3.2
55,2020,Out of work,191,219292.59269,58909.1787651,1693442.38666,26.8632779806,3.9,4.40833333333,2.21666666667,1.60833333333,12,12,6.4,-3.9,-4.40833333333,0.68556644166,-3.675,3.2
55,2021,Employed,2637,2475285.71249,315893.075817,11193514.7833,12.7618833747,3.86666666667,6.125,0.775,0.658333333333,12,12,3.8,-3.86666666667,-6.125,-0.603109847431,-3.9,6.4
55,2021,Out of work,174,203287.724797,50345.6098536,1623740.50579,24.765691044,3.86666666667,6.125,0.775,0.658333333333,12,12,3.8,-3.86666666667,-6.125,-0.603109847431,-3.9,6.4
55,2022,Employed,4614,2419479.54701,379669.824471,12318775.6168,15.6922105392,3.75833333333,7.05833333333,0.891666666667,0.391666666667,12,12,2.8,-3.75833333333,-7.05833333333,-1.35230174393,-3.86666666667,3.8
55,2022,Out of work,303,173586.379209,59200.8232491,1647603.73529,34.1045325786,3.75833333333,7.05833333333,0.891666666667,0.391666666667,12,12,2.8,-3.75833333333,-7.05833333333,-1.35230174393,-3.86666666667,3.8
55,2023,Employed,4614,2407031.27419,365706.437899,11950764.3181,15.1932565987,3.48333333333,6.025,1.00833333333,0.466666666667,12,12,2.8,-3.48333333333,-6.025,-1.09953567355,-3.75833333333,2.8
55,2023,Out of work,323,174251.088424,42435.3539116,1318737.19868,24.3529921651,3.48333333333,6.025,1.00833333333,0.466666666667,12,12,2.8,-3.48333333333,-6.025,-1.09953567355,-3.75833333333,2.8
55,2024,Employed,4470,2387890.32,418837.700969,12874846.7486,17.5400728191,3.23333333333,4.54166666667,0.933333333333,0.658333333333,12,12,3,-3.23333333333,-4.54166666667,-0.603109847431,-3.48333333333,2.8
55,2024,Out of work,369,194070.224881,64348.7235154,1725060.42311,33.1574426498,3.23333333333,4.54166666667,0.933333333333,0.658333333333,12,12,3,-3.23333333333,-4.54166666667,-0.603109847431,-3.48333333333,2.8
55,2025,Employed,3801,2398787.86859,380563.458699,12134384.253,15.8648233836,3.14166666667,4.00833333333,1.03333333333,,12,11,3.2,-3.14166666667,-4.00833333333,,-3.23333333333,3
55,2025,Out of work,292,190203.722377,50068.5558132,1531145.38605,26.3236466603,3.14166666667,4.00833333333,1.03333333333,,12,11,3.2,-3.14166666667,-4.00833333333,,-3.23333333333,3
56,2013,Employed,2578,248347.450933,20491.8397304,692827.537053,8.25127846226,4.625,3.425,1.90833333333,1.38333333333,12,12,4.7,-4.625,-3.425,0.468148835738,-4.60833333333,5.4
56,2013,Out of work,188,20260.2513331,4808.8389371,141283.121176,23.7353370303,4.625,3.425,1.90833333333,1.38333333333,12,12,4.7,-4.625,-3.425,0.468148835738,-4.60833333333,5.4
56,2014,Employed,2373,258298.650282,20598.3605324,691460.234431,7.97462956541,4.69166666667,3.98333333333,1.65,1.075,12,12,4.4,-4.69166666667,-3.98333333333,0.104336659815,-4.625,4.7
56,2014,Out of work,136,16471.2928707,3848.0727577,118753.48879,23.3622994133,4.69166666667,3.98333333333,1.65,1.075,12,12,4.4,-4.69166666667,-3.98333333333,0.104336659815,-4.625,4.7
56,2015,Employed,2039,249250.8504,25735.6187616,809218.088273,10.3251879463,4.675,4.21666666667,1.925,0.991666666667,12,12,4.2,-4.675,-4.21666666667,-0.0120728323006,-4.69166666667,4.4
56,2015,Out of work,132,19573.1291324,5384.6530675,144914.262858,27.5104355112,4.675,4.21666666667,1.925,0.991666666667,12,12,4.2,-4.675,-4.21666666667,-0.0120728323006,-4.69166666667,4.4
56,2016,Employed,1817,247194.854911,23197.657093,739453.639949,9.38436081178,4.76666666667,4.20833333333,1.68333333333,1.26666666667,12,12,5.3,-4.76666666667,-4.20833333333,0.341036917835,-4.675,4.2
56,2016,Out of work,124,21314.0561703,6552.38902712,156637.689339,30.7421026517,4.76666666667,4.20833333333,1.68333333333,1.26666666667,12,12,5.3,-4.76666666667,-4.20833333333,0.341036917835,-4.675,4.2
56,2017,Employed,1946,251231.711097,22606.6105896,790202.164506,8.99831095801,4.81666666667,4.5,1.44166666667,0.991666666667,12,12,4.3,-4.81666666667,-4.5,-0.0120728323006,-4.76666666667,5.3
56,2017,Out of work,137,19239.5112683,4761.9979741,142479.439291,24.7511379457,4.81666666667,4.5,1.44166666667,0.991666666667,12,12,4.3,-4.81666666667,-4.5,-0.0120728323006,-4.76666666667,5.3
56,2018,Employed,1800,243228.499767,25442.3853058,840131.00751,10.4602813117,5,5.225,1.54166666667,0.758333333333,12,12,4.1,-5,-5.225,-0.39909595541,-4.81666666667,4.3
56,2018,Out of work,88,13231.695407,3072.1911867,89195.7744456,23.2184243379,5,5.225,1.54166666667,0.758333333333,12,12,4.1,-5,-5.225,-0.39909595541,-4.81666666667,4.3
56,2019,Employed,1671,237910.777555,28355.6787855,893420.80476,11.9186188524,5.14166666667,5.55833333333,1.66666666667,0.633333333333,12,12,3.7,-5.14166666667,-5.55833333333,-0.658963082165,-5,4.1
56,2019,Out of work,90,14702.894386,2775.1960449,99661.6705307,18.8751681951,5.14166666667,5.55833333333,1.66666666667,0.633333333333,12,12,3.7,-5.14166666667,-5.55833333333,-0.658963082165,-5,4.1
56,2020,Employed,1659,236425.730115,27662.8370919,923841.422079,11.7004342456,4.975,4.60833333333,2.76666666667,1.5,12,12,5.9,-4.975,-4.60833333333,0.584962500721,-5.14166666667,3.7
56,2020,Out of work,96,16742.3982917,4266.7975602,112824.421868,25.4849842051,4.975,4.60833333333,2.76666666667,1.5,12,12,5.9,-4.975,-4.60833333333,0.584962500721,-5.14166666667,3.7
56,2021,Employed,1474,231752.955539,31098.6166225,988567.474629,13.4188651662,5.36666666667,7.01666666667,1.24166666667,0.633333333333,12,12,4.5,-5.36666666667,-7.01666666667,-0.658963082165,-4.975,5.9
56,2021,Out of work,103,16806.2466149,5126.2165803,143602.549269,30.5018526609,5.36666666667,7.01666666667,1.24166666667,0.633333333333,12,12,4.5,-5.36666666667,-7.01666666667,-0.658963082165,-4.975,5.9
56,2022,Employed,1594,234686.097903,34830.5624063,1119047.98421,14.8413402913,5.46666666667,7.61666666667,1.33333333333,0.433333333333,12,12,3.4,-5.46666666667,-7.61666666667,-1.20645087747,-5.36666666667,4.5
56,2022,Out of work,91,14077.1364874,3552.6420239,94105.8499585,25.2369651106,5.46666666667,7.61666666667,1.33333333333,0.433333333333,12,12,3.4,-5.46666666667,-7.61666666667,-1.20645087747,-5.36666666667,4.5
56,2023,Employed,1564,237046.490382,33683.0923196,1125453.06388,14.2094878795,4.58333333333,6.09166666667,1.19166666667,0.45,12,12,2.9,-4.58333333333,-6.09166666667,-1.15200309345,-5.46666666667,3.4
56,2023,Out of work,93,15957.2241344,4149.2804206,121384.529426,26.0025201479,4.58333333333,6.09166666667,1.19166666667,0.45,12,12,2.9,-4.58333333333,-6.09166666667,-1.15200309345,-5.46666666667,3.4
56,2024,Employed,1636,246543.96153,36938.5485958,1194615.4509,14.9825403821,4.5,5.13333333333,1.325,0.566666666667,12,12,3.1,-4.5,-5.13333333333,-0.819427754358,-4.58333333333,2.9
56,2024,Out of work,102,16302.3265474,5580.8084205,147799.930744,34.2332022627,4.5,5.13333333333,1.325,0.566666666667,12,12,3.1,-4.5,-5.13333333333,-0.819427754358,-4.58333333333,2.9
56,2025,Employed,1482,238400.116137,45560.643177,1376499.41315,19.1109987341,4.34166666667,4.64166666667,1.25833333333,,12,11,3.4,-4.34166666667,-4.64166666667,,-4.5,3.1
56,2025,Out of work,90,16368.1917761,5303.3293038,135811.129858,32.4002148578,4.34166666667,4.64166666667,1.25833333333,,12,11,3.4,-4.34166666667,-4.64166666667,,-4.5,3.1
